entity_id,name,asset_class,liquidity_band,horizon_years,tech_enabled,tier,confidence,website,exit_quote,audit_flag,source_note,country,allocator,evidence_signal,liquidity_evidence_url,liquidity_evidence_note
pemba-capital,Pemba Capital Partners,Under Review,,,yes,in_disguise,med,https://pemba.com.au/hunt-camels-rather-than-unicorns/,"We've helped founders of our tech camels accelerate the growth of their organisations and achieve some incredible business outcomes like ASX listings, international expansion, transformational acquisitions, etc.","special_note followed: verified real Australian PE firm (not just a blog page); explicit anti-unicorn message + tech focus + allocator all present, but stated model is growth PE for bootstrapped mid-market companies, not an early-stage fund - owner should rule on whether growth PE belongs in the atlas; needs_review: final class placement","REAUDIT-FLAG: main page = standard Australian mid-market PE ($2b funds, 'liquidity for shareholders', 200+ buy&build). Admitted off a one-off 'hunt camels rather than unicorns' BLOG, not firm position | 2026-07-02 user-directed -> Under Review; borderline: admitted off one-off 'hunt camels not unicorns' blog, not firm positioning; kept, unplaced | audited 2026-07-02: https://pemba.com.au/hunt-camels-rather-than-unicorns/",Australia,yes,"Describes itself as 'a leading investor in high-growth, entrepreneurial businesses' providing 'equity capital for growth, strategic support for accelerated scaling and liquidity for shareholders', and in its blog as a tech investor that backs 'founder-owned tech businesses that have been bootstrapped', preferring camels over unicorns.",,
bigfoot-capital,Bigfoot Capital,Under Review,,,yes,verified,low,https://bigfootcap.com/,growth at all costs and the associated hyperfunding.' Strict self_id. Non-dilutive SaaS lender,needs_review: homepage JS-thin (only tagline fetched) and /about returned 404 - special_note asked to confirm RBF-lender status from page and that was NOT possible this session; lender status and Denver HQ rest on third-party profiles; allocator=true on lender-deploys-own-capital reading (YouLend precedent) but unconfirmed on-site,"Non-dilutive SaaS lender | 2026-07-02 user-directed -> Under Review; revenue-based lender (non-dilutive); return = loan repayment, not a company exit | audited 2026-07-02: https://bigfootcap.com/",United States,yes,"Only self-description retrievable from the site was the tagline 'The Solution to Your Dilution'; third-party profiles describe $1-5M non-dilutive loan facilities for B2B SaaS companies with $1.5M+ ARR (60+ companies funded, 0% cap table taken).",,
calm-company-fund,Calm Company Fund,Permanent,Permanent,,yes,anchor,med,https://calmfund.com/,We invest early in profitable businesses that want to maximize their chances of success and build for the long-term.,fund is PAUSED - homepage banner reads 'Calm Fund is taking a break'; Permanent classification rests on SEAL structure + long-term language rather than an explicit no-exit statement,"SEAL non-dilutive (anchor) | 2026-07-02 user-directed reclass Nimble->Permanent (no-exit signal, tie-break) | audited 2026-07-02: https://calmfund.com/",United States,yes,"Describes itself as 'An ecosystem of founders and funders of profitable, sustainable, calm businesses' and 'an investment firm that backs companies that do not risk survival for growth', investing early via its Shared Earnings Agreement with a software/bootstrapper portfolio.",,
indie-vc,Indie.vc,Nimble,Nimble,,yes,anchor,low,https://www.indie.vc/facts,Revenue-based seed terms (anchor),"needs_review: no stated horizon/exit path - Nimble placement unverified from current site; relaunched model uses plain SAFEs/equity, a departure from the original indie.vc revenue-share buyback terms the atlas may have classified on; also runs 'indieXL' buying secondary shares from profitable founders; SMV/Nimble reconciliation pending with thesis owner",Revenue-based seed terms (anchor) | audited 2026-07-02: https://www.indie.vc/facts,United States,yes,"Describes itself as 'typically the first investor on a startup's cap table' with checks of $250k-$2M via 'SAFEs or equity. No fancy terms, paybacks, or earn outs', 'decidedly generalist and founder-focused', and 'more A24 than a16z'.",,
lighter-capital,Lighter Capital,Under Review,SMV,3-4,yes,anchor,high,https://lightercapital.com/,Revenue-based lender (anchor),"special_note confirmed from page: revenue-based/non-dilutive LENDER (return = repayment, 'Longer payback terms (up to 4 years)' is a debt term, not a liquidity horizon); /about-us returned 404 so HQ taken from third-party sources | 2026-07-07 band fill: liquidity_band=SMV, horizon 3-4y from first-party FAQ (revenue-based repayment, 1.3-1.5x cap); asset_class ruling still pending.","Revenue-based lender (anchor) | 2026-07-02 user-directed -> Under Review; revenue-based lender (non-dilutive); return = loan repayment, not a company exit | audited 2026-07-02: https://lightercapital.com/",United States,yes,"Describes itself as founder-friendly, non-dilutive startup financing purpose-built for SaaS: 'Get up to $10M in founder-friendly financing that fits your business. No equity, board seats, or personal guarantees' and 'SaaS Is Our Specialty'.",https://www.lightercapital.com/faq,"first-party FAQ: ""you pay a fixed percentage of topline revenue until the total repayment cap is reached. The repayment cap varies between 1.3-1.5X the funded amount""; RBF terms typically 3y, up to 4y. Band filled 2026-07-07 (asset_class still Under Review)."
4d-ventures,4D Ventures,Permanent,Permanent,,yes,verified,high,https://www.4d.ventures/investment-thesis,"We are investing our own money; hence, we have no exit pressure. By contrast, ideally, we want to stay on board as long as possible","country ambiguous within Benelux: 'BV' legal form exists in both Netherlands and Belgium; core markets stated as 'Benelux and the UK' - needs_review only for HQ country, classification is clean","2026-06-06 re-grounded UPGRADE in_disguise->self_id: Tier1 verbatim on /investment-thesis 'investing our own money; hence we have no exit pressure ... stay on board as long as possible ... very long r | 2026-07-02 user-directed reclass Nimble->Permanent (no-exit signal, tie-break) | audited 2026-07-02: https://www.4d.ventures/investment-thesis",Netherlands,yes,"Describes itself as four entrepreneur-partners 'backing founders with a unique vision', investing their own money as patient capital in late-seed (>25K MRR) B2B SaaS, explicitly not for 'blitz-scalers' or founders who 'want to make a quick buck'.",,
buentrip-ventures,BuenTrip Ventures,SMV,SMV,,yes,in_disguise,med,https://www.buentrip.vc/blog/navigatingventurecapital,"In 2024, the average LATAM IPO is valued at $50.82M, much less than the US average of $236M.","PROPOSAL ONLY (SMV<->Nimble line pending owner reconciliation): sub-unicorn outcomes + longer-than-US liquidity timelines fit SMV better than Nimble's fast-exit definition; evidence source is a blog post, not a thesis page; no numeric horizon stated so band=SMV is inferred from outcome-size evidence | owner-ruling 2026-07-03: SMV (from Nimble) per sub-unicorn/slower-liquidity evidence","2026-06-06 re-grounded: S1 verbatim confirmed on own blog ""'Camels' rather than 'Unicorns' ... prioritize sustainable growth ... discipline and resourcefulness"". | audited 2026-07-02: https://www.buentrip.vc/blog/navigatingventurecapital",Ecuador,yes,"Describes itself as Ecuadorian entrepreneurs investing in LatAm B2B digital-transformation startups through 'Early Ownership at Attractive Valuations', capital efficiency, and community building, explicitly rejecting the Silicon Valley unicorn playbook for the region.",,
buyback-ventures,BuyBack Ventures,Nimble,Nimble,5+,yes,verified,med,https://buyback.vc/,"After year five, we like to have founders buy back equity on a consistent basis at least up to 1x.","buyback/redemption model = liquidity WITHOUT an exit, fits neither SMV nor Nimble cleanly (Nimble retained on ~year-5 buyback cadence, 'Expected Return: 1-5x + 2-5%'); largely industry-agnostic though it names AI agent/marketplace-plugin/add-on products; new firm (2025, JV of Keshif Ventures + Crescent Ridge per third-party)",Redeemable equity (profits buy back equity) | audited 2026-07-02: https://buyback.vc/,United States,yes,"Describes itself as 'an investment program operated by aligned family offices' investing in 'bootstrapped or lightly funded companies that want capital without giving up control forever', on 'a mission to build an alternative startup ecosystem that works for entrepreneurs building stable, profitable companies'.",https://buyback.vc/,homepage
camel-ventures-egypt,Camel Ventures,Nimble,Nimble,,yes,in_disguise,low,https://www.camel.ventures/,We believe in Camels (not only potential Unicorns) – the embodiment of the character,"needs_review: no stated liquidity horizon - Nimble band cannot be evidenced from the site; dual-instrument firm (venture DEBT + VC equity): the debt side returns via repayment, which under the lender rule could argue for partial Under Review treatment",2026-06-06 re-grounded: S1 verbatim confirmed on homepage 'We believe in Camels (not only potential Unicorns)'. | audited 2026-07-02: https://www.camel.ventures/,Egypt,yes,"Describes itself as 'The Pioneering Venture Debt and Venture Capital Partner for FinTech and FinTech-enabling Startups in Egypt', offering 'diverse investment instruments' as an 'alternative financing source', with the camel as the embodiment of what it looks for in startups.",,
d2-fund,D2 Fund,Nimble,Unknown,,yes,verified,low,https://d2.fund/,,"needs_review: no stated liquidity horizon or exit model on site - Nimble class rests on capital-efficiency ethos only; smaller-market criterion also unevidenced (UK & Europe B2B) | 2026-07-07 band research (Sifted launch article, third-party): D2's 'Hero' instrument is revenue-based financing - ~5% of revenue for 5y if the founder opts out of raising - with explicit sub-unicorn framing ('half the portfolio makes 1-2x... we don't need the next Google'). This points to an SMV-style band, which CONFLICTS with the committed asset_class=Nimble; band left Unknown pending owner reconciliation of class vs band.",Capital-efficient equity -> Nimble (2026-06-03 ruling; SMV reserved for non-capital-efficient venture-scale) | audited 2026-07-02: https://d2.fund/,United Kingdom,yes,"Describes itself as 'Funding capital-efficient software businesses' in B2B software, favoring 'companies that can demonstrate a tangible ROI for their product' and prioritizing 'sustainable compounding growth' over fundraising milestones.",,
golden-section,Golden Section,Nimble,Nimble,,yes,verified,med,https://www.goldensection.com/,"Founders who are building toward a meaningful strategic exit at $5–15M An. Rev., not an IPO at $500M An. Rev.",no explicit exit timing stated (exit-size evidence only) — Nimble vs SMV boundary pending owner reconciliation,Capital-efficient equity -> Nimble (2026-06-03 ruling; SMV reserved for non-capital-efficient venture-scale) | audited 2026-07-02: https://www.goldensection.com/,United States,yes,Describes itself as backing capital-efficient B2B vertical SaaS founders building lasting companies rather than chasing the next round; minority growth equity with $1M-$5M initial checks and a stated preference for burn multiples below 2x.,,
gorilla-capital,Gorilla Capital,Nimble,Unknown,,yes,anchor,med,https://gorillacapital.fi/,"always built with the realistic positive exit in mind, regardless the size","camel metaphor is a startup metaphor not a fund class (Ethan 2026-06-07); no explicit exit timing stated so band left Unknown | 2026-07-07 band research (firm-authored ArcticStartup article, 'By Gorilla Capital'): designs for sub-unicorn exits ('median exit ~EUR15M... build a cap table that works even if the exit lands at EUR15M') AND explicitly rejects engineered exit timing ('not one that needs to sell in two years or die trying') - i.e. SMV-style, NOT Nimble's <=6y engineered liquidity. Points to SMV band, CONFLICTS with asset_class=Nimble; band left Unknown pending owner reconciliation.",Capital-efficient equity -> Nimble (2026-06-03 ruling; SMV reserved for non-capital-efficient venture-scale) | audited 2026-07-02: https://gorillacapital.fi/,Finland,yes,"Self-describes as 'The Nordic Institutional Super Angel' investing in camels — capital-efficient, tech-enabled startups solving real business problems — typically before product-market fit, with milestone-tied funding and premature scaling avoided.",,
hasan-vc,HASAN.VC,Nimble,Nimble,,yes,verified,med,https://hasan.vc/shariah-compliant-investing-in-start-ups-with-the-camel-framework/,HASAN.VC prioritizes the cultivation of Camel startups over the pursuit of speculative Unicorns. Hand-verified,needs_review: proposed Nimble->Impact Capital for owner review; country inferred from own-site Kota Bharu studio reference; hybrid structure (fund + accelerator + venture studio) | owner-ruling 2026-07-03: KEEP Nimble (Impact proposal rejected; camel capital-efficiency primary),Capital-efficient equity -> Nimble (2026-06-03 ruling; SMV reserved for non-capital-efficient venture-scale) | audited 2026-07-02: https://hasan.vc/shariah-compliant-investing-in-start-ups-with-the-camel-framework/,Malaysia,yes,"Describes itself as a 'People-Powered VC Fund for a Better Tomorrow' investing in companies driven by ethics and purpose, grooming ethical entrepreneurs building Camel Startups; Fund 1 targets 40-50 startups fed by its own virtual accelerator and venture studio.",,
henq,henQ,Nimble,Unknown,,yes,in_disguise,med,https://www.henq.vc/,,€10M tickets + 60M ARR trajectory may fit SMV better than Nimble — held per SMV/Nimble reconciliation freeze; HQ from third-party LinkedIn,2026-06-06 re-grounded: S3 verbatim confirmed 'build a sustainable business without ever raising VC funding again'. | audited 2026-07-02: https://www.henq.vc/,Netherlands,yes,"Describes itself as 'the venture capital fund for B2B startups' backing European founders with initial tickets up to €10M, targeting markets considered 'too boring' or atypical, and claims its companies use less funding and dilute less to reach 60M ARR than average VC-backed businesses.",,
iolar-ventures,Iolar Ventures,Nimble,Nimble,,yes,verified,med,https://iolar.vc/,apital.' Allocator: equity into early-stage software. Strict self_id (camel-VC). Capital-efficient equity -> Nimble (2026-06-03 ruling; SMV,no explicit exit timing stated — band Nimble retained on capital-efficiency/small-outcome evidence; HQ from third-party Crunchbase,Capital-efficient equity -> Nimble (2026-06-03 ruling; SMV reserved for non-capital-efficient venture-scale) | audited 2026-07-02: https://iolar.vc/,United States,yes,"Describes itself as 'an artisanal venture capital firm' investing $1-3M initially in early-stage information technology companies (mobile- and cloud-delivered software), purposefully keeping funds small and targeting companies that require $10M or less in total venture capital.",,
kickstart,Kickstart,Nimble,Unknown,,yes,provenance,med,https://kickstart.com/,,"needs_review: no non-unicorn/anti-power-law thesis on site — gate false-positive candidate, proposed Excluded-Traditional; sector-generalist (SaaS emphasis but portfolio spans healthcare/media) | owner-ruling 2026-07-03: KEEP Nimble (Excluded-Traditional proposal rejected)",Capital-efficient equity -> Nimble (2026-06-03 ruling; SMV reserved for non-capital-efficient venture-scale) | audited 2026-07-02: https://kickstart.com/about,United States,yes,"Describes itself as the Mountain West's first seed fund, leading pre-seed/seed and occasional Series A rounds, underwriting 'elite founders wherever they are building' across the innovation stack with a regional Utah/Colorado/Mountain West focus.",,
startup-ignition-ventures,Startup Ignition Ventures,SMV,Unknown,,yes,verified,med,https://www.startupignition.com/ventures/,,elephant metaphor is a startup metaphor not a fund class (Ethan 2026-06-07); no stated liquidity horizon — SMV timing dimension unverified; also operates a bootcamp and software toolsuite alongside the fund,2026-06-06 operator-directed: upgraded to self_id (on-page Elephants-not-Unicorns) + reclassified Nimble->SMV per Ethan ($250-500M acquisition outcomes). Page says 'capital-efficient' (why prior Nimbl | audited 2026-07-02: https://www.startupignition.com/ventures/,United States,yes,"Describes itself as a pre-seed fund ($20M Fund I, $100K-$1M checks, Software & AI, 23+ portfolio companies) backing founders with real customer signal and disciplined execution, positioned as 'Elephants, Not Unicorns' against VCs that chase unicorns.",,
sts-ventures,STS Ventures,Nimble,Nimble,,yes,in_disguise,low,https://sts-ventures.de/about,"chieve capital-efficient, sustainable growth. IN-DISGUISE (Tier 2, S1 camel branding + S2 capital-efficiency preference). Hand-verified on E",needs_review: thin thesis evidence — only revenue/cost-discipline language; Nimble class and band retained but unconfirmed,2026-06-06 re-grounded: S3 verbatim confirmed on /about 'we seek for teams who generate revenues while managing their cost structure'. | audited 2026-07-02: https://sts-ventures.de/about,Germany,yes,"Describes itself as investing €200k-€1m initially (up to €5m total per company) in exceptional teams in the DACH region, preferring to be among the first investors and seeking teams that generate revenues while managing their cost structure; references 'disruptive internet companies'.",,
tinyseed,TinySeed,Nimble,Nimble,,yes,anchor,high,https://tinyseed.com/,"TinySeed Fund 1 Returns Over 100% of Capital in 6 Years, With Most of the Upside Still to Come","remote-first — US HQ via third-party LinkedIn; capital-deploying accelerator (allocator, YouLend-style double-check passed); 6-year figure is realized Fund 1 performance, not a stated target horizon",Micro/capital-efficient accelerator-fund (equity); could be SMV | audited 2026-07-02: https://tinyseed.com/,United States,yes,"Describes itself as the first B2B SaaS accelerator for ambitious bootstrapped founders, offering 'the perfect amount of funding' without the pressure to build a unicorn, positioned as 'SaaS Investing Without the Unicorn-or-Bust Playbook' delivering 'Venture Returns with Less Than Venture Risk'.",,
upsidedown-vc,UpsideDown VC,Nimble,Nimble,5,yes,in_disguise,med,https://www.upsidedown.vc/,the Future Earnings Agreement is considered repaid when the founder has paid back 1.5 times the amount of funding taken from the Investor within 5 years,"needs_review: CFEA is part income-share agreement — borders the revenue-based-lender Under Review rule but retains equity conversion/upside so kept Nimble pending owner call; tech focus not explicit (sector-agnostic early-stage, portfolio appears tech-enabled)",2026-06-06 re-grounded (workflow agent was cost-hook-halted; recovered inline): anti-unicorn-model + S3 verbatim 'unicorn growth model. But there are plenty of phenomenal businesses ... who do not fit | audited 2026-07-02: https://www.upsidedown.vc/,United Kingdom,yes,"Describes itself as backing ambitious founders at the Friends & Family-to-Seed stage 'without throwing 99% of our bets to the wind', using equity plus 'beatable debt' (Convertible Future Earnings Agreement) so founders can retain 100% ownership and pursue either venture-scale growth or a profitable smaller business.",https://upsidedownvc.substack.com/p/cfea-q-and-a,official Substack
capacity-capital,Capacity Capital,Under Review,Nimble,,yes,in_disguise,med,https://www.capacity.is/,"not find detail. Per F4.fund third-party profile: Chattanooga solo-GP revenue-based fund (Jonathan Bragdon), Indie.vc-inspired redeemable eq",owner-ruling 2026-07-03: Under Review (RBF repayment-return question; impact signals noted); website updated to capacity.is,"2026-06-06 re-grounded: UNVERIFIABLE (own page returns empty body, confirmed 2x). No on-page signal. Recommend remove or browser-verify. | audited 2026-07-02: https://www.capacity.is/",United States,yes,"Describes itself as 'Backing obsessed founders creating high-growth, cash-efficient ventures' with early-stage risk capital biased to the Southeast US, highlighting that 64% of its portfolio companies are led by women, founders of color, or veterans and that targets are high-margin with line-of-sight to break-even in 12-18 months.",,
alexandria-capital,Alexandria Capital,Permanent,Permanent,,yes,verified,high,https://alexcapital.co/,"We do not sell our companies after acquisition, as we hold businesses permanently.",needs_review: HQ country not stated on site; one web search inconclusive (name collision with unrelated wealth-management firms also named Alexandria Capital).,audited 2026-07-02: https://alexcapital.co/,Unknown,yes,"Describes itself as a buy-and-hold acquirer of industry-specific B2B software businesses, positioning around 'Long Term Capital' and a 'permanent home for your company' with no reselling after acquisition.",,
banyan-software,Banyan Software,Permanent,Permanent,,yes,verified,high,https://www.banyansoftware.com/about,We don't resell your business down the road,,audited 2026-07-02: https://www.banyansoftware.com/about,United States,yes,"Describes itself as 'the best possible permanent home in the world for successful software companies,' buying and holding enterprise software businesses and growing them for life, with no need or desire to sell down the road.",,
based-holdco,Based,Permanent,Permanent,,yes,verified,med,https://www.basedinc.com/,"tural-permanence broadening per user; mechanism=long-term holding co, buy-and-hold enduring companies] Hand-verified on Exa raw markdown of",No explicit permanent/never-sell or exit-timeline language on page ('long-term holding company' only). HQ not stated on site and one web search inconclusive (possible name collision with basedlimited.com).,audited 2026-07-02: https://www.basedinc.com/,Unknown,yes,"Describes itself as a long-term holding company partnering with entrepreneurial leaders to build, acquire, and grow enduring companies, focusing on owner-led businesses with scalable software in SaaS, Service-as-Software, FinTech, InsurTech, or open-source ecosystems, typically acquiring a controlling stake.",,
big-band-software,Big Band Software,Permanent,Permanent,,yes,verified,med,https://www.bigbandsoftware.com/,"Unlike the private equity model, we buy companies we want to run long term.","Band updated Unknown->Permanent on page evidence. No explicit never-sell/forever language; homepage references investment partners (ParkerGale, Talisman Capital, Dan Martell) as backers.",audited 2026-07-02: https://www.bigbandsoftware.com/,United States,yes,"Describes itself as harmonizing 'capital, culture and teams to buy and grow SaaS companies,' targeting growing, profitable B2B SaaS businesses with $1M-$10M ARR that it wants to run long term, explicitly unlike the private equity model.",,
calm-capital,Calm Capital,Permanent,Permanent,,yes,verified,med,https://www.calmcapital.com/,"Long-term holders, not short-term operators.","Page also says 'All ownership is temporary. Leave it better than you acquired it.' — philosophical tension with long-term-holder framing; no explicit hold horizon stated. Country from third-party chamber listing, not stated on site.",audited 2026-07-02: https://www.calmcapital.com/,United States,yes,"Describes itself as 'a private partnership. Long-term holders, not short-term operators. Not PE. Not venture. Not a search fund. Something different.' that buys and grows essential businesses from founders, looking for owner-operated software and services businesses with durable client relationships.",,
concepts-io,Concepts.io,Permanent,Permanent,,yes,verified,high,https://concepts.io/,We acquire with the intent to hold indefinitely. We are not building a portfolio to flip.,"Also launches internal ventures (studio-like activity) alongside acquisitions, but primary self-description is hold-indefinitely holdco — Permanent stands. Small/young portfolio footprint (several 2026 acquisitions) lowers footprint confidence, not classification.",audited 2026-07-02: https://concepts.io/,United States,yes,"Describes itself as a holding company that 'acquires and operates profitable businesses across software, services, and infrastructure,' built to operate indefinitely and profitably without dependency on favorable markets; it both acquires external businesses and launches internal ventures.",,
croissant,Croissant,Permanent,Permanent,,yes,verified,high,https://croissant.today/,"We buy, optimize, and hold. Forever.","Name collision: croissant.com (US 'guaranteed resale' fintech that raised $28M, Feb 2026) is a DIFFERENT company — do not merge records. Remote-first European operation with no single stated HQ.",audited 2026-07-02: https://croissant.today/,Unknown,yes,"Describes itself as acquiring European B2B SaaS companies and operating them for the long term — 'We buy, optimize, and hold. Forever.' and 'We're not here to flip.' — targeting companies with recurring revenue and a working product.",,
curious,Curious (Curious Holdings),Permanent,Permanent,,yes,verified,high,https://www.curiousholdings.com/,"We're focused on legacy, resilience, and continuous reinvention, not raising additional funds or future exits.",Band updated Unknown->Permanent on page evidence. Own-site announcement of '$16M in Permanent Capital' corroborates allocator status.,audited 2026-07-02: https://www.curiousholdings.com/,United States,yes,"Describes itself as 'a long-term holding company that buys and grows software companies with empathy,' acquiring and building software businesses through permanent capital in the frame of decades, targeting software companies in the $1M-$5M revenue range and paying cash within 60 days.",,
define-capital,Define Capital,Permanent,Permanent,,yes,verified,high,https://definecapital.ca/,"We hold forever. No reselling - Your team, name, and structure stay intact.",,audited 2026-07-02: https://definecapital.ca/,Canada,yes,"Presents itself as a 'Permanent Home for Exceptional Software Companies' — 'operators, buyers, and long-term stewards' acquiring founder-led B2B software and tech-enabled businesses in North America, holding forever with no reselling.",,
emikoly,Emikoly,Excluded-Traditional,Unknown,,no,verified,low,https://emikoly.com/,,"needs_review: emikoly.com returned HTTP 403 on homepage and /about (likely bot protection) — class, allocator status, and tech_enabled all unverified this session; one web search returned only unrelated firms (EMK Capital / EMKO Capital), no third-party profile found. PARKED: non-active class (Excluded-Traditional). allocator=true and tech_enabled=false are carried-over placeholders, not evidence-backed.",Traditional/real-economy: acquires operating businesses and real assets / infrastructure services. Own page 2026-06-03: ,Unknown,yes,Site inaccessible this session (HTTP 403 on homepage and /about); no self-description could be captured.,,
enduring-ventures,Enduring Ventures,Permanent,Permanent,,yes,verified,high,https://www.enduring.ventures/about,we're under no mandate to sell your business in 3-5 years,"multi-sector holdco (software is one vertical among Consumer, Technology, Retail, Industrial, Business Services) — tech_enabled true but not tech-exclusive",audited 2026-07-02: https://www.enduring.ventures/about,United States,yes,"Describes itself as a long-term holding company buying and building 'beautiful businesses' as control cash-flow buyers (51%-100%) across Consumer, Technology, Retail, Industrial, and Business Services — 25+ businesses held with an intent to 'last forever'.",,
everfield,Everfield,Permanent,Permanent,,yes,verified,high,https://everfield.com/,We don't want to disrupt your progress by selling your business at any point in the future.,,audited 2026-07-02: https://everfield.com/,United Kingdom,yes,"Describes itself as a dedicated long-term investor and growth accelerator for mission-critical software companies, operating an ecosystem of acquired European software businesses (Ecologic, Rhebo, Amero, 1Check, HeapsGo) it does not intend to sell.",,
evergreen-ftg,Evergreen Financial Technology Group,Permanent,Permanent,,yes,verified,high,https://evergreenftg.com/,EFTG believes in the value of permanence. EFTG's parent company Evergreen Services Group has acquired over 60 companies and sold zero.,"division of Evergreen Services Group — parent entity evergreen-services-group is also in the atlas (parent/subsidiary overlap; consider dedup or explicit parent-child link); permanence quote sourced from third-party press release, own-site language is 'long-term horizon'",audited 2026-07-02: https://evergreenftg.com/,United States,yes,"Describes itself as 'A Long-term home for great software businesses that serve financial institutions' (400+ institutions, 5.2M members/clients), built by serial acquisition (Bradford-Scott, Sharetec resellers, Lodestar, Global Wave, Infonancial).",,
evergreen-services-group,Evergreen Services Group,Permanent,Permanent,,yes,verified,high,https://www.evergreensg.com/,A Permanent Home for Businesses,backed by committed capital from Alpine Investors (a PE sponsor) — permanence claim rests on sponsor structure; subsidiary EFTG (evergreen-ftg) also in atlas (parent/subsidiary overlap),audited 2026-07-02: https://www.evergreensg.com/,United States,yes,"Positions itself as 'A Permanent Home for Businesses' and a permanent owner buying 100% of technology services companies (managed IT services, government IT services, application software partners), backed by committed capital from Alpine Investors.",,
everhold,Everhold,Permanent,Permanent,,partial,verified,med,https://www.everhold.com/,Everhold to acquire and grow exceptional small businesses—without ever selling them,"needs_review: no completed acquisitions yet ('now evaluating its first acquisition targets in vertical SaaS') — footprint caveat lowers confidence but does not disqualify; DE address is a PMB (mailbox), not an operating office; mixed target set (service providers + vertical SaaS) matches intake tech_enabled='partial'", | 2026-06-17 flagged-pending->partial (operator-confirmed Permanent; still pre-deal/low-conf). | audited 2026-07-02: https://www.everhold.com/,United States,yes,Describes itself as a long-term holding company with the philosophy 'Buy great businesses. Hold them forever. Grow responsibly.' — targeting B2B service providers and vertical SaaS platforms with the stability of permanent capital and freedom to operate without pressure to exit.,,
evermore-ventures,Evermore,Permanent,Permanent,,yes,verified,high,https://evermore-ventures.com/,We buy founder-led software companies and grow them forever.,"band updated Unknown -> Permanent based on 'grow them forever' language; HQ city conflicts across third-party profiles (Oceanside vs San Marcos, CA — both United States); /about returned 404, evidence from homepage only",audited 2026-07-02: https://evermore-ventures.com/,United States,yes,"Describes itself simply as buying founder-led software companies and growing them forever, contrasting its 'Large equity financing' with private equity's 'Debt-heavy financing' and planning 'for decades ahead' with a people-first approach.",,
everroost,Everroost,Permanent,Permanent,,yes,verified,high,https://everroost.com/,"We buy to keep. Every acquisition gets ongoing investment, active development, and years of dedicated care.",band updated Unknown -> Permanent based on 'buy to keep' / long-term stewardship language,audited 2026-07-02: https://everroost.com/,United States,yes,"Describes itself as acquiring apps and SaaS companies from founders who care about what they've built, with 'buy to keep' long-term stewardship: 'We don't strip and flip — we invest, improve, and operate for the long term.'",,
evigrow-software,EviGrow Software,Permanent,Permanent,,yes,verified,high,https://www.evigrowsoftware.com/about,"We never intend to sell a company once it has joined our group. Instead, we build lasting partnerships based on trust, respect and shared success.",band updated Unknown -> Permanent based on explicit never-sell language,audited 2026-07-02: https://www.evigrowsoftware.com/about,Sweden,yes,"Describes itself as 'a lifetime investor in the European vertical-market software (VMS) space' that buys great companies and gives them a permanent home, aiming to assemble Europe's finest portfolio of small- and mid-sized software businesses.",,
exa-capital,Exa Capital,Permanent,Permanent,,yes,verified,high,https://exacapital.co/our-private-equity-acquisition-approach/,"Without pressure to sell portfolio companies, we make decisions that build value over decades",HQ ambiguous: three offices listed (US/Canada/New Zealand) with no explicit HQ designation; US listed first,audited 2026-07-02: https://exacapital.co/our-private-equity-acquisition-approach/,United States,yes,"Describes itself as a permanent capital investor that acquires established enterprise software companies with the intention to hold them indefinitely, providing operational support while preserving founder legacies and company autonomy.",,
flying-founders,Flying Founders,Permanent,Permanent,,yes,verified,high,https://www.flyingfounders.com/,"We hold long-term and grow profitably. There's no fund clock ticking, no LP forcing an exit.","needs_review: HQ country inferred from third-party CEE ecosystem profiles (Slovak founders, Czech/Slovak market focus) - legal domicile not stated on own site",audited 2026-07-02: https://www.flyingfounders.com/,Slovakia,yes,"Positions itself as operator-led sustainable capital for bootstrapped SaaS founders, providing EUR 100k-500k investments with hands-on support and zero pressure to raise again or sell, founded by former SaaS entrepreneurs rather than career investors.",,
gsg-genii,GSG GENII,Permanent,Permanent,,yes,verified,high,https://gsg-genii.com/en/,We do not buy to sell on - and we do not build for the exit.,liquidity_band updated Unknown -> Permanent per explicit no-exit language,audited 2026-07-02: https://gsg-genii.com/en/,Germany,yes,"Describes itself as 'the permanent home of hidden software champions', investing permanent capital in leading European industry-specific software providers with mission-critical, deeply embedded solutions and no exit-driven mandate.",,
heqs-investments,HEQS Investments,Permanent,Permanent,,yes,verified,high,https://www.heqs.com.au/investments,"we invest from our own balance sheet, not a fund with a five-year clock. There is no exit window","needs_review: tech_enabled mismatch - current record says yes, but site targets consumer goods/distribution/light manufacturing/services (IT is only one adjacency arm); likely fails tech-enabled admission filter even though Permanent class is well-evidenced | tech_enabled disagreement: csv=yes audit=no",audited 2026-07-02: https://www.heqs.com.au/investments,Australia,yes,"Describes itself as an operator (not fund manager) acquiring established Australian businesses in consumer goods, distribution, light manufacturing and services ($5M-$30M revenue) for permanent decentralized ownership rather than fund-timeline flipping.",,
inversion-capital,Inversion Capital,Permanent,Permanent,,yes,verified,med,https://www.inversioncap.com/,"Permanent capital — no fund timeline, no exit pressure","needs_review: third-party (PitchBook/insights4vc) describes a dual-entity 'crypto-native private equity' model raising a separate PE fund under the Inversion Capital banner, which may conflict with the never-sell self-description; legal entity Inversion Labs Ltd registered in Cayman Islands while HQ reported as New York (third-party); targets are traditional businesses - tech angle is acquirer-side modernization (blockchain platform), not software targets",audited 2026-07-02: https://www.inversioncap.com/,United States,yes,"Describes itself as a buyer of profitable established businesses ($1M+ EBITDA) with finance-related inefficiencies and outdated systems, which it modernizes with its own technology platform while holding majority ownership forever, likening its start to Berkshire Hathaway and Constellation Software.",,
jonas-software,Jonas Software,Permanent,Permanent,,yes,verified,high,https://jonassoftware.com/being-acquired,We have never sold a business. Selling to Jonas means you have found a permanent home.,operating group / 100% subsidiary of Constellation Software Inc. - check for double-counting with any Constellation-family rows in the atlas; HQ from third-party sources,audited 2026-07-02: https://jonassoftware.com/being-acquired,Canada,yes,"Describes itself as a buy-and-hold acquirer of vertical market software businesses with a 'Software for Life' promise to never sell acquired companies, operating a decentralized structure across 175+ software companies in 30+ countries.",,
kastellet-holdings,Kastellet Holdings,Permanent,Permanent,,no,verified,high,https://www.kastholdings.com/,Hold period: Permanent,needs_review: resolves tech_enabled 'flagged-pending' -> false: no software/tech target focus on site ('Technology adoption strengthens the moat' is only a screening criterion; targets are general niche middle-market businesses) - likely fails tech-enabled admission filter; liquidity_band updated Unknown -> Permanent,audited 2026-07-02: https://www.kastholdings.com/,United States,yes,"Describes itself as a buyer of good durable middle-market businesses with recurring revenue that it helps become great through continuous compounding investment in people and systems, with permanent capital and no exit timeline.",,
leo-software-group,Leo Software Group,Permanent,Permanent,,yes,verified,high,https://www.leosoftwaregroup.com/,buy and operate software businesses that we want to own forever,backed by Constellation Software Inc. (TSX: CSU) and Vela Software - check for operating-group overlap/double-counting with Constellation-family rows; HQ from third-party (CB Insights),audited 2026-07-02: https://www.leosoftwaregroup.com/,Canada,yes,"Describes itself as a specialist acquirer of undervalued and underutilized B2B software businesses (automotive, public sector, healthcare, retail, ecommerce) providing a permanent home, strategic investment, and long-term growth backed by Constellation Software Inc.'s acquisition expertise.",,
long-tail-ventures,Long Tail Ventures,Permanent,Permanent,,yes,verified,med,https://ltv.so/,"No forced exits, no artificial timelines. We hold and grow businesses for durable value.","site also states 'If an exceptional exit opportunity arises, we may pursue it — but exits are optional, not required' - softer than pure never-sell permanence; raises selective deal-by-deal outside capital; LTV Holdings Ltd jurisdiction unstated (Dubai from founder bio + LinkedIn); liquidity_band updated Unknown -> Permanent",audited 2026-07-02: https://ltv.so/,United Arab Emirates,yes,"Describes itself as a holding company that acquires and operates proven online businesses (content sites, e-commerce, SaaS, digital properties) for long-term compounding, explicitly rejecting fixed fund timelines, forced exits, and pressure to manufacture liquidity.",,
micro-saas-capital,Micro SaaS Capital,Permanent,Permanent,,yes,verified,high,https://microsaascapital.com/,"We build for the long-term with permanent capital - our holding period is forever (we do not ""flip"").",,audited 2026-07-02: https://microsaascapital.com/,Canada,yes,"Describes itself as an acquirer and builder of small, underappreciated SaaS businesses that don't fit traditional venture capital or private equity criteria, offering founders simple cash-upfront exits and permanent ownership focused on sustainable growth.",,
mosaic-software-group,Mosaic Software Group,Permanent,Permanent,,yes,verified,high,https://www.mosaicsoftwaregroup.com/,"We think in decades, not quarters or years.",,audited 2026-07-02: https://www.mosaicsoftwaregroup.com/,United States,yes,"Describes itself as acquiring, enhancing, and growing mission-critical B2B software companies (SaaS or on-premise, $1-10M ARR), positioning itself as 'the best permanent home for ambitious B2B software companies' with a buy-and-hold philosophy.",,
permanent-corp,Permanent Corp,Permanent,Permanent,,yes,verified,high,https://permanentcorp.com/,"We are a long-term owner, not a fund with an exit deadline.","needs_review: tech_enabled downgraded yes->false — homepage targets generic 'profitable, niche B2B businesses' with no software/tech/SaaS mention (parent Valsef may be tech-oriented but the fetched pages do not say so); HQ country inferred only from (514) Montreal-area phone number, no address published | tech_enabled disagreement: csv=yes audit=no",audited 2026-07-02: https://permanentcorp.com/,Canada,yes,"Describes itself as a long-term acquirer and 'perpetual home' for profitable, niche B2B businesses with strong cashflows and asset-light operations, providing capital, stability, and autonomy under decentralized leadership.",,
permanent-equity,Permanent Equity,Permanent,Permanent,30,yes,verified,high,https://www.permanentequity.com/,We invest with no intention of selling (and have never sold a portfolio company).,tech_enabled downgraded yes->false — investment criteria are sector-agnostic (profit/growth thresholds only); no software/tech targeting stated on fetched pages | tech_enabled disagreement: csv=yes audit=no,audited 2026-07-02: https://www.permanentequity.com/,United States,yes,"Describes itself as 'a private equity firm investing 30-year committed funds in companies that care what happens next', a generational partner that avoids forced actions; targets businesses by profit level ($2-25M+ net profits), not by sector.",https://www.permanentequity.com/,homepage
quadra-group,Quadra Group,Permanent,Permanent,,yes,verified,med,https://www.quadragroup.co.uk/,"Quadra Group is a permanent capital holding company, primarily focused on the acquisition and scaling of specialized vertical market software (VMS), and digital service companies in continental Europe.",thin single-page site; contact page 404; no explicit own-capital or never-sell statement beyond 'permanent capital holding company' — footprint confidence lowered,audited 2026-07-02: https://www.quadragroup.co.uk/,United Kingdom,yes,"Describes itself as a permanent capital holding company focused on acquiring and scaling specialized vertical market software (VMS) and digital service companies in continental Europe, leveraging in-house product, operations, and corporate-finance capabilities.",,
rainmatter,Rainmatter (by Zerodha),Permanent,Permanent,,yes,verified,high,https://zerodha.com/z-connect/rainmatter/rainmatter-perennial-investments,Patient capital with no exit mandates that founders can benefit from when building an enterprise,,audited 2026-07-02: https://zerodha.com/z-connect/rainmatter/rainmatter-perennial-investments,India,yes,"Describes itself as Zerodha's own-capital initiative supporting fintech startups helping people invest and trade better, expanded to health, climate, education, and livelihoods — patient capital seeking good, sustainable, long-term businesses rather than rapid returns.",,
shop-circle,Shop Circle,Permanent,Permanent,,yes,verified,med,https://shopcircle.co/,"No pressure to exit, just durable growth","band upgraded Unknown->Permanent on 'No pressure to exit, just durable growth'; caveat: Shop Circle is itself Series-B VC-backed (Crunchbase), so parent-level investors may eventually require liquidity — permanence claim applies to its portfolio holds",audited 2026-07-02: https://shopcircle.co/,United Kingdom,yes,"Describes itself as 'the AI-native home for mission-critical software' that acquires and evolves B2B software for the AI era, offering founders flexible deal structures, decentralised autonomy, and capital for add-on acquisitions.",,
sidenote,Sidenote,Permanent,Permanent,,yes,verified,high,https://sidenotehq.com/,"We buy, build, and grow, micro SaaS businesses to hold and love forever.",,audited 2026-07-02: https://sidenotehq.com/,Portugal,yes,"Describes itself as a bootstrapped holding company slowly building a portfolio of tiny yet profitable SaaS businesses (Ruby on Rails, Python, JS, PHP stacks), growing mostly from its own cash flow.",,
software-combined,Software Combined,Permanent,Permanent,,yes,verified,med,https://softwarecombined.com/,a 'forever home' for your business,"needs_review: band upgraded Unknown->Permanent on 'forever home' language, but no explicit hold-period/never-sell policy stated; third-party (Crunchbase via search) reports the group was acquired by PE firm Navis Capital Partners in 2022, which could constrain the permanence claim; site also mentions 'diverse liquidity options'",audited 2026-07-02: https://softwarecombined.com/,Australia,yes,"Describes itself as an experienced team of local entrepreneurs who invest in successful B2B tech businesses across Europe and Oceania, offering a 'forever home', capital injection, and long-term commitment to the founder's vision.",,
solen-software-group,Solen Software Group,Permanent,Permanent,,yes,verified,high,https://www.solensoftwaregroup.com/why-solen,"As a holding company with an indefinite time horizon, we have no intention of selling your business.",,audited 2026-07-02: https://www.solensoftwaregroup.com/why-solen,United States,yes,"Describes itself as a permanent capital acquisition vehicle partnering alongside founders of enterprise software businesses, running each business 'as if it were our family's only asset for the coming decades' with no exit-timeline pressure.",,
sureswift-capital,SureSwift Capital,Permanent,Permanent,,yes,verified,med,https://www.sureswiftcapital.com/blog/the-sureswift-model,We also never assume an expiration date.,"needs_review: band upgraded Unknown->Permanent on 'never assume an expiration date', but the same page says 'we remain open to lucrative acquisition offers' and it markets 'strong exits' to selling founders while running three LP funds — hybrid hold/sell posture, Permanent vs Under Review judgment call",audited 2026-07-02: https://www.sureswiftcapital.com/blog/the-sureswift-model,United States,yes,"Describes itself as pioneering a unique approach to SaaS investment — acquiring, holding, and growing a diverse portfolio of B2B SaaS businesses across three funds with its own operator teams, delivering continuing cash-on-cash returns for investors rather than timed exits.",,
tag-software-group,TAG Software Group,Permanent,Permanent,,yes,verified,high,https://www.tagsoftwaregroup.com/,Permanent capital: We provide stability and brand protection with no pressure to sell or exit,HQ country not stated on own site (contact page has only an email); Canada inferred from parent Valsoft (Montreal) via third-party sources — one WebSearch used.,audited 2026-07-02: https://www.tagsoftwaregroup.com/,Canada,yes,"Describes itself as a permanent home for mission-critical software companies serving SMB, enterprise, and public sector customers — 'we don't buy to sell' — operating as an entrepreneurial software acquirer within the Valsoft group.",,
teoh-capital,Teoh Capital,Permanent,Permanent,,yes,verified,high,https://teohcapital.com/,"we invest without a fixed time horizon. Many investors, including most private equity and Venture capital companies, have a limited time horizon",Self-labels 'Australian private equity firm' but the permanent/no-fixed-horizon thesis clearly distinguishes it from exit-driven traditional PE; also invests in non-tech 'brands and enduring businesses' alongside B2B software.,audited 2026-07-02: https://teohcapital.com/,Australia,yes,"Describes itself as a majority and significant-minority investment partner for software, brands, and enduring businesses, offering flexible, permanent capital led by founder-investor David Teoh, a leading software investor in Australia.",,
tiny,Tiny,Permanent,Permanent,decades,yes,verified,high,https://www.tiny.com/,We're not flipping businesses in a few years. We look for companies we'd be proud to hold for decades.,stored Nimble/4y band contradicted by live long-term/decades evidence; corrected to Permanent band in audit.,audited 2026-07-02: https://www.tiny.com/,Canada,yes,"Tiny buys and owns wonderful businesses, including software, marketplaces, communities, and internet products, and explicitly contrasts itself with PE flipping.",https://www.tiny.com/companies,homepage
upliift,Upliift,Permanent,Permanent,,yes,verified,high,https://upliift.com/,"As your permanent equity partner, we focus on European B2B software companies in niche markets where deep expertise matters.",,audited 2026-07-02: https://upliift.com/,United Kingdom,yes,Describes itself as the only European software investor letting founders sell a majority stake yet stay involved and share in future success; partners with founders of European B2B software companies with EUR 1-25m revenue and deploys ~EUR 50M per year.,,
waverock-software,Waverock Software,Permanent,Permanent,,yes,verified,high,https://waverocksoftware.com/,Most acquirers of vertical software operate on a four-to-six year clock. We don't.,"Stored band was 'Unknown' — updated to Permanent based on explicit no-clock, long-term-hold self-description.",audited 2026-07-02: https://waverocksoftware.com/,United States,yes,"Describes itself as 'a long-term home for niche software businesses — not a fund waiting to flip them', buying great businesses in overlooked markets ($2-15M ARR) with founders rolling 20% of proceeds into Waverock equity.",,
bridges-evergreen,Bridges Evergreen Holdings,Impact Capital,Permanent,,yes,verified,med,https://www.bridgesfundmanagement.com/2016/12/07/bridges-launches-new-evergreen-permanent-capital-vehicle-mission-led-businesses/,"With no requirement to seek exits, it can act as a permanent source of capital and support","needs_review: only source is a 2016 launch press page on the parent's site — no current dedicated Evergreen page verified this session; stored tech_enabled=yes NOT supported by page (sectors: health & well-being, education & skills, sustainable living, underserved markets — no software/tech focus stated); HQ inferred from parent's London office. | tech_enabled disagreement: csv=yes audit=no",Sovereign-candidate (impact) | 2026-06-17 reclass Permanent -> Impact Capital (impact/steward). | audited 2026-07-02: https://www.bridgesfundmanagement.com/2016/12/07/bridges-launches-new-evergreen-permanent-capital-vehicle-mission-led-businesses/,United Kingdom,yes,"Described (by parent Bridges) as a permanent capital vehicle structured as a holding company rather than a fund, making equity/quasi-equity investments in profit-with-purpose companies, public sector spin-outs, social sector organisations and employee-owned businesses, producing yield via dividends and loan interest.",,
lasting-ventures-capital,Lasting Ventures Capital,Permanent,Permanent,,yes,verified,high,https://lastingventures.capital/,Não buscamos venda futura. Nossa remuneração vem da distribuição de resultados da operação,"Site is Portuguese-language; quotes are verbatim Portuguese. Page confirms it invests ('investimos', minority stakes) but does not explicitly state own vs LP capital.",No future sale + distribution-based; could be Nimble | audited 2026-07-02: https://lastingventures.capital/,Brazil,yes,"Describes itself (in Portuguese) as investing in B2B enterprise companies that raised early rounds but did not scale, transforming startups into cash-generating technology companies, with 'Sem Pressão de Exit' (no exit pressure) and returns from profit distributions.",,
malpani-ventures,Malpani Ventures,Permanent,Permanent,,yes,verified,high,https://www.malpaniventures.com/blog/a-quiet-reorientation,It means we don't have a forced exit clause in our term sheets.,"special_note owner ruling respected — page evidence supports Permanent, no contradiction found. Self-describes as 'sector-agnostic in spirit' but portfolio includes software (Clodura.AI, Nexxio); tech_enabled kept true. Legal name in footer: Frugality Ventures LLP.","2026-06-08 user-directed reclass Permanent->Nimble: early-stage capital-efficient equity micro-PE (INR 3-10cr first check; 'durability over blitz-scaling'; real portfolio Nexxio/Doco/Clodura.AI), NOT  | 2026-07-02 user-directed reclass Nimble->Permanent (no-exit signal, tie-break) | audited 2026-07-02: https://www.malpaniventures.com/blog/a-quiet-reorientation",India,yes,"Describes itself as providing long-term, structured equity capital — 'patient capital for India's future' — backing frugal founders who run companies as businesses rather than startups, growing 30-40% a year and throwing off cash in markets too small for $1Bn funds.",,
purpose-evergreen-capital,Purpose Evergreen Capital,Impact Capital,Permanent,8-13,yes,verified,high,https://purpose-economy.org/en/pec/,Purpose Evergreen Capital is an evergreen investment fund without pressure to force an exit.,"Stored tech_enabled=yes not supported by page (broad SME/succession focus, no software or tech targeting stated). Stated '8 to 13 years' is contract duration with capped return (self-liquidating instrument), not a company exit event — band stays Permanent. | tech_enabled disagreement: csv=yes audit=no",Sovereign-candidate (steward/impact) | 2026-06-17 reclass Permanent -> Impact Capital (impact/steward). | audited 2026-07-02: https://purpose-economy.org/en/pec/,Germany,yes,"Describes itself as providing patient, value-aligned capital to small and medium-sized enterprises in or transferring to steward-ownership (successions, transfers, growth), refraining from buying decision power through voting rights, with investor returns capped at a maximum rate.",https://purpose-economy.org/en/pec/,homepage
purpose-ventures,Purpose Ventures,Impact Capital,Permanent,,yes,verified,high,https://purpose-economy.org/en/investment/,"Our terms allow companies to stay independent, provide investors liquidity without a sale or exit","tech_enabled kept true based on early-stage/Series-A startup framing, but no explicit software focus stated on page.",Sovereign-candidate (steward/impact) — revisit when Sovereign defined | 2026-06-17 reclass Permanent -> Impact Capital (impact/steward). | audited 2026-07-02: https://purpose-economy.org/en/investment/,Germany,yes,"Describes itself as providing mission-aligned capital to early-stage and Series-A steward-owned startups and businesses so they can grow and succeed without selling themselves, because 'steward-owned companies do not want to exit' and the conventional VC model is often incompatible with the mission.",,
software-circle,Software Circle,Permanent,Permanent,,yes,in_disguise,high,https://softwarecircle.com/,"Providing a permanent home for their teams, management talent and culture.",,"2026-06-06 re-grounded: permanent-hold S2 verbatim confirmed 'permanent home for their teams, management talent and culture'. | audited 2026-07-02: https://softwarecircle.com/",United Kingdom,yes,"Describes itself as a UK-based serial acquirer of vertical market software businesses, positioning as 'the best home for software companies' and continuing operations in an independent, decentralised way with a permanent home for acquired teams.",,
5x-capital,5X Capital,Permanent,Permanent,,yes,provenance,high,https://fivexcapital.com/,We don't operate on a fund clock. Profitable and sustainable companies — compounding value and paying dividends — are worth more than a forced exit.,,Patient no-forced-exit; provenance (no verbatim quote) | audited 2026-07-02: https://fivexcapital.com/,Peru,yes,"Describes itself as patient capital for B2B SaaS & AI companies in Latin America — brings fresh capital to reset the cap table, applies its '5X Operating System', and holds without a fund clock, preferring compounding and dividends over forced exits.",,
ascendant-ventures,Ascendant Ventures,Under Review,Unknown,,no,in_disguise,med,https://ascendantventures.com/,,owner-ruling 2026-07-03: Under Review; Operator/ETA watch candidate,"Traditional/Operator-candidate: generalist small-business ETA buyer; own-page priority sectors 'business services, energ | audited 2026-07-02: https://ascendantventures.com/",United Kingdom,yes,"Describes itself as a private investment company acquiring and running small businesses in the South East of the UK (business services, manufacturing, healthcare, distribution, facilities management), emphasizing low-risk businesses with enduring profitability and stable 3-10% annual growth.",,
perpetuity-project,The Perpetuity Project,Permanent,Permanent,,no,in_disguise,high,https://www.theperpetuityproject.com/,"Lasting value is built over decades, not quarters.","special_note owner belief says Impact Capital, but live page supports Permanent — no explicit impact/mission-investing language found on page; also generic non-tech SMB acquirer (e.g. plumbing/commercial services per acquisitions), so tech_enabled=false conflicts with prior 'flagged-pending' — owner review on both points",Perpetual holdco; target economy possibly traditional | audited 2026-07-02: https://www.theperpetuityproject.com/,United Kingdom,yes,"Describes itself as 'a perpetual home for great businesses' — a holding company acquiring and growing solid small and medium-sized businesses across Europe, committed to honouring the legacy of the businesses it acquires and letting founders stay.",,
microsaas-io,MicroSaaS.io,Studio,Unknown,,yes,verified,low,https://microsaas.io/,,needs_review: homepage returned HTTP 403 on both URL variants; classification and allocator status unverified this session; country from third-party web search only,Studio/acquirer/micro-seed — user-directed to Studio,Denmark,yes,"Homepage could not be fetched (HTTP 403 on both URL variants). Search-result title describes it as 'We build, buy, and back tiny software businesses' (build/buy/back studio-acquirer model), but this was not verified on a fetched page this session.",,
next-wave-partners,Next Wave Partners,Studio,Permanent,,yes,verified,high,https://nextwave.partners/building-forever-businesses/,"eement for Future Equity with Repurchase = revenue-based repurchase, 'no exit required'; founders keep control and buy back equity). Diversi",band set to Studio (stored band was Permanent): no verbatim hold-period/'forever' statement found on either fetched page despite the 'building-forever-businesses' page slug; deep-tech hardware focus (rejects pure software) but still tech-enabled,Venture studio + Safer — user-directed to Studio | audited 2026-07-02: https://nextwave.partners/,Unknown,yes,"Describes itself as a thesis-driven venture studio and fund for deep tech and autonomous technology (perception systems, positioning infrastructure, coordination platforms, data governance), providing patient capital, embedded operators, and founder-aligned revenue-based 'Safer' structures — 'VCs hunt unicorns. We build real businesses.'",,
village-capital,Village Capital,Impact Capital,Unknown,,yes,provenance,med,https://www.vilcap.com/,,no explicit anti-power-law/VC-critique language found on fetched homepage or about page — Impact Capital anti-power-law criterion rests on impact positioning plus alternative structures (revenue-share/debt); dual role as accelerator operator + fund manager,Sovereign-candidate (impact accelerator); provenance — not searched yet | 2026-06-17 reclass -> Impact Capital (impact accelerator; web-verify pending). | audited 2026-07-02: https://www.vilcap.com/,United States,yes,"Describes itself as 'unlocking social and financial capital for impact-creating startups solving the world's biggest problems', supporting entrepreneurs through accelerator programs across climate, economic mobility, and essential-services themes while structuring, managing, and deploying funds.",,
zebra-impact-ventures,Zebra Impact Ventures,Impact Capital,Unknown,,yes,in_disguise,high,https://zebraventures.ch/,,"GROUP 6: page evidence confirms genuinely impact (explicit alternative-to-unicorn positioning, activist impact shareholder) — current class stands, no change needed; no liquidity horizon stated","2026-06-06 re-grounded: signal WEAK (name-based 'rethinking growth'; no explicit verbatim camel/zebra-vs-unicorn quote). Stays Reserved (impact/Sovereign-candidate, parked). | 2026-06-17 reclass -> Im | audited 2026-07-02: https://zebraventures.ch/",Switzerland,yes,"Describes itself as a Swiss-based investment firm, 'impact by nature and tech-driven', investing in early to growth-stage tech companies across agri-food, decarbonization, water & ocean, mobility, and energy via specialized funds and deal-by-deal strategies, acting as an activist shareholder with impact action plans.",,
zebras-and-company,Zebras and Company,Impact Capital,Unknown,,yes,in_disguise,med,https://www.zebrasand.co.jp/en/,An Investment Scheme Independent of IPO Plans and Designed to Think about Growth Together with Investors,"needs_review: proposing Reserved -> Impact Capital (real allocator, explicit zebra anti-unicorn/impact thesis, non-IPO-dependent scheme) BUT no clear tech focus on page (sectors: manufacturing, farming, heritage-site management), so Impact Capital's tech-enabled criterion may not be met; pre-existing reaudit/verify flag on this row; owner decision required | tech_enabled disagreement: csv=yes audit=no | owner-ruling 2026-07-03: Impact Capital; verify tech-enabled scope","2026-06-06 re-grounded: UNVERIFIABLE (page JS-rendered / won't fetch via curl). Reserved, parked; needs browser fetch. | audited 2026-07-02: https://www.zebrasand.co.jp/en/",Japan,yes,"Describes itself as investing in and participating in the management of zebra companies — 'companies that pursue both social and economic goals and value mutual benefit and coexistence' — reconciling corporate profits with solving social problems, and collaborating with governments, financial institutions, and academia; offers the 'LIFE type1' scheme independent of IPO plans.",,
noosa-labs,Noosa Labs,Permanent,Permanent,,yes,verified,high,https://noosalabs.com,"We don't flip Companies. We improve the product, support your customers and build on top of it.","dual legal entities on site (Noosa Labs Inc, Miami, FL, USA + Noosa Labs SASU, Paris, France) — HQ country ambiguous; United States chosen as first-listed entity",audited 2026-07-02: https://noosalabs.com,United States,yes,"Describes itself as buying small profitable SaaS businesses (mainly SMB/prosumer-focused), improving the product, supporting customers, and building on top of acquisitions rather than flipping them.",,
arising-ventures,Arising Ventures,Permanent,Permanent,,yes,verified,high,https://arisingventures.com,"We are structured as a long-term holding company, meaning we don't have the broken incentives of a fund.",HQ city conflicts across third-party sources (Las Vegas vs San Francisco); country US consistent across sources,audited 2026-07-02: https://www.arisingventures.com,United States,yes,"Describes itself as investing in great technology companies to give them new life, sustainable economics, and the right incentives; an ideal acquisition is a well-built software platform with an established competitive moat.",,
impro-ventures,Impro Ventures,SMV,Unknown,,yes,in_disguise,low,https://impro.ventures/,"We amplify the outcome by believing early, supporting with integrity, while providing with innovative growth strategies that save cashburn as well as preserve the ownership in the founders' hands.","OWNER-DIRECTED SMV / in_disguise (Ethan in-disguise vouch, 2026-06-06, alongside Startup Ignition). Live page fetched 2026-07-07 via Exa (site 403s normal fetch; Playwright bridge unavailable): reads as emerging-markets (Africa/LATAM/SEA) pre-seed-to-Series A impact VC screening for 'category definer or global scalability' with team bios citing 'scaling startups to unicorn status' - NO post-unicorn / sub-unicorn / anti-power-law signal. The exit_quote shown is the firm's real M&A/ownership-preservation line and does NOT support SMV. Classification kept per owner directive; confidence=low; CONFLICT FLAGGED FOR OWNER REVIEW.","2026-06-06 ADDED operator-directed (Ethan-vouched, in-disguise group w/ Startup Ignition). BUT own page shows NO anti-unicorn signal: Africa/LATAM/SEA pre-seed-Series A sustainability venture; seeks '",Spain,yes,No self-description retrievable this session: impro.ventures returned HTTP 403 Forbidden on fetch.,https://impro.ventures/,"firm site homepage, fetched via Exa 2026-07-07 (site 403s normal fetch)"
delta-fund,Delta Fund,Impact Capital,Unknown,,no,provenance,med,https://www.delta-fund.org/,,"needs_review: fund-of-funds/philanthropic intermediary — deploys catalytic capital into FUNDS and initiatives, not companies; adversarial check: 'invest in initiatives and funds' leaves slim direct-investment ambiguity, so this is propose (not apply) for Impact Capital -> Under Review; homepage thin (blog-first) | owner-ruling 2026-07-03: KEEP Impact (Ethan-vouched); OPEN for Ethan: fund-of-funds structure vs allocator test","2026-06-06 ADDED operator-directed. Ethan: 'impact fund, related to our work but not the focus; deserves a mention'. Own page = economic-justice / community-wealth / 100% employee-ownership; rejects ' | audited 2026-07-02: https://www.delta-fund.org/unlock-ownership-fund",United States,no,Homepage tagline: 'Confronting a broken economic system to build a world of well-being.' Its Unlock Ownership Fund self-describes as making it easy for DAF holders and donors to provide catalytic capital to emerging impact investing funds tackling race-based wealth inequality.,,
orbit-ventures,Orbit Ventures,Reserved,Unknown,,yes,provenance,med,https://orbitventures.com/,,"PARKED Reserved entity — never drop; page evidence supports no watch class (not search/ETA, not sovereign/DFI); 'sustained, profitable high growth' hints non-blitzscale but there is no explicit anti-power-law message; /about returned 404; owner review required before moving a parked entity | owner-ruling 2026-07-03: KEEP Reserved (Excluded-Traditional proposal rejected)","2026-06-06 ADDED operator-directed. Ethan: 'impact fund, related but not the focus; mention'. Own page = emerging/frontier-market tech accelerator-VC ($75M invested) but GROWTH+EXIT oriented ('sustain | audited 2026-07-02: https://orbitventures.com/",Singapore,yes,"Self-describes as 'SCALING BREAKTHROUGH TECHNOLOGIES ACROSS EMERGING AND FRONTIER MARKETS', investing in breakthrough companies and helping them scale across Asia, Africa, the Middle East, and Latin America in pursuit of sustained, profitable high growth.",,
mainsail-partners,Mainsail Partners,SMV,SMV,,yes,in_disguise,med,https://mainsailpartners.com/,invests in founder-led bootstrapped software companies). Tech-enabled growth equity. Inline-verified; no disqualifier. reservoir-r1 2026-06-,,reservoir-r1 2026-06-06: S2 deal-profile (invests in founder-led bootstrapped software companies). Tech-enabled growth equity. Inline-verified; no disqualifier. | audited 2026-07-02: https://mainsailpartners.com/,United States,yes,"Self-describes as a growth equity firm investing in B2B software and AI-enabled companies, partnering with founder-led, bootstrapped companies in a concentrated portfolio.",,
union-group-fund,Union Group Fund,Nimble,Unknown,,yes,in_disguise,low,https://www.uniongroupfund.com/,,"needs_review: no exit/horizon language on site — Nimble fast-liquidity output unverified; 'sustainable, purposeful growth' + cash-generative focus could equally read buy-and-hold (Permanent); /about returned 404; pending SMV/Nimble definition reconciliation","reservoir-r1 2026-06-06: S2 deal-profile (bootstrapped vertical SaaS, solopreneurs, livable/viable growth). Capital-efficient/modest -> Nimble. Inline-verified; no disqualifier. | audited 2026-07-02: https://www.uniongroupfund.com/",United States,yes,"Self-describes as developing and investing in small, bootstrapped, niche, cash-generative vertical SaaS companies, prioritizing sustainable, purposeful growth with a founder-friendly model.",,
serent-capital,Serent Capital,SMV,SMV,,yes,in_disguise,med,https://serentcapital.com/why-serent/,-r1 2026-06-06: S2 deal-profile (bootstrapped founders). Tech-enabled growth equity. Inline-verified; no disqualifier. || REAUDIT-FLAG: $6B-,GROUP 6 CONFLICT (surfaced per protocol): owner directive 'move all Group 6 to Impact' vs page evidence of SaaS growth equity with no impact/mission language on /why-serent — do not blanket-relabel; owner to resolve. Pre-existing reaudit + low-confidence in_disguise flags: identity and growth-equity thesis verified on live page 2026-07-02; no exit horizon stated,REAUDIT-FLAG: $6B-AUM growth-equity PE that exits ('celebrated our first exit'); genuine 'bootstrapped founders' focus but standard PE return model. Borderline - re-review. | audited 2026-07-02: https://serentcapital.com/why-serent/,United States,yes,"Self-describes as a 'Private Equity Investment Firm for Software Companies' that has paired with 70+ founder-led B2B software companies to build category-defining businesses, pairing capital with hands-on operating expertise for bootstrapped founders.",,
tvc-capital,TVC Capital,SMV,SMV,,yes,in_disguise,med,https://tvccapital.com/fund-focus/,"We partner with exceptional management teams to accelerate growth, maximize value and position for a profitable exit.",pre-existing reaudit/in_disguise flags: identity + growth-equity thesis verified on homepage 2026-07-02; stored /fund-focus/ URL failed twice (socket hang up) so evidence is from homepage; no numeric exit horizon stated,REAUDIT-FLAG: software growth-equity PE; 'capital-efficient $3M+ ARR' sourcing but does take-privates/roll-ups/recaps (exit model). Borderline - re-review. | audited 2026-07-02: https://tvccapital.com/,United States,yes,Self-describes as an operator-led growth equity firm in San Diego focused on investments in and acquisitions of innovative B2B software companies across industries poised for growth and consolidation.,,
expedition-growth-capital,Expedition Growth Capital,SMV,SMV,,yes,in_disguise,med,https://expedition.capital/,,dual offices (London + Boston) — HQ recorded as UK per first-listed office,"reservoir-r1 2026-06-06: S2 deal-profile (bootstrapped software/AI founders). Mild growth lean (""category leadership"") -> conf med. Tech-enabled; no hard disqualifier. | audited 2026-07-02: https://expedition.capital/",United Kingdom,yes,"Self-describes as 'Empowering bootstrapped software & AI founders', providing capital for growth and liquidity plus operational expertise to rapidly growing software & AI companies on their path to category leadership.",,
timia-capital,TIMIA Capital,Under Review,,,yes,in_disguise,high,https://timiacapital.com/,ithout dilution reservoir-r2 2026-06-06: explicit alternative-to-VC + non-dilutive for bootstrapped/lightly-capitalized B2B tech (Lighter Ca,"special_note confirmed from live page: debt/RBF-style lender — Under Review verified; loan tenors (2-6y) are debt terms, not company exit horizons","reservoir-r2 2026-06-06: explicit alternative-to-VC + non-dilutive for bootstrapped/lightly-capitalized B2B tech (Lighter Capital archetype). Nimble. Inline-verified; no disqualifier. | 2026-07-02 user-directed -> Under Review; revenue-based lender (non-dilutive); return = loan repayment, not a company exit | audited 2026-07-02: https://timiacapital.com/",Canada,yes,"Self-describes as providing debt capital to B2B technology companies with $2M-$20M ARR via interest-only and amortized term loans, so tech entrepreneurs keep equity and control; cites $200M in loan facilities written across 80 portfolio companies since 2015.",,
saas-group,saas.group,Permanent,Unknown,,yes,in_disguise,med,https://saas.group/,,"needs_review: no explicit permanent-hold or exit-philosophy language found on homepage or /about/ (manifesto and sell-your-saas pages 404); Permanent classification rests on holdco acquisition model. Multi-jurisdiction footprint (US HQ listed first, plus German GmbH and French SAS legal entities).",reservoir-r4 2026-06-06: permanent-hold acquirer of bootstrapped SaaS (S2 deal-profile + bootstrapper mindset). Tech-enabled. Overturns stale prior-reject on current on-page evidence. Inline-verified. | audited 2026-07-02: https://saas.group/,United States,yes,"Describes itself as an acquirer of small and mid-sized profitable SaaS companies ($1M-10M ARR, 5+ years operating, majority recurring revenue) with a bootstrapper mindset, offering post-acquisition product/marketing/growth support to founders' teams.",,
silversmith-capital,Silversmith Capital Partners,SMV,SMV,,yes,in_disguise,med,https://www.silversmith.com/approach,nvestment criterion; backs constrained-resource growth). Tech-enabled growth equity. Inline-verified on /approach; no power-law disqualifier,"GROUP 6 CONFLICT: owner directive said 'move all Group 6 to Impact' but fetched page shows SaaS/healthcare growth equity with zero impact/mission-driven language (only portfolio-company charity metrics) — proposing KEEP SMV, do NOT relabel to Impact; needs owner resolution. Also: large check sizes ($20-125M) and no stated exit horizon mean traditional-growth-equity boundary is worth a look; pre-existing reaudit/low-confidence in_disguise flags stand.","REAUDIT-FLAG: large growth-equity PE ($20-125M checks, $2B+); genuine 'capital efficient / breakeven or profitable' criterion but exit-driven fund. Borderline - re-review. | audited 2026-07-02: https://www.silversmith.com/approach",United States,yes,"Describes itself as a growth equity firm making $20-125M investments in SaaS & Information Services and Healthcare IT & Services companies with greater than $10M revenue, greater than 20% growth, breakeven or profitable, led by passionate subject matter experts.",,
invictus-growth,Invictus Growth Partners,SMV,SMV,,yes,in_disguise,med,https://www.invictusgrowth.com/,,no stated exit horizon or outcome-size philosophy on homepage; SMV rests on bootstrapped/capital-efficient SaaS investment criteria,"discovery-r6 2026-06-06: S2 deal-profile (invests in bootstrapped OR capital-efficient B2B SaaS, $10M+ ARR). Tech-enabled. Inline-verified on own page; no power-law disqualifier. | audited 2026-07-02: https://www.invictusgrowth.com/",United States,yes,"Describes itself as investing via buyout and growth structures in Software-as-a-Service business models with $10 million+ annual recurring revenue that are bootstrapped or capital-efficient, citing 21 exits as investors and operators.",,
updata-partners,Updata Partners,SMV,SMV,,yes,in_disguise,med,https://updata.com/approach/,Positioning the business for a premium outcome through operational rigor and a compelling long-term growth story.,"stored URL /approach/ is a thin value-creation marketing page — homepage carries the investment criteria; upper check size ($200M) is large, but explicit bootstrapped/capital-efficiency/non-Bay-Area thesis supports non-power-law orientation","discovery-r6 2026-06-06: S2 deal-profile (bootstrapped or lightly-capitalized software, capital-efficiency thesis). Tech-enabled growth equity. Inline-verified; no disqualifier. | audited 2026-07-02: https://updata.com/",United States,yes,"Describes itself as 'Growth Equity for Technology Leaders' investing $20-200M equity in growth-stage B2B software and AI-driven companies with $5-50M ARR and 25-100%+ growth that are bootstrapped or lightly capitalized and non-Bay Area, seeking leaders with a growth mindset and an appreciation for capital efficiency.",,
apex-point-equity,Apex Point Equity,Under Review,Unknown,,yes,in_disguise,med,https://apexpointequity.com,"We are a Micro Private Equity fund focused on acquiring, accelerating, and selling SaaS businesses.","propose SMV->Nimble (do NOT auto-apply per reconciliation rule): explicit acquire-accelerate-sell micro-PE cycle on sub-$1M-ARR SaaS suggests fast liquidity in smaller markets, but no hold timeline is stated. needs_review: HQ country not stated on site and web search inconclusive; site is thin (no fund size, no address, only obfuscated contact email). | owner-ruling 2026-07-03: Under Review - micro-PE acquisition model, cf. secondaries cluster ruling","intake-r8 2026-06-06: S2 deal-profile (invests in bootstrapped $500k+ ARR SaaS, SMB/PLG). Tech-enabled. Inline-verified; no disqualifier. | audited 2026-07-02: https://apexpointequity.com",Unknown,yes,"Describes itself as a micro private equity fund that acquires, accelerates, and sells SaaS businesses, targeting B2B SaaS that is founder-led and bootstrapped with $500k+ ARR needing to scale sales (SMB focus) and/or marketing (PLG focus).",,
argentum-group,Argentum Group,SMV,SMV,,yes,in_disguise,high,https://argentumgroup.com/about,capital-efficient entrepreneurs building B2B software). Tech-enabled growth equity. Inline-verified; no disqualifier. intake-r8 2026-06-06:,no explicit holding period stated; testimonials reference successful exits including one $1B+ transaction (ChromeRiver/Certify) as an outlier outcome,"intake-r8 2026-06-06: S2 deal-profile (supports bootstrap, capital-efficient entrepreneurs building B2B software). Tech-enabled growth equity. Inline-verified; no disqualifier. | audited 2026-07-02: https://argentumgroup.com/about",United States,yes,"Describes itself as a growth equity firm that partners with bootstrap entrepreneurs in B2B software, technology-enabled services, healthcare, and business services companies seeking $5-15 million of capital to accelerate growth, fund acquisitions, or generate shareholder liquidity.",,
long-holding-company,Long Holding Company,Permanent,Permanent,,partial,in_disguise,high,https://www.longholdco.com/,Our goal is to own every business we acquire forever.,"tech_enabled is partial per intake and confirmed by page: targets span software/data AND non-software publications and live events ('publications, data, and live events')","reservoir-r13 2026-06-06: strong permanent-hold signal (we acquire forever / permanent home / no intention to sell). Acquires B2B information brands (publications, data, live events) + software -> tec | audited 2026-07-02: https://www.longholdco.com/",United States,yes,"Describes itself as a buy-and-hold-forever acquirer that partners with owners of B2B information and software businesses to grow their legacy, targeting founder-owned market leaders with $1-5M EBITDA, high recurring revenue, 90%+ retention, and 10+ years of operating history.",,
beacon-software,Beacon Software,Permanent,Permanent,,yes,in_disguise,high,https://beaconsoftware.com/,We acquire businesses and hold them forever.,,reservoir-r14 2026-06-06: permanent-hold software acquirer with explicit anti-PE-flip rejection (Unlike traditional private equity ... not to resell ... 3-5 years that jeopardize long-term). Tech-enab | audited 2026-07-02: https://beaconsoftware.com/,Canada,yes,"Describes itself as a permanent holding company that acquires and grows essential vertical-market software businesses their customers rely on every day, targeting $1M+ annual recurring revenue, 3+ years operating, deep customer retention, profitable or close to it.",,
penntech-holdings,PennTech Holdings,Permanent,Permanent,,yes,in_disguise,high,https://www.penn-tech.com/,"We don't buy to sell. We're here to build—with patience, purpose, and a commitment to sustainable growth for decades, not quarters.",needs_review: HQ country not stated anywhere on homepage or /about (only a Wharton logo and a generic contact email); one web search inconclusive; British spelling 'honouring' on about page is a weak non-US hint only,reservoir-r15 2026-06-07: permanent-hold acquirer of profitable B2B technology companies w/ explicit anti-PE-flip. Tech-enabled. Inline-verified; no DQ. | audited 2026-07-02: https://www.penn-tech.com/,Unknown,yes,"Describes itself as a holding company of operators and investors with a long-term mindset that acquires and grows profitable B2B software and tech-enabled services companies, building enduring businesses while honouring the values that made them great.",,
workhorse-capital,Workhorse Capital,SMV,SMV,,yes,in_disguise,med,https://workhorsegrowth.com/,,no stated exit horizon; HQ country from third-party sources (site lists phone/email only),"reservoir-r15 2026-06-07: explicit anti-unicorn self-positioning (unicorn is mythical) + bootstrapper focus, software. SMV. Inline-verified; the unicorn mentions are anti-unicorn, not power-law. | audited 2026-07-02: https://workhorsegrowth.com/",United States,yes,"Describes itself as a growth equity partner to owners and entrepreneurs of already successful software and technology-enabled services businesses with recurring revenue models, positioning its growth capital as a catalyst for faster, profitable growth.",,
xo-capital,XO Capital,Permanent,Unknown,,yes,in_disguise,med,https://www.xo.capital/,,"no explicit hold-horizon or exit language on homepage; /about returned 404; third-party profiles list prior exits, so Permanent reading rests on buy-and-operate self-description","reservoir-r15 2026-06-07: buy-and-operate (permanent-hold) micro-SaaS holdco targeting bootstrapped/indie companies. Tech-enabled. Inline-verified; unicorn mention is podcast context, not model. | audited 2026-07-02: https://www.xo.capital/",United States,yes,"Describes itself as an experienced team of operators who 'buy & operate SaaS companies', focused on B2B SaaS, engineering and growth, and 'interested in growing your company, not shutting it down.'",,
tangle-ventures,Tangle Ventures,Permanent,Permanent,,yes,in_disguise,high,https://tangleventures.io/,compounding value over decades,hybrid self-description (venture studio + M&A firm); Permanent retained on decades-hold language — Studio is a plausible secondary reading,"proxy-r19 2026-06-07: permanent-hold digital/software acquirer, compounds over decades, capital-efficient, Companies Held 8. JS-rendered (verified via reader proxy). Tech-enabled. | audited 2026-07-02: https://tangleventures.io/",United States,yes,"Self-describes as 'a venture studio and M&A firm acquiring profitable, overlooked digital businesses, installing operators, and compounding value over decades'; portfolio is software-heavy (MarTech, SaaS, FinTech) with 'structured financing through our internal capital network.'",,
tatonic-ventures,Tatonic Ventures,Permanent,Permanent,,yes,verified,high,https://www.tatonic.net/,"We buy and hold forever. No forced exits, no artificial timelines — long-term alignment with the people who built the business.","portfolio not exclusively tech (also professional services, entertainment) — tech_enabled kept true on AI/SaaS holdings",Hand-verified on Exa raw markdown of tatonic.net (own homepage). Explicit permanent-hold self-ID: 'permanent holding company... not the exit'; 'We buy and hold forever. No forced exits'; '0 Forced Exi | audited 2026-07-02: https://www.tatonic.net/,United States,yes,"Self-describes as 'a permanent holding company' investing in founder-led businesses 'for the long term, not the exit', with explicit 'buy and hold forever' and '0 Forced Exits' language.",,
acadian-software,Acadian Software,SMV,Unknown,,yes,in_disguise,med,https://www.acadiansoftware.com/,we are prepared to hold an investment for many years,long-hold language ('many years') borders Permanent but no explicit no-exit stance; site notes it is 'backed by a dozen of the world's leading PE investors' (LP-backed),"Hand-verified on Exa raw markdown of acadiansoftware.com (own homepage + Who We Are). S2+S3: invests in proven, capital-efficient SaaS 'without consuming large amounts of equity capital' and holds 'fo | audited 2026-07-02: https://www.acadiansoftware.com/",United States,yes,"Self-describes as 'a long term capital growth partner for enduring, successful businesses' investing in 'bold, proven SaaS businesses with strong fundamentals' that 'delight customers in defined vertical markets.'",,
nyo-capital,NYO Capital,SMV,SMV,,yes,in_disguise,med,https://nyocapital.com/,NYO Capital is a growth equity firm with a specialized focus on nurturing and investing,prior band 'SMV' not confirmed by on-site language — no exit/horizon stated; band set Unknown pending better evidence,"Hand-verified on Exa raw markdown of nyocapital.com (own About page). S2 bootstrapped deal-profile (Mainsail/Sequel archetype): 'specialized focus on... investing in bootstrapped, founder-led software | audited 2026-07-02: https://nyocapital.com/",United States,yes,"Self-describes as 'a growth equity firm with a specialized focus on nurturing and investing in bootstrapped, founder-led software companies', emphasizing sustainable growth strategies and a long-term perspective with enduring partnerships.",,
noygear,Noygear (Aware Partners),Studio,Permanent,,yes,in_disguise,med,https://noygear.ai/,Permanent capital means no liquidation pressure.,"prior audit_flag 'REVIEW: low-confidence in_disguise' — page self-description supports a genuine build-and-own studio, but HQ undisclosed, third-party web footprint thin (search found no coverage of Noygear/Aware Partners), and on-chain/RWA framing ('real economic activity on-chain') warrants monitoring",Hand-verified on Exa raw markdown of noygear.ai (own homepage). Build-to-keep venture-studio arm of Aware Partners (single family-office-controlled PE fund). Structural no-forced-exit signal: 'Permane | audited 2026-07-02: https://noygear.ai/,Unknown,yes,"Self-describes as 'the startup studio arm of Aware Partners, a single family-office controlled private equity fund', building 'a small, deliberate portfolio of real-economy software companies' (CRE, med-tech, ed-tech) 'funded from a single balance sheet' with no fund clock.",,
edited-capital,Edited Capital,SMV,SMV,7,yes,in_disguise,med,https://editedcapital.com/,"Fund Term: 7 years (with possible extensions); Target Returns: 3x-4x MOIC, 25-35% Net IRR",needs_review: official Fund III page confirms 7-year SMV horizon and B2B technology / tech-enabled services focus; still review-sensitive because structure is control buyouts and small-tech transformation rather than classic venture.,Hand-verified on Exa raw markdown of editedcapital.com (own homepage). S2/S3 deal-profile + anti-unicorn framing: 'small tech buyout space... underserved by VC and larger PE firms'; 'what if a startup | audited 2026-07-02: https://editedcapital.com/about | liquidity evidence updated 2026-07-03: official Fund III page confirms 7-year term and B2B technology/tech-enabled services focus.,United States,yes,"Self-describes as a 'market leader in the emerging small tech buyout space' that acquires promising B2B software companies and develops them into valuable platforms, targeting B2B tech and tech-enabled services.",https://editedcapital.com/fund-iii/,official Fund III page
skoyen-software,Skoyen Software,Permanent,Permanent,,yes,in_disguise,high,https://skoyensoftware.com/,"active buy-and-hold strategy, with permanent investment","GROUP 6: per-firm page evidence confirms permanent/traditional, not impact — current class stands (change_type none since no change proposed); third-party sources note founders include Hg's executive chairman (PE lineage)",HELD_FOR_REVIEW: sitting HgCapital chairman pedigree; permanent claim needs scrutiny | audited 2026-07-02: https://skoyensoftware.com/,United Kingdom,yes,"Self-describes as acquiring and investing 'permanent capital in founder-led B2B SaaS Businesses' with an 'active buy-and-hold strategy, with permanent investment', positioning itself as a trusted long-term partner where 'legacies flourish and growth compounds.'",,
gearbox-capital,Gearbox Capital,SMV,SMV,10,yes,in_disguise,high,https://www.gearboxcap.com/,10 year growth horizon,BAND FIX applied: band 'Unicorn' -> 'SMV' (10y horizon re-verified live; explicitly non-unicorn so entity stays per rule 3); 10y sits at the outer edge of the SMV band definition (~6-10y),Hand-verified on Exa raw markdown of gearboxcap.com (own homepage). Explicit S2+S3: 'Growth Capital for Bootstrapped Businesses'; 'We reject the notion of growth at any cost... we prioritize 15-30% gr | audited 2026-07-02: https://www.gearboxcap.com/,United States,yes,"Self-describes as 'Growth Capital for Bootstrapped Businesses' targeting 'bootstrapped and founder led software, data or technology enabled services companies', rejecting growth at any cost in favor of '15-30% growth sustained over a decade.'",https://www.gearboxcap.com/,homepage
recur-software,Recur Software,Permanent,Permanent,,yes,in_disguise,high,https://recurgrowth.com/,Patient capital. Careful stewardship. Lasting growth.,"HQ not stated directly; official footer says made in Chicago, London & NYC.",Hand-verified on Exa raw markdown of recurgrowth.com (own homepage). In_disguise signal: 'An enduring home for Wonderful Software Companies'; 'Patient capital. Careful stewardship. Lasting growth'; 'N | audited 2026-07-02: https://www.recursoftware.com/,United States,yes,"Acquires mission-critical vertical software companies and gives them tools, talent, and capital for AI-first growth while emphasizing patient capital and stewardship.",,
govsoft-holdings,GovSoft Holdings,Permanent,Permanent,decades,yes,verified,high,https://govsoftholdings.com/,"capital is truly patient, enabling us to be long-term partners to forge enduring companies and amplify entrepreneur legacies over decades",HQ country not stated; US market signal from 40+ states is not treated as HQ verification.,Hand-verified on Exa raw markdown of govsoftholdings.com (own homepage). Explicit self-ID: 'capital is truly patient... long-term partners... over decades... we dont have to worry about... prepping fo | audited 2026-07-02: https://www.govsoftholdings.com,Unknown,yes,"Buys/partners with software purpose-built for government and public safety agencies, preserving mission focus while applying patient capital and operational support.",https://www.govsoftholdings.com,homepage
raptor-collective,Raptor Collective,Permanent,Permanent,,yes,self_id,high,https://www.raptorcollective.com/,"Patient, long-term capital that prioritizes enduring growth over short-term gains",HQ country not stated on official site.,"HELD: strong self-ID + real team but NO named portfolio (allocator unconfirmed, pre-deal) | audited 2026-07-02: https://www.raptorcollective.com/",Unknown,yes,Acquires majority to 100% ownership of mission-critical B2B vertical market software companies with a founder-first buy-and-hold approach.,,
pender-software-holdings,Pender Software Holdings,Permanent,Permanent,,yes,verified,high,https://pendersoftwareholdings.com/,"We?re not here to flip your company for a quick profit. Backed by Pender Growth Fund, we have permanent capital",,Hand-verified on Exa raw markdown of pendersoftwareholdings.com (own homepage). Explicit permanent self-ID: 'A permanent home... not just an exit'; 'We're not here to flip your company for a quick pro | audited 2026-07-02: https://pendersoftwareholdings.com/,Canada,yes,"Acquires and grows software businesses for the long term, including control positions in recurring-revenue software companies.",,
software-holdings-au,Software Holdings,Permanent,Permanent,,yes,verified,high,https://www.softwareholdings.com.au/,"We aim to be long-term holders of these businesses, reinvesting dividends back into growth.",,"Hand-verified on Exa raw markdown of softwareholdings.com.au (own homepage). Family office: 'partners with bootstrapped and profitable software companies'; 'raise once, get to profitability, and grow  | audited 2026-07-02: https://www.softwareholdings.com.au/",Australia,yes,"Family office partnering with bootstrapped profitable software companies, with active investments and software/technology portfolio examples.",,
sacramento-labs,Sacramento Labs,Studio,Permanent,decades,yes,verified,high,https://sacramentolabs.com/our-philosophy/,we?re not optimizing for exits. We?re not chasing unicorn status. We?re building to own and operate for decades.,,Hand-verified on Exa raw markdown of sacramentolabs.com/our-philosophy (own page). Build-to-keep studio: 'We build the products ourselves-from scratch... We don't hand off. We operate.' Explicit anti- | audited 2026-07-02: https://sacramentolabs.com/our-philosophy/,United States,yes,Builds enduring niche software businesses internally and runs them as part of a long-term portfolio rather than placing bets on external teams.,https://sacramentolabs.com/our-philosophy/,homepage
waythor,Waythor,Studio,Permanent,decades,yes,verified,high,https://waythor.com/,we have no exit timelines and no external investors to satisfy.,HQ country not stated on official site.,"Hand-verified on Exa raw markdown of waythor.com (own homepage). Named portfolio: Scallin (infra automation), Horigam (creative-ops workflow), Dexotal (studio division). Explicit anti-flip + permanent | audited 2026-07-02: https://waythor.com/",Unknown,yes,"Technology holding group building and holding software companies, sharing infrastructure and capital across a portfolio of software products.",https://waythor.com/,homepage
brooks-keitt,Brooks & Keitt,Permanent,Permanent,decades,yes,verified,high,https://brookskeitt.com/,"There?s no exit strategy, no pitch deck, and no five-year plan beyond continuing to ship software we?re proud of.",,"Hand-verified on Exa raw markdown of brookskeitt.com (own homepage). Sion, Switzerland, est. 2021, 4 products, flagship ProntoID v4.0 (real footprint). Explicit anti-flip: 'Operate, don't flip'; 'No o | audited 2026-07-02: https://brookskeitt.com/",Switzerland,yes,"Parent company and operating home for ProntoID and a small portfolio of long-lived software products, reinvesting profits into the next product.",https://brookskeitt.com/,homepage
peakspan-capital,PeakSpan Capital,SMV,SMV,,yes,in_disguise,med,https://www.peakspancapital.com/why-peakspan,"Thoughtful planning, buyer ecosystem development, and strategic readiness built years in advance through our Strategic Development function.",band_fix: stored liquidity_band was Unicorn; corrected to SMV because no atlas row should carry Unicorn as a band.,Hand-verified on Exa raw markdown of peakspancapital.com/why-peakspan. Explicit anti-unicorn on-page: 'Scale with discipline... not the growth-at-all-costs narrative'; philosophy pieces 'Dont Go Chasi | audited 2026-07-02: https://www.peakspancapital.com/why-peakspan,United States,yes,"Invests in Applied AI B2B software companies scaling from $3M to $50M+ ARR, emphasizing durability, discipline, and exit preparation rather than unicorn chasing.",,
finis-ventures,Finis Ventures,Studio,Studio,,yes,in_disguise,med,https://finis.ventures/,"we build from zero, and we hold long.",needs_review: portfolio not publicly listed; classification rests on self-description.,2026-06-08 promoted from held (user ruling: build-their-own studios count). Build-and-hold applied-AI studio; FLAG no announced portfolio -> footprint unverifiable. | audited 2026-07-02: https://finis.ventures/,United States,yes,"Self-funded applied-AI venture studio and holding company for software businesses, sharing engineering, design, distribution, and finance across its portfolio.",,
lojik-labs,Lojik Labs,Studio,Studio,,yes,in_disguise,high,https://wearelojik.com/,,,"Hand-verified on Exa raw markdown of wearelojik.com (own homepage). Build-and-own vertical software studio (Madison/San Diego, founded 2024, self-funded, founder-owned 'No outside capital'). Explicit  | audited 2026-07-02: https://wearelojik.com/",United States,yes,"AI-native venture studio for vertical software, with one builder per product, shared infrastructure, and 11 shipped products.",,
sprinter-studio,Sprinter Studio,Studio,Studio,,yes,verified,high,https://sprinter.studio/,,HQ country not stated on official site.,2026-06-17 admitted (re-filter of 2026-06-15 finds): build-and-own AI venture factory; anti-PL on core page 'we run dozens of experiments... only scale what works' + 'owned and operated forever'; name | audited 2026-07-02: https://sprinter.studio/,Unknown,yes,"AI venture factory where autonomous AI agents build, deploy, and grow software companies across a live portfolio pipeline.",,
tolomato,Tolomato,Permanent,Permanent,decades,partial,verified,high,https://tolomato.com/,"We buy to hold - indefinitely. No 3-year flip, no exit timeline. Your business becomes part of a portfolio built to last decades.",,"2026-06-17 admitted: permanent-capital holdco that also builds from scratch (GoWP, Quickly Hire SaaS, the402.ai AI marketplace); anti-PL core 'No fund timeline. No exit clock.'; 3 named holdings. Tech | audited 2026-07-02: https://tolomato.com/ | 2026-07-02 owner ruling: Tolomato remains Permanent.",United States,yes,Operator-led permanent capital holding company that builds from scratch and acquires profitable B2B service businesses to hold indefinitely.,https://tolomato.com/portfolio/,homepage
rhino-impact-fund,Rhino Impact Fund,Impact Capital,,,partial,verified,med,https://rhino.investments/,"Built to last, not just to exit",country is based on official Sudan/249Startups operating evidence; formal HQ not stated.,"2026-06-17 admitted as inaugural Impact Capital: Sudan's first equity (pre-seed/seed) impact VC; anti-PL core ('Why the Rhino?') 'we don't chase unicorns we build Rhinos' + 'Built to last, not just to | audited 2026-07-02: https://rhino.investments/",Sudan,yes,"Invests in resilient, scalable, impact-driven African and Middle East startups, with portfolio examples including AI deeptech and fintech.",,
cypress-growth-capital,Cypress Growth Capital,SMV,SMV,,yes,in_disguise,med,https://cypressgrowthcapital.com/,Our capital approach does not require a liquidity event for success.,,"2026-06-17 admitted (Task-2 discovery, adversarially re-verified): anti-PL 'Our capital approach does not require a liquidity event for success. Each investment is tailored as flexible, '; portfolio:  | audited 2026-07-02: https://www.cypressgrowthcapital.com/growth-capital/investment-focus | 2026-07-02 owner ruling: classify as in-disguise SMV.",United States,yes,Provides royalty-based non-dilutive growth capital to B2B software and tech-enabled services companies.,,
long-term-impact,Long Term Impact,Impact Capital,,,partial,verified,med,https://longtermimpact.com/,,"uses revenue-based financing, but retained as Impact due explicit edtech impact thesis; HQ country not stated.","2026-06-17 admitted (Task-2 discovery, adversarially re-verified): anti-PL 'We believe that high impact doesn't necessarily mean fast growth. ... We are under no outside pressure to gain'; portfolio:  | audited 2026-07-02: https://longtermimpact.com/",Unknown,yes,Edtech pre-seed investment fund for founders building long-term sustainable businesses that create a more equitable PreK-12 school system.,,
upright-capital,Upright Capital,SMV,SMV,decades,yes,in_disguise,med,https://upright.capital/,At Upright every commitment is made on our own terms and measured in decades.,,"2026-06-17 admitted (Task-2 discovery, adversarially re-verified): anti-PL 'We invest in companies that grow too steadily for venture capital and are too small for traditional private eq'; portfolio:  | audited 2026-07-02: https://upright.capital/ | 2026-07-02 owner ruling: classify as in-disguise SMV.",Denmark,yes,"Invests own capital in software-based companies too steady for VC and too small for traditional PE, with active operational support and long-term ambition.",https://upright.capital/,homepage
sandbox-ventures,Sandbox.Ventures,Studio,Studio,,yes,verified,high,https://www.sandbox.ventures/,,HQ country not stated directly; Denmark inferred from Danish product focus and official context.,"2026-06-17 admitted (Task-2 discovery, adversarially re-verified): anti-PL '100 horses instead of one unicorn. We build a portfolio of practical SaaS products — multiple sustainable succ'; portfolio:  | audited 2026-07-02: https://www.sandbox.ventures/",Denmark,yes,"Builds and runs a portfolio of SaaS products with lean execution, fast validation, and revenue rather than fundraising rounds as the measure of progress.",,
kiko-ventures,Kiko Ventures,Permanent,Permanent,,yes,verified,high,https://kiko.vc/,we deploy permanent capital that provides the flexibility and freedom to invest with conviction across every stage.,"impact/cleantech signal present, but self-description is explicitly evergreen/permanent capital.","2026-06-17 admitted (Task-2 discovery, adversarially re-verified): anti-PL 'the evergreen cleantech venture investor for science based businesses ... permanent capital that provides the '; portfolio:  | audited 2026-07-02: https://kiko.vc/",United Kingdom,yes,"Cleantech investment arm of IP Group, backing science-based climate businesses from research breakthrough to climate impact at scale.",,
blue-footed-investments,Blue Footed Investments,Permanent,Permanent,decade,yes,verified,med,https://bluefootedinvestments.com/,the kind of people we'd want to work with for a decade.,HQ country not stated on official site.,"2026-06-17 admitted (Task-2 review-pile, operator-directed): ~25 named healthtech holdings (Accompany Health, Dialyze Direct, Akido); decades-not-quarters permanent framing. Some holdings are care-del | audited 2026-07-02: https://bluefootedinvestments.com/",Unknown,yes,"Private investment firm backing exceptional operators in healthcare and adjacent sectors with a patient-capital, bootstrapped-founder orientation.",https://bluefootedinvestments.com/,homepage
inverse-collective,Inverse Collective,Studio,Permanent,decades,yes,in_disguise,high,https://www.inversecollective.com/,"durable software businesses designed to compound for decades, not quarters.",,"2026-06-17 admitted (Task-2 review-pile, operator-directed): possible build-and-own AI studio (Elder Voice, JellyPal; solo founder, thin). Flagged in_disguise per operator; class uncertain. | audited 2026-07-02: https://www.inversecollective.com/",United States,yes,"Studio for AI evergreen companies that originates or acquires software businesses, validates with users, installs an operator, and scales with systems.",https://www.inversecollective.com/about,homepage
enough-ventures,Enough Ventures,Impact Capital,,,yes,self_id,med,https://www.enoughvc.com/,"Instead of waiting for a distant exit, we share in growth through revenue-based redemptions.",root homepage returns ConnectYourDomain 404; live /about and /solutions pages verify entity and thesis.,"2026-06-17 admitted (Task-2 review-pile, operator-directed): impact tech fund; redeemable-warrant/RBF; anti-unicorn self-ID. PRE-DEAL (no named fund portfolio yet). Admitted as Impact Capital per oper | audited 2026-07-02: https://www.enoughvc.com/about",United States,yes,Impact-oriented fund backing overlooked founders and community-serving innovations with a redeemable warrant/revenue-based redemption model.,,
soch-holdings,Soch Holdings,Permanent,Permanent,10-20,partial,self_id,high,https://sochholdings.com/,We are not a fund. We do not raise capital. We have no exit timelines.,GROUP6: do not blanket-move to Impact; evidence supports Permanent/traditional private investment office.,"2026-06-17 admitted (Task-2 review-pile, operator-directed): permanent no-exit holdco; anonymous (""we do not publish holdings""), pre-deal/unverifiable footprint. Admitted as-is per operator. | audited 2026-07-02: https://sochholdings.com/",United States,yes,"Private investment office and parent holding company with permanent capital across pharmaceuticals, technology/AI, real assets, private markets, and other sectors.",https://sochholdings.com/,homepage
perpetun,Perpetun,Studio,Permanent,10+,yes,verified,high,https://perpetun.com/,"We think in decades, not quarters.",primary HTML is JS-thin; verification follows the live loaded JS bundle where the rendered copy resides.,"2026-06-17 build-and-own applied-AI venture studio (Annymo, Calma, Wabaki); anti-PL ""we think in decades, not quarters"" + ""10+ Year horizon"" = no-exit hold, not finite horizon. Admitted Studio per ope | audited 2026-07-02: https://perpetun.com/assets/index-CFKV8C0M.js",United States,yes,"Holding and venture studio converting automation and applied AI into repeatable systems, with portfolio ventures such as Annymo and a Perpetun America LLC headquarters structure.",https://perpetun.com/assets/index-CFKV8C0M.js,homepage
social-tech-ventures,Social Tech Ventures,Impact Capital,,,yes,in_disguise,high,https://www.socialtechventures.vc/,,GROUP6: evidence supports Impact; no explicit liquidity horizon.,"2026-06-17 UK impact-tech fund, RBF+equity, first close done, NO named portfolio (pre-deal). Under Review (no class assigned yet). | 2026-06-18 operator-directed: Under Review -> Impact Capital (pre-d | audited 2026-07-02: https://www.socialtechventures.vc/",United Kingdom,yes,Provides flexible capital for UK impact tech startups using technology to tackle urgent social and environmental challenges.,,
savana-fund,Savana Fund,Impact Capital,,,yes,in_disguise,med,https://savana.fund/,,GROUP6: likely impact/frontier-tech; explicit social-impact language is thinner than other Impact rows.,"2026-06-17 Africa tech-native fund, generational-horizon anti-PL, but thesis-only placeholder (no team/AUM/portfolio). Operator unsure it is Impact -> Under Review. | 2026-06-18 operator-directed Unde | audited 2026-07-02: https://savana.fund/thesis",Kenya,yes,Technology-native investment firm allocating institutional capital into Africa's resilient technology opportunities across private and liquid markets.,,
movens-capital,Movens Capital,SMV,SMV,,yes,in_disguise,med,https://movenscapital.com/,,,"2026-06-18 admitted SMV IN_DISGUISE per Ethan: structural sub-unicorn (EUR60M Fund 2, EUR0.25-3M checks, EUR50M+ ARR target, CEE region) makes power-law math impossible. Tech-enabled (AI/ML 50%+, B2B  | audited 2026-07-02: https://movenscapital.com/ | 2026-07-02 owner ruling: classify as in-disguise SMV.",Poland,yes,"Multi-stage venture capital fund investing in CEE tech companies with potential for EU, US, or global market leadership.",,
sequel-capital,Sequel Capital,Nimble,Nimble,2-3,yes,verified,high,https://www.sequel-capital.com/,We're not a 10-year fund. Our 2-3 year model is built for founders ready to scale and exit - not wait.,HQ country not stated on official site.,added 2026-07-02 liquidity-horizon curation (verified; see docs/research/fast_exit_liquidity_lens_2026-06-27.md) | audited 2026-07-02: https://www.sequel-capital.com/,Unknown,yes,"Invests in vertical Agentic B2B SaaS companies with a focused portfolio, hands-on value creation, and defined near-term exit thesis.",https://www.sequel-capital.com/,homepage
ascendx-ventures,AscendX Ventures AG,Nimble,Nimble,1,yes,self_id,high,https://ascendx.ventures/,"We acquire, build, and exit - targeting full returns within 12 months",,added 2026-07-02 liquidity-horizon curation (verified; see docs/research/fast_exit_liquidity_lens_2026-06-27.md) | audited 2026-07-02: https://ascendx.ventures/,Switzerland,yes,Builds and sells turnkey AI-native businesses and also invests in selected ventures to drive full exits within 12 months.,https://ascendx.ventures/,homepage
ltv-saas-fund,LTV SaaS Fund,Nimble,Nimble,3-5,yes,verified,high,https://ltv.fund/,"LTV SaaS Fund seeks short and long-term investment opportunities, with a return rate of approximately 174% over a 3-5 year term",,added 2026-07-02 liquidity-horizon curation (verified; see docs/research/fast_exit_liquidity_lens_2026-06-27.md) | audited 2026-07-02: https://ltv.fund/,United States,yes,"U.S. investment fund focused on SaaS and software investments in privately held businesses, including profitable SaaS and marketplace apps.",https://ltv.fund/funds/,homepage
redbud-vc,Redbud VC,Nimble,Nimble,2,yes,verified,med,https://redbud.beehiiv.com/,"Redbud VC had a material exit in two years, selling to a Series A investor.","fast-exit evidence is a partial secondary sale example, not full company-exit proof.",added 2026-07-02 liquidity-horizon curation (verified; see docs/research/fast_exit_liquidity_lens_2026-06-27.md) | audited 2026-07-02: https://redbud.beehiiv.com/p/liquid-future-nimble-vcs-have-a-liquidity-advantage,United States,yes,"Pre-seed VC with a self-published nimble-liquidity thesis around early entry, secondaries, and smaller-fund DPI.",https://redbud.beehiiv.com/p/liquid-future-nimble-vcs-have-a-liquidity-advantage,official newsletter
the2410,The2410,Nimble,Nimble,2-4,yes,self_id,high,https://2410.ee/,"Most projects run for 24-48 months before exit, but selling is not mandatory - if there is strong upside, we continue scaling.",,added 2026-07-02 liquidity-horizon curation (verified; see docs/research/fast_exit_liquidity_lens_2026-06-27.md) | audited 2026-07-02: https://2410.ee/en/service/invest-in-saas,Estonia,yes,"Full-cycle SaaS builder/operator that researches, builds, promotes, and sells SaaS projects as businesses.",https://2410.ee/en/service/invest-in-saas,homepage
futurefirst,FutureFirst,Nimble,Nimble,4-6,yes,verified,high,https://www.futurefirst.vc/,A company that is sold for several hundred million dollars after two or three years is a great outcome for a fund like ours.,official homepage is thin; exit thesis verified through CTech interview/article.,added 2026-07-02 liquidity-horizon curation (verified; see docs/research/fast_exit_liquidity_lens_2026-06-27.md) | audited 2026-07-02: https://www.calcalistech.com/ctechnews/article/hy9uxu3ubx,Israel,yes,Seed-stage venture fund targeting vertical AI companies that can be sold to larger companies in medium-sized exits after Series A.,https://www.calcalistech.com/ctechnews/article/hy9uxu3ubx,third-party liquidity evidence
mirai-ventures,Mirai Ventures,Nimble,Nimble,2-3,yes,self_id,med,https://miraiventures.substack.com/,"By focusing on ventures that can achieve strategic exits within 24 to 36 months, we maximize IRR for our Limited Partners",self-published source; HQ country not stated.,added 2026-07-02 liquidity-horizon curation (verified; see docs/research/fast_exit_liquidity_lens_2026-06-27.md) | audited 2026-07-02: https://miraiventures.substack.com/p/how-mirai-ventures-delivers-superior,Unknown,yes,"Backs lean, capital-efficient AI-native companies structured for strategic acquirer demand and rapid exits.",https://miraiventures.substack.com/p/how-mirai-ventures-delivers-superior,official Substack
firstfounders,FirstFounders (F2),Nimble,Nimble,3,yes,verified,med,https://firstfounders.co/,"The goal is not just to grow companies, but to get them acquired within 36 months.",official site returned empty body; evidence relies on third-party Condia profile.,added 2026-07-02 liquidity-horizon curation (verified; see docs/research/fast_exit_liquidity_lens_2026-06-27.md) | audited 2026-07-02: https://thecondia.com/partners/firstfounders-africa-venture-studio-startup/,Nigeria,yes,Nigeria-focused AI-first venture studio/co-builder reducing startup failure rates and designing companies for acquisition.,https://thecondia.com/partners/firstfounders-africa-venture-studio-startup/,third-party liquidity evidence
napkin-ventures,Napkin Ventures,Nimble,Nimble,5,yes,self_id,high,https://www.napkinventures.fund/,"Napkin Ventures will exit the primary management role of these engagements within 5 years by either raising additional capital from a larger preferred investor, the sale of the company or a company buyback of Napkin Ventures' interest.",HQ country not stated on official site.,added 2026-07-02 liquidity-horizon curation (verified; see docs/research/fast_exit_liquidity_lens_2026-06-27.md) | audited 2026-07-02: https://www.napkinventures.fund/,Unknown,yes,"Founder-first company creation platform for B2B SaaS concepts, investing up to $2M and building companies toward Series A readiness and strategic exits.",https://www.napkinventures.fund/,homepage
favcy-bts,Favcy Build-to-Sell,Nimble,Nimble,3-4,yes,verified,med,https://www.favcybts.com/,"Favcy strategically designs and builds startups from the ground up, priming them for acquisitions within 36-48 months.",needs_review: primary domain DNS failed; tech-enabled should be judged at program level or per venture before external use.,added 2026-07-02 liquidity-horizon curation (verified; see docs/research/fast_exit_liquidity_lens_2026-06-27.md) | audited 2026-07-02: https://indianstartupnews.com/funding/favcy-venture-builders-raises-rs-1-8-crore-6900251,India,yes,"Build-to-sell venture-builder program engineering startups for acquisitions within 36-48 months, but cited cohort examples include both tech and non-tech companies.",https://indianstartupnews.com/funding/favcy-venture-builders-raises-rs-1-8-crore-6900251,third-party liquidity evidence
cocreatd,Cocreatd,Nimble,Nimble,<1,yes,verified,high,https://www.cocreatd.com/,"Notably, Cocreatd achieved a creation-to-exit timeline of just eight months for its System7 acquisition, and took its security venture from concept to LSE listing in six months.",,added 2026-07-02 liquidity-horizon curation (verified; see docs/research/fast_exit_liquidity_lens_2026-06-27.md) | audited 2026-07-02: https://www.cocreatd.com/,United Kingdom,yes,"UK venture studio/private investment office co-founding and incubating startups from day zero, including software, AI-development, and security ventures.",https://startupsmagazine.co.uk/article-cocreatd-achieves-ps100m-portfolio-value-first-year,third-party liquidity evidence
2-0-ventures,2.0 Ventures,Nimble,Nimble,3-6,yes,verified,high,https://2point0ventures.com/philosophy/,"Exit: Underwrite each deal to 4.0x MoM (base case) with anticipated hold period of 3-6 years; exit through M&A, secondary sale, IPO","owner-added 150th row; portfolio is mixed consumer/tech, but includes multiple verified tech-enabled companies.","added 2026-07-02 owner-directed 150th row; live philosophy page verifies <7y Nimble horizon; portfolio page includes marketplace, cybersecurity, and application software holdings. | audited 2026-07-02: https://2point0ventures.com/philosophy/",United States,yes,"Invests with an explicit faster-exit thesis and a mixed tech/consumer portfolio that includes marketplace, enterprise cybersecurity, SMB cybersecurity, and application software companies.",https://2point0ventures.com/philosophy/,homepage
twenty-north-street,20 North Street,Nimble,Nimble,3-5,yes,verified,high,https://www.20northstreet.se/,We are looking for a high return which typically is achieved through and exit within 3-5 years.,,"added 2026-07-03 horizon-first discovery; passed Santa source-validity and taxonomy review; official page verifies small-growth investing, tech/software/hardware focus, minority ownership, and 3-5 year exit horizon.",Sweden,yes,"Adds investors and industrial experience to small growth companies, focusing on healthcare and technology companies within software and hardware, with minority ownership and active board representation.",https://www.20northstreet.se/,homepage
agile-angel-partners,Agile Angel Partners,Nimble,Nimble,3-5,yes,verified,high,https://www.agileangelpartners.com/,We look for companies with the potential to exit within 3-5 years.,,"added 2026-07-03 horizon-first discovery; passed Santa source-validity and taxonomy review; official page verifies seed angel investing, software preference, and 3-5 year exit potential.",United States,yes,"Experienced angel group that invests time, assistance, and money in growth-oriented seed-stage startups, favoring opportunities with a software aspect.",https://www.agileangelpartners.com/,homepage
true-wealth-ventures,True Wealth Ventures,Nimble,Nimble,3-5,yes,verified,high,https://truewealthvc.com/,We look for companies where the founders see an acquisition exit opportunity within 3-5 years at a valuation of $100 million or more.,,"added 2026-07-03 horizon-first discovery; passed Santa source-validity and taxonomy review; official pages verify environmental/human health tech categories, Seed-stage investing, and acquisition-exit underwriting.",United States,yes,"Invests in highly scalable women-led businesses improving environmental or human health, including clean manufacturing and supply-chain technology, sustainable ag tech, health tech, femtech, silver tech, and clinical decision support.",https://truewealthvc.com/about/,official about page
fiftyfive-capital,Fiftyfive Capital Liquidity Fund,Nimble,Nimble,2-3,yes,in_disguise,high,https://fiftyfive-capital.com/,"Our Liquidity Fund focuses on: Mature, VC-backed technology companies with clear exit visibility; Typically 2-3 years to exit; Enterprise value above EUR100m.",secondary_fund_review: direct-secondary strategy buys existing shares in mature VC-backed technology companies; kept as review-sensitive Nimble because the liquidity horizon is explicit but the strategy is secondary rather than primary company creation/funding.,added 2026-07-03 horizon-first discovery; passed Santa source-validity and taxonomy review; official secondary-fund page verifies European technology-company focus and 2-3 year exit target.,Denmark,yes,"International growth capital firm headquartered in Copenhagen; Liquidity Fund provides access to exit-ready European technology companies through direct secondary investments, including vertical SaaS, tech-enabled consumer, and healthcare services.",https://fiftyfive-capital.com/?page_id=7082,official secondary fund page
flashpoint-direct-secondary,Flashpoint Direct Secondary,Nimble,Nimble,4-5,yes,in_disguise,high,https://flashpoint.capital/,Time to exit/liquidity event within 4-5 years.,secondary_fund_review: direct-secondary strategy purchases minority shares in growth-stage tech companies; kept as review-sensitive Nimble because it is an early-liquidity allocator rather than primary venture funding.,added 2026-07-03 horizon-first discovery; passed Santa source-validity and taxonomy review; official page verifies growth-stage tech-company secondary strategy and 4-5 year liquidity target.,United Kingdom,yes,"Provides secondary liquidity to shareholders of growth-stage tech companies, usually buying minority 1-10% stakes in companies with over $20M run-rate revenue and healthy Rule-of-40 growth.",https://flashpoint.capital/products/direct-secondary,official strategy page
northern-michigan-angels,Northern Michigan Angels,Nimble,Nimble,3-5,yes,verified,med,https://northernmichiganangels.com/,Companies must have a clear near-term (3-5 year) exit strategy for our investors' benefit.,"broad_regional_angel_group: official criteria include proprietary technology/IP barriers and software/MedTech/FinTech expertise, but the group is sector-broad; keep review-sensitive if atlas later tightens to software-only funds.","added 2026-07-03 horizon-first discovery; passed Santa source-validity and taxonomy review; official pitch page verifies angel capital to high-growth companies, proprietary tech/IP barriers, and 3-5 year exit strategy.",United States,yes,"Accredited-investor angel group funding high-growth startups in Michigan and the Great Lakes Region, with criteria requiring proprietary technology, IP, or other barriers and a clear near-term exit strategy.",https://northernmichiganangels.com/pitch/,official pitch criteria
wasala-venture-studio,Wasala Venture Studio,Studio,Nimble,3-5,yes,verified,high,https://wasala.fi/,The goal is to achieve an exit within 3-5 years.,"owner-ruling 2026-07-03: class Studio, band Nimble (exit speed lives in band)",,Finland,yes,"Venture studio develops software-backed businesses, becomes a shareholder in newly formed companies, and plans exits for the businesses or equity it develops.",https://wasala.fi/,homepage
highline-beta,Highline Beta,Studio,Nimble,3-5,yes,verified,high,https://www.highlinebeta.com/,"If a portfolio company sells for a modest multiple within three to five years, those larger ownership positions translate into meaningful cash returns and IRR.","owner-ruling 2026-07-03: class Studio, band Nimble (exit speed lives in band)",,Canada,yes,"Corporate venture studio frames software ventures around designed liquidity, modest 3-5 year portfolio-company sales, and early acquirer relationships.",https://www.highlinebeta.com/blog/why-exits-define-studio-success,official strategy page
nobody-studios,Nobody Studios,Studio,Nimble,1-3,yes,verified,high,https://nobodystudios.com/,A studio model optimized for 12-36 month acquisition pathways embraces this reality.,"owner-ruling 2026-07-03: class Studio, band Nimble (exit speed lives in band)",,United States,yes,AI venture studio allocates capital across built companies and designs them around clear acquirer profiles and realistic 12-36 month acquisition pathways.,https://nobodystudios.com/2026/02/23/the-venture-studio-advantage-a-new-model-for-ai-investing/,official strategy page
relentless,RELENTLESS,Nimble,Nimble,2-3,yes,verified,high,https://www.berelentless.com/,"Our goal is to complete our objective within 2-3 year, then find the right strategic buyer to scale the company to the next level.",,added 2026-07-03 strict-nimble batch 1 fill; passed Santa source-validity and corrected taxonomy review; official page verifies SaaS buy/build/sell model and strategic-buyer sale horizon.,United States,yes,"SaaS venture studio buys and builds portfolio companies, prepares them for M&A diligence, and designs them for sale to strategic buyers after a 2-3 year objective.",https://www.berelentless.com/we-sell-companies,official strategy page
cityside-ventures,CitySide Ventures,Nimble,Nimble,3-5,yes,verified,med,https://citysidevc.com/,"As part of the overall strategy, the company developed and defined a clear 3-5 years exit strategy and identify the potential buyers.","broad_regional_angel_group: official criteria include scalable tech, AI, digital health, edtech, fintech, medtech, climate/ag tech, protectable IP, and a 3-5 year exit strategy tied to potential buyers; adjacent investor-return language reviewed.",added 2026-07-03 strict-nimble batch 1 fill; passed Santa source-validity and corrected taxonomy review with audit flag; official page verifies tech/IP criteria and buyer-linked 3-5 year exit strategy.,United States,yes,"Angel/venture group deploying early-stage capital into scalable technology and IP-backed startups, with official criteria requiring a 3-5 year exit strategy and identified potential buyers.",https://citysidevc.com/investment-mindset/,official pitch criteria
pixelsky-capital,PixelSky Capital,Nimble,Nimble,4,yes,verified,high,https://www.pixelskycapital.com/,PixelSky Capital is a Secondaries Fund investing in pre-crossover technology and consumer companies that are within 4 years of going public.,secondary_fund_review: accepted under strict liquidity secondary exception; official homepage ties fund to pre-crossover technology companies within four years of public listing.,added 2026-07-03 strict-nimble batch 2; passed Santa source-validity and corrected taxonomy review; homepage supports company/stake liquidity via pre-crossover secondary positions.,India,yes,"Secondaries fund investing in pre-crossover technology and consumer companies positioned within four years of going public, offering startup-stake liquidity rather than revenue payback.",https://www.pixelskycapital.com/,homepage
siena-secondary-fund,Siena Secondary Fund,Nimble,Nimble,3-5,yes,verified,high,https://siena.ee/,Exit potential within 3-5 years. We expect to see a clear path to the final liquidity event either as M&A or IPO.,secondary_fund_review: RE-SOURCED FIRST-PARTY 2026-07-07 - exact 3-5y final-exit horizon now verified on the firm's own /vision page (previously rested on a GP interview).,added 2026-07-03 strict-nimble batch 2; passed Santa source-validity and corrected taxonomy review; credible interview ties direct secondary portfolio companies to final exit in 3-5 years.,Estonia,yes,"VC secondaries fund buying shares in high-growth startups, with GP interview evidence that portfolio companies are selected for a 3-5 year time horizon to final exit.",https://siena.ee/vision,first-party (firm site /vision)
z9-ventures,Z9 Ventures,Nimble,Nimble,3-5,yes,verified,med,https://z9ventures.com/,3-5 year exit horizon,"secondary_fund_review: control-oriented ownership language reviewed; accepted because official source frames early-stage startup investment, technology-enabled operating companies, and sub-$75M exit value rather than repayment or fund-life timing.",added 2026-07-03 strict-nimble batch 2; passed Santa source-validity and corrected taxonomy review; homepage ties startup/technology operating-company investments to 3-5 year exits.,United States,yes,"Invests $250k-$4m in early-stage startups and technology-enabled operating companies, with official investment parameters calling for a sub-$75M exit value and 3-5 year exit horizon.",https://z9ventures.com/,homepage
neo-secondaries-fund,Neo Secondaries Fund,Nimble,Nimble,2-4,yes,verified,med,https://neoalternativeassetmanagers.com/,clear path to exit within 24-48 months post investing,secondary_fund_review: official manager/GIFT pages verify Neo Secondaries Fund; exact technology/AI secondary-stake exit horizon comes from credible industry article.,added 2026-07-03 strict-nimble batch 2; passed Santa source-validity and corrected taxonomy review; evidence ties secondary stakes in unlisted technology and AI/analytics companies to 24-48 month exit paths.,India,yes,"SEBI Category II AIF acquiring secondary stakes in unlisted companies, including technology and AI/analytics exposure, with a stated 24-48 month path to exit after investment.",https://pmsbazaar.com/News/Neo-Alternative-Asset-Managers-Pvt-Ltd/Neo_Asset_Management_Achieves_First_Close_for_Its_Neo_Secondaries_Fund,credible interview
white-whale-secondaries-fund,White Whale Secondaries Fund,Nimble,Nimble,1.5-3,yes,verified,med,https://www.whitewhale.in/,Navigate towards IPO-ready companies with clear exit timelines within 36 months.,secondary_fund_review: RE-SOURCED FIRST-PARTY 2026-07-07 - the <=36-month exit timeline is now verified on the firm's own /secondaries-funds page ('Exit Visibility' card). The 18-month lower bound of the 1.5-3y range remains sourced only to the Inc42 article.,added 2026-07-03 strict-nimble batch 3; passed Santa source-validity and corrected taxonomy review; secondary-fund exception accepted for late-stage startup stakes with public-listing path in 18-36 months.,India,yes,"SEBI Category II AIF secondaries fund investing in late-stage startups, with fintech/consumer technology focus and a stated 18-36 month public-listing path.",https://www.whitewhale.in/secondaries-funds,"first-party (firm site /secondaries-funds); 36mo upper bound firm-stated, 18mo lower bound from Inc42"
tachles-vc,Tachles VC,Nimble,Nimble,3-5,yes,verified,med,https://tachlesvc.com/,"We specifically target early stage AI, cybersecurity, and cloud startups because global acquirers are actively buying innovation. Exits often occur in 3-5 years",credible_interview_review: UVC language monitored; accepted because official page ties AI/cyber/cloud startup exits to global acquirers within 3-5 years.,"added 2026-07-03 strict-nimble batch 3; passed Santa source-validity and corrected taxonomy review; official page links under-6 exits to acquirer demand in AI, cybersecurity, and cloud.",United States,yes,"Early-stage AI, cybersecurity, and cloud investor targeting sectors where global acquirers actively buy innovation and exits often occur within 3-5 years.",https://tachlesvc.com/investors/individuals-liquidity,official strategy page
calculus-vct,Calculus VCT,Nimble,Nimble,3-5,yes,verified,med,https://calculuscapital.com/,Calculus Capital will focus on investing in companies where an exit within 3-5 years through a trade sale or flotation is reasonably foreseeable.,credible_interview_review: accepted as VCT/EIS-style allocator; exact investee-company trade-sale/flotation horizon comes from official prospectus rather than homepage.,added 2026-07-03 strict-nimble batch 3; passed Santa source-validity and corrected taxonomy review; official prospectus states investee-company exit via trade sale or flotation within 3-5 years.,United Kingdom,yes,"EIS/VCT fund manager backing innovative UK businesses across technology, healthcare, and creative industries, with official prospectus language requiring reasonably foreseeable trade-sale or flotation exits within 3-5 years.",https://calculuscapital.com/cms/media/Calculus-VCT-Prospectus-25-26.pdf,official strategy page
