entity_id,name,primary_asset_class,secondary_asset_classes,entity_type,website,active_status,source_tier,geography,sector_focus,capital_model,instrument_types,target_company_profile,non_unicorn_thesis,ecosystem_role,fit_score,evidence_status,last_verified_at,notes
tinyseed,TinySeed,LMV,Instrument;LMV,accelerator/fund,https://tinyseed.com/,active,public_web,United States,B2B SaaS,revenue-based / bootstrapped SaaS capital,revenue_share,B2B SaaS founders seeking growth without classic VC pressure,candidate supports industry mapping outside or adjacent to classic unicorn VC,accelerator and capital provider,93,verified_fact,2026-05-22,Atlas seed row; verify source text before using as paper-ready evidence.
calm-company-fund,Calm Company Fund,Patient Capital,Instrument;Camel Modifier,capital provider,https://calmfund.com/,active,public_web,United States,calm companies / SaaS,shared earnings / founder-friendly capital,shared_earnings,founders building durable companies without hypergrowth pressure,candidate supports industry mapping outside or adjacent to classic unicorn VC,capital provider and instrument pioneer,91,candidate_evidence,2026-05-22,"Atlas seed row; verify source text before using as paper-ready evidence. | [A+ 2026-06-01 FLAG] suggested=blank; Self-description aligns with Patient Capital — long-term, profit-aligned shared-earnings instrument for sustainable bootstrapped businesses; explicitly rejects growth-or-die VC model."
earnest-capital,Earnest Capital,Patient Capital,Instrument;Camel Modifier,historical fund,https://earnestcapital.com/,historical,public_web,United States,bootstrapped software,shared earnings agreement,shared_earnings,bootstrapped founders seeking aligned capital,candidate supports industry mapping outside or adjacent to classic unicorn VC,historical capital experiment,82,candidate_evidence,2026-05-22,Atlas seed row; verify source text before using as paper-ready evidence. | [A+ 2026-06-01 FLAG] suggested=blank; thin_page_insufficient_evidence [needs_review 2026-06-01: official page unfetchable (403/500/JS); tech retained on 3rd-party evidence]
lighter-capital,Lighter Capital,SMV,Instrument,capital provider,https://www.lightercapital.com/,active,public_web,United States,SaaS / tech,revenue-based financing,revenue_based_financing,revenue-stage technology companies,candidate supports industry mapping outside or adjacent to classic unicorn VC,capital provider,88,candidate_evidence,2026-05-22,Atlas seed row; verify source text before using as paper-ready evidence.
capchase,Capchase,SMV,Instrument,capital platform,https://www.capchase.com/,active,public_web,United States / Europe,B2B SaaS,non-dilutive SaaS financing / payment terms,contract_financing;non_dilutive_capital,B2B SaaS companies with recurring revenue,candidate supports industry mapping outside or adjacent to classic unicorn VC,capital platform,86,candidate_evidence,2026-05-22,Atlas seed row; verify source text before using as paper-ready evidence.
founderpath,Founderpath,SMV,Instrument,capital provider,https://founderpath.com/,active,public_web,United States,B2B SaaS,non-dilutive SaaS capital,non_dilutive_capital,bootstrapped and revenue-stage SaaS founders,candidate supports industry mapping outside or adjacent to classic unicorn VC,capital provider,87,candidate_evidence,2026-05-22,Atlas seed row; verify source text before using as paper-ready evidence.
saas-capital,SaaS Capital,SMV,Instrument,capital provider,https://www.saas-capital.com/,active,public_web,United States,B2B SaaS,growth debt for SaaS,growth_debt,B2B SaaS companies,candidate supports industry mapping outside or adjacent to classic unicorn VC,capital provider,80,candidate_evidence,2026-05-22,Atlas seed row; verify source text before using as paper-ready evidence.
novel-capital,Novel Capital,SMV,Instrument,capital provider,https://www.novelcapital.com/,active,public_web,United States,B2B software,revenue-based and non-dilutive capital,revenue_based_financing,B2B software and recurring revenue companies,candidate supports industry mapping outside or adjacent to classic unicorn VC,capital provider,79,candidate_evidence,2026-05-22,Atlas seed row; verify source text before using as paper-ready evidence.
bigfoot-capital,Bigfoot Capital,SMV,Instrument,capital provider,https://bigfootcap.com/,active,public_web,United States,B2B SaaS,growth debt / revenue-based capital,growth_debt,SaaS and recurring-revenue companies,candidate supports industry mapping outside or adjacent to classic unicorn VC,capital provider,76,candidate_evidence,2026-05-22,Atlas seed row; verify source text before using as paper-ready evidence.
espresso-capital,Espresso Capital,SMV,Instrument,capital provider,https://www.espressocapital.com/,active,public_web,Canada / United States,technology companies,venture debt / growth capital,venture_debt,technology and SaaS companies,candidate supports industry mapping outside or adjacent to classic unicorn VC,capital provider,75,candidate_evidence,2026-05-22,Atlas seed row; verify source text before using as paper-ready evidence. [needs_review 2026-06-01: official page unfetchable (403/500/JS); tech retained on 3rd-party evidence]
timia-capital,TIMIA Capital,SMV,Instrument,capital provider,https://timiacapital.com/,active,public_web,Canada,SaaS,revenue-based financing,revenue_based_financing,software companies with recurring revenue,candidate supports industry mapping outside or adjacent to classic unicorn VC,capital provider,76,candidate_evidence,2026-05-22,Atlas seed row; verify source text before using as paper-ready evidence.
flow-capital,Flow Capital,SMV,Instrument,capital provider,https://flowcap.com/,active,public_web,Canada / United States,technology companies,revenue-linked growth capital,revenue_based_financing;venture_debt,growth-stage technology companies,candidate supports industry mapping outside or adjacent to classic unicorn VC,capital provider,75,candidate_evidence,2026-05-22,Atlas seed row; verify source text before using as paper-ready evidence.
braavo-capital,Braavo Capital,SMV,Instrument,capital provider,https://www.getbraavo.com/,active,public_web,United States,mobile apps / games,non-dilutive app financing,non_dilutive_capital,mobile app and game businesses,candidate supports industry mapping outside or adjacent to classic unicorn VC,capital provider,74,candidate_evidence,2026-05-22,Atlas seed row; verify source text before using as paper-ready evidence.
tangle-ventures,Tangle Ventures,Venture Studio,Patient Capital;Portfolio Capital,venture studio/acquirer,https://tangleventures.io/,active,public_web,United States,profitable digital businesses,acquire and compound overlooked businesses,permanent_equity,profitable overlooked digital businesses,candidate supports industry mapping outside or adjacent to classic unicorn VC,SMV acquirer and operator,90,candidate_evidence,2026-05-22,Atlas seed row; verify source text before using as paper-ready evidence.
dwp-capital,DWP Capital,SMV,Patient Capital;Portfolio Capital,growth equity firm,https://dwpcapital.com/,active,public_web,United States,vertical software / tech-enabled services,early-stage growth equity with flexible hold periods,growth_equity;patient_capital,capital-efficient vertical software and tech-enabled services companies,candidate supports industry mapping outside or adjacent to classic unicorn VC,SMV capital provider,88,candidate_evidence,2026-05-22,Atlas seed row; verify source text before using as paper-ready evidence. [needs_review 2026-06-01: official page unfetchable (403/500/JS); tech retained on 3rd-party evidence]
union-group-fund,Union Group Fund,SMV,Patient Capital;Camel Modifier,development and investment firm,https://www.uniongroupfund.com/,active,public_web,United States,vertical SaaS,development and growth partnerships for small bootstrapped vertical SaaS,growth_equity;patient_capital,small bootstrapped vertical SaaS companies and solopreneurs,candidate supports industry mapping outside or adjacent to classic unicorn VC,SMV capital provider,87,candidate_evidence,2026-05-22,Atlas seed row; verify source text before using as paper-ready evidence.
tvc-capital,TVC Capital,SMV,Portfolio Capital,software growth equity firm,https://tvccapital.com/fund-focus/,active,public_web,United States,B2B software,software growth equity for capital-efficient companies,growth_equity;recapitalization,B2B software companies between classic VC and large growth equity focus,candidate supports industry mapping outside or adjacent to classic unicorn VC,SMV growth equity provider,86,candidate_evidence,2026-05-22,Atlas seed row; verify source text before using as paper-ready evidence.
d2-fund,D2 Fund,SMV,Patient Capital;Camel Modifier,venture fund,https://www.d2.fund/,active,public_web,United Kingdom / Europe,B2B software,capital for efficient software businesses,equity;secondary;debt_support,capital-efficient B2B software businesses in the UK and Europe,candidate supports industry mapping outside or adjacent to classic unicorn VC,SMV capital provider,84,candidate_evidence,2026-05-22,Atlas seed row; verify source text before using as paper-ready evidence.
seedtwo-capital,SeedTwo Capital,SMV,LMV;Portfolio Capital,growth fund,https://www.seedtwo.com/,active,public_web,United States,vertical SaaS / AI,funding for vertical SaaS and AI companies between seed and Series A,growth_equity;equity,founder-led vertical SaaS and AI companies with traction,candidate supports industry mapping outside or adjacent to classic unicorn VC,SMV capital provider,82,candidate_evidence,2026-05-22,Atlas seed row; verify source text before using as paper-ready evidence.
sequel-capital,Sequel Capital,SMV,Portfolio Capital,growth equity investor,https://www.sequel-capital.com/,active,public_web,United Kingdom / Europe,agentic B2B SaaS,exit-focused growth equity for bootstrapped capital-efficient B2B SaaS,growth_equity;strategic_exit,bootstrapped and capital-efficient B2B SaaS companies with clear exit paths,candidate supports industry mapping outside or adjacent to classic unicorn VC,SMV capital provider,84,candidate_evidence,2026-05-22,Atlas seed row; verify source text before using as paper-ready evidence.
mainsail-partners,Mainsail Partners,SMV,Portfolio Capital,growth equity firm,https://mainsailpartners.com/,active,public_web,United States,B2B software / AI-enabled software,growth equity for bootstrapped B2B software companies,growth_equity;founder_liquidity,founder-led bootstrapped B2B software companies,candidate supports industry mapping outside or adjacent to classic unicorn VC,SMV growth equity provider,86,candidate_evidence,2026-05-22,Atlas seed row; verify source text before using as paper-ready evidence.
serent-capital,Serent Capital,SMV,Portfolio Capital,growth equity firm,https://serentcapital.com/why-serent/,active,public_web,United States,B2B software,growth equity and operating support for founder-led bootstrapped software,growth_equity;operating_support,founder-led and bootstrapped B2B software companies,candidate supports industry mapping outside or adjacent to classic unicorn VC,SMV growth equity provider,86,candidate_evidence,2026-05-22,Atlas seed row; verify source text before using as paper-ready evidence.
mamba-growth,Mamba Growth,SMV,Portfolio Capital,growth equity firm,https://www.mambagrowth.com/investment-criteria/,active,public_web,United States,B2B software / technology,minority growth equity for capital-efficient founder-led software companies,growth_equity;minority_equity,bootstrapped or lightly capitalized B2B technology companies,candidate supports industry mapping outside or adjacent to classic unicorn VC,SMV growth equity provider,83,candidate_evidence,2026-05-22,Atlas seed row; verify source text before using as paper-ready evidence.
five-elms-capital,Five Elms Capital,SMV,Portfolio Capital,software growth equity firm,https://www.fiveelms.com/,active,public_web,United States / Global,B2B software,growth capital and founder liquidity for founder-owned software businesses,growth_equity;founder_liquidity,founder-owned B2B software companies,candidate supports industry mapping outside or adjacent to classic unicorn VC,SMV growth equity provider,84,candidate_evidence,2026-05-22,Atlas seed row; verify source text before using as paper-ready evidence.
elsewhere-partners,Elsewhere Partners,SMV,Portfolio Capital,lower middle-market software investor,https://elsewhere.partners/,active,public_web,United States / Global,B2B software,lower middle-market software private equity for bootstrapped or lightly capitalized companies,growth_equity;majority_recap,bootstrapped or lightly capitalized software companies outside traditional capital hubs,candidate supports industry mapping outside or adjacent to classic unicorn VC,SMV software investor,85,candidate_evidence,2026-05-22,Atlas seed row; verify source text before using as paper-ready evidence.
sunstone-partners,Sunstone Partners,SMV,Portfolio Capital,growth private equity firm,https://sunstonepartners.com/,active,public_web,United States,software / tech-enabled services,majority and minority investments in capital-efficient technology companies,growth_equity;majority_equity;minority_equity,technology-enabled services and software businesses with capital-efficient histories,candidate supports industry mapping outside or adjacent to classic unicorn VC,SMV growth equity provider,82,candidate_evidence,2026-05-22,Atlas seed row; verify source text before using as paper-ready evidence.
expedition-growth-capital,Expedition Growth Capital,SMV,Portfolio Capital,software growth equity firm,https://expedition.capital/,active,public_web,United Kingdom / Europe,software,growth equity for ambitious bootstrapped software companies,growth_equity,bootstrapped software companies seeking growth capital,candidate supports industry mapping outside or adjacent to classic unicorn VC,SMV growth equity provider,82,candidate_evidence,2026-05-22,Atlas seed row; verify source text before using as paper-ready evidence.
silversmith-capital-partners,Silversmith Capital Partners,SMV,Portfolio Capital,growth equity firm,https://www.silversmith.com/,active,public_web,United States,technology and healthcare,growth equity for profitable founder-led companies,growth_equity,profitable founder-led technology and healthcare companies,candidate supports industry mapping outside or adjacent to classic unicorn VC,SMV growth equity provider,82,candidate_evidence,2026-05-22,Atlas seed row; verify source text before using as paper-ready evidence.
level-equity,Level Equity,SMV,Portfolio Capital,growth equity firm,https://www.levelequity.com/,active,public_web,United States,software / technology-enabled businesses,lower middle-market growth equity for capital-efficient technology businesses,growth_equity,capital-efficient software and technology-enabled businesses,candidate supports industry mapping outside or adjacent to classic unicorn VC,SMV growth equity provider,81,candidate_evidence,2026-05-22,Atlas seed row; verify source text before using as paper-ready evidence.
sureswift-capital,SureSwift Capital,Portfolio Capital,SMV;Patient Capital,SaaS holding company,https://www.sureswiftcapital.com/,active,public_web,Canada / United States,bootstrapped SaaS,acquire and operate SaaS businesses,acquisition_capital,bootstrapped SaaS founders seeking exits,candidate supports industry mapping outside or adjacent to classic unicorn VC,SaaS acquirer,88,candidate_evidence,2026-05-22,Atlas seed row; verify source text before using as paper-ready evidence.
tiny,Tiny,Portfolio Capital,SMV;Patient Capital,holding company,https://www.tiny.com/,active,public_web,Canada / Global,internet businesses,holding company acquisition and operation,permanent_equity,internet business founders and sellers,candidate supports industry mapping outside or adjacent to classic unicorn VC,holding company,86,candidate_evidence,2026-05-22,Atlas seed row; verify source text before using as paper-ready evidence.
constellation-software,Constellation Software,Portfolio Capital,SMV;Patient Capital,software holding company,https://www.csisoftware.com/,active,public_web,Canada / Global,vertical market software,acquire and hold vertical market software,permanent_equity;acquisition_capital,vertical market software companies,candidate supports industry mapping outside or adjacent to classic unicorn VC,software acquirer,93,candidate_evidence,2026-05-22,Atlas seed row; verify source text before using as paper-ready evidence.
volaris-group,Volaris Group,Portfolio Capital,SMV,software acquirer,https://www.volarisgroup.com/,active,public_web,Global,vertical market software,acquire and strengthen software businesses,acquisition_capital,software companies in vertical markets,candidate supports industry mapping outside or adjacent to classic unicorn VC,software acquirer,91,candidate_evidence,2026-05-22,Atlas seed row; verify source text before using as paper-ready evidence.
valsoft,Valsoft,Portfolio Capital,SMV;Patient Capital,software holding company,https://www.valsoftcorp.com/,active,public_web,Canada / Global,vertical software,buy and hold software businesses,permanent_equity,vertical software companies,candidate supports industry mapping outside or adjacent to classic unicorn VC,software acquirer,90,candidate_evidence,2026-05-22,Atlas seed row; verify source text before using as paper-ready evidence.
banyan-software,Banyan Software,Portfolio Capital,SMV;Patient Capital,software holding company,https://www.banyansoftware.com/,active,public_web,United States,enterprise software,permanent home for software businesses,permanent_equity,software founders seeking long-term home,candidate supports industry mapping outside or adjacent to classic unicorn VC,software acquirer,90,candidate_evidence,2026-05-22,Atlas seed row; verify source text before using as paper-ready evidence.
saas-group,saas.group,Portfolio Capital,SMV,SaaS holding company,https://saas.group/,active,public_web,Germany / Global,SaaS,acquire and grow SaaS companies,acquisition_capital,SaaS founders seeking exits,candidate supports industry mapping outside or adjacent to classic unicorn VC,SaaS acquirer,86,candidate_evidence,2026-05-22,Atlas seed row; verify source text before using as paper-ready evidence.
everfield,Everfield,Portfolio Capital,SMV,software acquirer,https://everfield.com/,active,public_web,Europe,B2B software,acquire and grow B2B software companies,acquisition_capital,European B2B software companies,candidate supports industry mapping outside or adjacent to classic unicorn VC,software acquirer,85,candidate_evidence,2026-05-22,Atlas seed row; verify source text before using as paper-ready evidence.
lumine-group,Lumine Group,Portfolio Capital,SMV,software holding company,https://www.luminegroup.com/,active,public_web,Global,communications and media software,buy and hold vertical software businesses,permanent_equity,communications and media software companies,candidate supports industry mapping outside or adjacent to classic unicorn VC,software acquirer,86,candidate_evidence,2026-05-22,Atlas seed row; verify source text before using as paper-ready evidence.
topicus,Topicus,Portfolio Capital,SMV,software holding company,https://www.topicus.com/,active,public_web,Europe,vertical software,software acquisition and operation,acquisition_capital,vertical software businesses,candidate supports industry mapping outside or adjacent to classic unicorn VC,software acquirer,80,candidate_evidence,2026-05-22,Atlas seed row; verify source text before using as paper-ready evidence.
aspire-software,Aspire Software,Portfolio Capital,SMV,software operating group,https://www.aspiresoftware.com/,active,public_web,Global,software,acquire and operate software businesses,acquisition_capital,software companies,candidate supports industry mapping outside or adjacent to classic unicorn VC,software operating group,84,candidate_evidence,2026-05-22,Atlas seed row; verify source text before using as paper-ready evidence.
jonas-software,Jonas Software,Portfolio Capital,SMV,software operating group,https://www.jonassoftware.com/,active,public_web,Global,vertical software,acquire and operate software companies,acquisition_capital,vertical market software companies,candidate supports industry mapping outside or adjacent to classic unicorn VC,software operating group,84,candidate_evidence,2026-05-22,Atlas seed row; verify source text before using as paper-ready evidence.
harris-computer,Harris Computer,Portfolio Capital,SMV,software operating group,https://www.harriscomputer.com/,active,public_web,Global,vertical software,acquire and operate software companies,acquisition_capital,vertical market software companies,candidate supports industry mapping outside or adjacent to classic unicorn VC,software operating group,84,candidate_evidence,2026-05-22,Atlas seed row; verify source text before using as paper-ready evidence.
perseus-group,Perseus Group,Portfolio Capital,SMV,software operating group,https://www.csiperseus.com/,active,public_web,Global,software,acquire and operate software companies,acquisition_capital,software businesses,candidate supports industry mapping outside or adjacent to classic unicorn VC,software operating group,82,candidate_evidence,2026-05-22,Atlas seed row; verify source text before using as paper-ready evidence.
esw-capital,ESW Capital,Portfolio Capital,SMV,software acquirer,https://www.eswcapital.com/,active,public_web,United States / Global,enterprise software,acquire and operate software companies,acquisition_capital,software companies,candidate supports industry mapping outside or adjacent to classic unicorn VC,software acquirer,82,candidate_evidence,2026-05-22,Atlas seed row; verify source text before using as paper-ready evidence.
alpine-software-group,Alpine Software Group,Portfolio Capital,SMV,software holding company,https://www.alpinesg.com/,active,public_web,United States,vertical SaaS,buy and build software businesses,acquisition_capital,vertical SaaS companies,candidate supports industry mapping outside or adjacent to classic unicorn VC,software acquirer,84,candidate_evidence,2026-05-22,Atlas seed row; verify source text before using as paper-ready evidence.
scaleworks,Scaleworks,Portfolio Capital,SMV,venture equity / operator,https://scaleworks.com/,active,public_web,United States,B2B SaaS,acquire and operate B2B SaaS companies,acquisition_capital,B2B SaaS companies,candidate supports industry mapping outside or adjacent to classic unicorn VC,operator-investor,84,candidate_evidence,2026-05-22,Atlas seed row; verify source text before using as paper-ready evidence.
greater-sum-ventures,Greater Sum Ventures,Portfolio Capital,SMV,growth equity / acquirer,https://greatersumventures.com/,active,public_web,United States,business software,invest in and scale business software,growth_equity,business software companies,candidate supports industry mapping outside or adjacent to classic unicorn VC,software investor,78,candidate_evidence,2026-05-22,Atlas seed row; verify source text before using as paper-ready evidence.
arcadea-group,Arcadea Group,Portfolio Capital,SMV;Patient Capital,software acquirer,https://www.arcadeagroup.com/,active,public_web,Canada / Global,B2B software,long-duration software acquisition,permanent_equity,software founders seeking permanent capital,candidate supports industry mapping outside or adjacent to classic unicorn VC,software acquirer,88,candidate_evidence,2026-05-22,Atlas seed row; verify source text before using as paper-ready evidence.
tag-software-group,TAG Software Group,Portfolio Capital,SMV;Patient Capital,software acquirer,https://www.tagsoftwaregroup.com/,active,public_web,Global,mission-critical software,permanent home for software businesses,permanent_equity,mission-critical software companies,candidate supports industry mapping outside or adjacent to classic unicorn VC,software acquirer,86,candidate_evidence,2026-05-22,Atlas seed row; verify source text before using as paper-ready evidence.
vertus-group,Vertus Group,Portfolio Capital,SMV,software acquirer,https://www.vertusgroup.com/,active,public_web,Europe,software,acquire and develop software companies,acquisition_capital,software companies,candidate supports industry mapping outside or adjacent to classic unicorn VC,software acquirer,80,candidate_evidence,2026-05-22,Atlas seed row; verify source text before using as paper-ready evidence.
software-circle,Software Circle,Portfolio Capital,SMV,software acquirer,https://www.softwarecircle.com/,active,public_web,United Kingdom,software,software acquisition and operation,acquisition_capital,software businesses,candidate supports industry mapping outside or adjacent to classic unicorn VC,software acquirer,78,candidate_evidence,2026-05-22,Atlas seed row; verify source text before using as paper-ready evidence.
chapters-group,Chapters Group,Portfolio Capital,SMV,holding company,https://www.chaptersgroup.com/,active,public_web,Germany / Europe,software and digital businesses,acquisition holding company,acquisition_capital,small and medium software/digital businesses,candidate supports industry mapping outside or adjacent to classic unicorn VC,holding company,78,candidate_evidence,2026-05-22,Atlas seed row; verify source text before using as paper-ready evidence.
visma,Visma,Portfolio Capital,SMV,software company/acquirer,https://www.visma.com/,active,public_web,Europe,business software,software acquisition and operation,acquisition_capital,business software companies,candidate supports industry mapping outside or adjacent to classic unicorn VC,software acquirer,78,candidate_evidence,2026-05-22,Atlas seed row; verify source text before using as paper-ready evidence.
main-capital-partners,Main Capital Partners,Portfolio Capital,SMV,software investor,https://main.nl/,active,public_web,Europe / United States,enterprise software,software private equity,growth_equity;acquisition_capital,software companies,candidate supports industry mapping outside or adjacent to classic unicorn VC,software investor,78,candidate_evidence,2026-05-22,Atlas seed row; verify source text before using as paper-ready evidence.
edbi,EDBI,Sovereign Capital,UVC,strategic investment arm,https://www.edbi.com/,active,public_web,Singapore / Global,strategic growth sectors,strategic government-linked investment,equity,high-growth technology companies,candidate supports industry mapping outside or adjacent to classic unicorn VC,strategic investor,76,candidate_evidence,2026-05-22,Atlas seed row; verify source text before using as paper-ready evidence.
sginnovate,SGInnovate,Sovereign Capital,UVC,deep tech investor/ecosystem,https://www.sginnovate.com/,active,public_web,Singapore,deep tech,state-linked deep tech ecosystem capital,equity;ecosystem_capital,deep tech founders,candidate supports industry mapping outside or adjacent to classic unicorn VC,public ecosystem investor,76,candidate_evidence,2026-05-22,Atlas seed row; verify source text before using as paper-ready evidence.
in-q-tel,In-Q-Tel,Sovereign Capital,UVC,strategic venture investor,https://www.iqt.org/,active,public_web,United States,national security technology,strategic venture capital,equity;strategic_capital,technology companies relevant to national security,candidate supports industry mapping outside or adjacent to classic unicorn VC,strategic investor,80,candidate_evidence,2026-05-22,Atlas seed row; verify source text before using as paper-ready evidence.
high-alpha,High Alpha,Venture Studio,UVC,venture studio,https://www.highalpha.com/,active,public_web,United States,B2B SaaS,venture studio and venture fund,studio_equity,B2B SaaS company formation,candidate supports industry mapping outside or adjacent to classic unicorn VC,venture studio,84,candidate_evidence,2026-05-22,Atlas seed row; verify source text before using as paper-ready evidence.
atomic,Atomic,Venture Studio,UVC,venture studio,https://atomic.vc/,active,public_web,United States,venture studio,company creation platform,studio_equity,founders building companies from studio concepts,candidate supports industry mapping outside or adjacent to classic unicorn VC,venture studio,82,candidate_evidence,2026-05-22,Atlas seed row; verify source text before using as paper-ready evidence.
expa,Expa,Venture Studio,UVC,startup studio/fund,https://www.expa.com/,active,public_web,United States / Global,startup creation,startup studio and early capital,studio_equity,founders building new startups,candidate supports industry mapping outside or adjacent to classic unicorn VC,startup studio,80,candidate_evidence,2026-05-22,Atlas seed row; verify source text before using as paper-ready evidence.
betaworks,Betaworks,Venture Studio,UVC,startup studio,https://betaworks.com/,active,public_web,United States,internet / media / AI,startup studio and investment,studio_equity,early internet and AI companies,candidate supports industry mapping outside or adjacent to classic unicorn VC,startup studio,78,candidate_evidence,2026-05-22,Atlas seed row; verify source text before using as paper-ready evidence.
hexa,Hexa,Venture Studio,UVC,startup studio,https://www.hexa.com/,active,public_web,France / Europe,startup studio,startup studio / company builder,studio_equity,founders joining studio-built companies,candidate supports industry mapping outside or adjacent to classic unicorn VC,startup studio,82,candidate_evidence,2026-05-22,Atlas seed row; verify source text before using as paper-ready evidence.
rocket-internet,Rocket Internet,Venture Studio,UVC,venture builder,https://www.rocket-internet.com/,active,public_web,Germany / Global,internet companies,venture builder,studio_equity,internet company formation,candidate supports industry mapping outside or adjacent to classic unicorn VC,venture builder,78,candidate_evidence,2026-05-22,Atlas seed row; verify source text before using as paper-ready evidence.
idealab,Idealab,Venture Studio,UVC,startup studio,https://www.idealab.com/,active,public_web,United States,technology startups,startup studio,studio_equity,technology startup formation,candidate supports industry mapping outside or adjacent to classic unicorn VC,startup studio,78,candidate_evidence,2026-05-22,Atlas seed row; verify source text before using as paper-ready evidence.
pioneer-square-labs,Pioneer Square Labs,Venture Studio,UVC,startup studio,https://www.psl.com/,active,public_web,United States,technology startups,startup studio and venture fund,studio_equity,technology startup founders,candidate supports industry mapping outside or adjacent to classic unicorn VC,startup studio,78,candidate_evidence,2026-05-22,Atlas seed row; verify source text before using as paper-ready evidence.
science-inc,Science Inc.,Venture Studio,UVC,startup studio,https://www.science-inc.com/,active,public_web,United States,digital businesses,startup studio,studio_equity,digital company founders,candidate supports industry mapping outside or adjacent to classic unicorn VC,startup studio,74,candidate_evidence,2026-05-22,Atlas seed row; verify source text before using as paper-ready evidence.
juxtapose,Juxtapose,Venture Studio,UVC,creation-oriented investment firm,https://www.juxtapose.com/,active,public_web,United States,company creation,company creation and investment,studio_equity,founders building new companies,candidate supports industry mapping outside or adjacent to classic unicorn VC,company creation platform,76,candidate_evidence,2026-05-22,Atlas seed row; verify source text before using as paper-ready evidence.
founders-factory,Founders Factory,Venture Studio,UVC,venture studio/accelerator,https://foundersfactory.com/,active,public_web,United Kingdom / Global,startup creation,venture studio and accelerator,studio_equity,founders building with studio support,candidate supports industry mapping outside or adjacent to classic unicorn VC,venture studio,78,candidate_evidence,2026-05-22,Atlas seed row; verify source text before using as paper-ready evidence.
entrepreneur-first,Entrepreneur First,Venture Studio,UVC;LMV,talent investor,https://www.joinef.com/,active,public_web,Global,founder formation,talent investing and company formation,equity,pre-company founders,candidate supports industry mapping outside or adjacent to classic unicorn VC,talent investor,78,candidate_evidence,2026-05-22,Atlas seed row; verify source text before using as paper-ready evidence.
antler,Antler,Venture Studio,UVC;LMV,startup generator/investor,https://www.antler.co/,active,public_web,Global,founder formation,company formation and early investment,equity,pre-seed founders,candidate supports industry mapping outside or adjacent to classic unicorn VC,startup generator,78,candidate_evidence,2026-05-22,Atlas seed row; verify source text before using as paper-ready evidence.
enhance-ventures,Enhance Ventures,Venture Studio,UVC,venture studio,https://enhance.online/,active,public_web,MENA,digital businesses,venture studio,studio_equity,founders building with studio infrastructure,candidate supports industry mapping outside or adjacent to classic unicorn VC,venture studio,74,candidate_evidence,2026-05-22,Atlas seed row; verify source text before using as paper-ready evidence.
team8,Team8,Venture Studio,UVC;Sovereign Capital,venture group,https://team8.vc/,active,public_web,Israel / United States,cybersecurity / fintech / data,company creation and venture capital,studio_equity;equity,founders building in strategic technology sectors,candidate supports industry mapping outside or adjacent to classic unicorn VC,venture group,78,candidate_evidence,2026-05-22,Atlas seed row; verify source text before using as paper-ready evidence.
fractal-software,Fractal Software,Venture Studio,SMV,vertical SaaS studio,https://www.fractalsoftware.com/,active,public_web,United States,vertical SaaS,vertical SaaS company creation,studio_equity,operators building vertical SaaS companies,candidate supports industry mapping outside or adjacent to classic unicorn VC,vertical SaaS studio,76,candidate_evidence,2026-05-22,Atlas seed row; verify source text before using as paper-ready evidence.
weekend-fund,Weekend Fund,LMV,UVC,venture fund,https://weekend.fund/,active,public_web,United States / Global,early-stage startups,small early-stage investing,equity,early founders and makers,candidate supports industry mapping outside or adjacent to classic unicorn VC,micro fund,68,candidate_evidence,2026-05-22,Atlas seed row; verify source text before using as paper-ready evidence.
pioneer,Pioneer,LMV,UVC,founder platform,https://pioneer.app/,active,public_web,Global,early founders,remote startup tournament / funding,grants;equity,early founders and internet-native builders,candidate supports industry mapping outside or adjacent to classic unicorn VC,founder platform,70,candidate_evidence,2026-05-22,Atlas seed row; verify source text before using as paper-ready evidence.
hf0,HF0,LMV,UVC,AI residency/fund,https://www.hf0.com/,active,public_web,United States,AI startups,AI founder residency and funding,equity,AI-native founders,candidate supports industry mapping outside or adjacent to classic unicorn VC,AI startup program,72,candidate_evidence,2026-05-22,Atlas seed row; verify source text before using as paper-ready evidence.
venture10x,Venture10X,LMV,Unknown Candidate,venture growth firm,https://www.venture10x.co,unknown,public_web,Unknown,Unknown,Unknown,unknown,venture growth firm,candidate supports industry mapping outside or adjacent to classic unicorn VC,venture growth firm,62,candidate_evidence,2026-05-23,Promoted from entity_intake_queue by intake verification agent; human review required before paper use.
curious,Curious,Portfolio Capital,Unknown Candidate,software holding company / acquirer,https://www.curiousholdings.com,unknown,public_web,Unknown,Unknown,Unknown,unknown,software holding company / acquirer,candidate supports industry mapping outside or adjacent to classic unicorn VC,software holding company / acquirer,62,candidate_evidence,2026-05-23,Promoted from entity_intake_queue by intake verification agent; human review required before paper use.
apex-point-equity,Apex Point Equity,Portfolio Capital,Unknown Candidate,micro private equity firm,https://apexpointequity.com,unknown,public_web,Unknown,Unknown,Unknown,unknown,micro private equity firm,candidate supports industry mapping outside or adjacent to classic unicorn VC,micro private equity firm,62,candidate_evidence,2026-05-23,Promoted from entity_intake_queue by intake verification agent; human review required before paper use.
alley-street,Alley & Street,Search/ETA,Unknown Candidate,micro private equity firm,https://www.alleyandstreet.com,unknown,public_web,Unknown,Unknown,Unknown,unknown,micro private equity firm,candidate supports industry mapping outside or adjacent to classic unicorn VC,micro private equity firm,62,candidate_evidence,2026-05-23,Promoted from entity_intake_queue by intake verification agent; human review required before paper use.
soft-equities,Soft Equities,Portfolio Capital,Unknown Candidate,capital provider / fund / acquirer / platform,https://softequities.com,unknown,public_web,Unknown,Unknown,Unknown,unknown,capital provider / fund / acquirer / platform,candidate supports industry mapping outside or adjacent to classic unicorn VC,capital provider / fund / acquirer / platform,62,candidate_evidence,2026-05-24,Promoted from entity_intake_queue by intake verification agent; human review required before paper use.
river-saas-capital,River Saas Capital,SMV,Unknown Candidate,capital provider / fund / acquirer / platform,https://www.riversaascapital.com,unknown,public_web,Unknown,Unknown,Unknown,unknown,capital provider / fund / acquirer / platform,candidate supports industry mapping outside or adjacent to classic unicorn VC,capital provider / fund / acquirer / platform,62,candidate_evidence,2026-05-24,Promoted from entity_intake_queue by intake verification agent; human review required before paper use.
saas-growth-ventures,SaaS Growth Ventures,LMV,Unknown Candidate,capital provider / fund / acquirer / platform,https://saasgrowthventures.com,unknown,public_web,Unknown,Unknown,Unknown,unknown,capital provider / fund / acquirer / platform,candidate supports industry mapping outside or adjacent to classic unicorn VC,capital provider / fund / acquirer / platform,62,candidate_evidence,2026-05-24,Promoted from entity_intake_queue by intake verification agent; human review required before paper use.
golden-section,Golden Section,SMV,Unknown Candidate,growth equity firm,https://www.goldensection.com,unknown,public_web,Unknown,Unknown,Unknown,unknown,growth equity firm,candidate supports industry mapping outside or adjacent to classic unicorn VC,growth equity firm,62,candidate_evidence,2026-05-24,Promoted from entity_intake_queue by intake verification agent; human review required before paper use.
evergreen-evergreensg-com,Evergreen (evergreensg.com),Portfolio Capital,Unknown Candidate,permanent home for businesses,https://www.evergreensg.com/,active,public_web,Unknown,Unknown,Unknown,unknown,permanent home for businesses,candidate supports industry mapping outside or adjacent to classic unicorn VC,permanent home for businesses,62,candidate_evidence,2026-05-28,Promoted from entity_intake_queue by intake verification agent; human review required before paper use.
springwater,Springwater,Portfolio Capital,Unknown Candidate,capital provider / fund / acquirer / platform,https://springwater.tech,unknown,public_web,Unknown,Unknown,Unknown,unknown,capital provider / fund / acquirer / platform,candidate supports industry mapping outside or adjacent to classic unicorn VC,capital provider / fund / acquirer / platform,62,candidate_evidence,2026-05-28,Promoted from entity_intake_queue by intake verification agent; human review required before paper use.
sundance-growth,Sundance Growth,SMV,Unknown Candidate,growth equity firm,https://www.sundancegrowth.com,unknown,public_web,Unknown,Unknown,Unknown,unknown,growth equity firm,candidate supports industry mapping outside or adjacent to classic unicorn VC,growth equity firm,62,candidate_evidence,2026-05-28,"Promoted from entity_intake_queue by intake verification agent; human review required before paper use. | [A+ 2026-06-01 FLAG] suggested UVC but weak/thin evidence — kept+flagged not removed; Self-describes as 'Growth Equity' targeting bootstrapped B2B SaaS - this is classic growth-stage VC/PE, not SMV (non-dilutive); should flag as UVC-adjacent or growth equity which is closer to UVC than SMV/Patient."
uk-sovereign-ai-fund,UK Sovereign AI Fund,Sovereign Capital,Unknown Candidate,sovereign or public strategic capital provider,https://sovereignai.gov.uk,unknown,public_web,Unknown,Unknown,Unknown,unknown,sovereign or public strategic capital provider,candidate supports industry mapping outside or adjacent to classic unicorn VC,sovereign or public strategic capital provider,62,candidate_evidence,2026-05-28,Promoted from entity_intake_queue by intake verification agent; human review required before paper use.
upliift,Upliift,Portfolio Capital,Unknown Candidate,permanent-equity acquirer,https://upliift.com/,active,public_web,Unknown,Unknown,Unknown,unknown,permanent-equity acquirer,candidate supports industry mapping outside or adjacent to classic unicorn VC,permanent-equity acquirer,62,candidate_evidence,2026-05-28,Promoted from entity_intake_queue by intake verification agent; human review required before paper use.
meritholdings,Meritholdings,Patient Capital,Unknown Candidate,holding company,https://www.meritholdings.com,unknown,public_web,Unknown,Unknown,Unknown,unknown,holding company,candidate supports industry mapping outside or adjacent to classic unicorn VC,holding company,62,candidate_evidence,2026-05-28,Promoted from entity_intake_queue by intake verification agent; human review required before paper use. | [A+ 2026-06-01] reclass Portfolio Capital->Patient Capital: Self-named 'holding company' acquiring software companies forever - sits between Portfolio Capital (holdco roll-up) and Patient Capital (permanent equity); permanent-hold + single-vertical software framing leans Patient Capital.
mosaic,Mosaic,Portfolio Capital,Unknown Candidate,capital provider / fund / acquirer / platform,https://www.mosaicsoftwaregroup.com,unknown,public_web,Unknown,Unknown,Unknown,unknown,capital provider / fund / acquirer / platform,candidate supports industry mapping outside or adjacent to classic unicorn VC,capital provider / fund / acquirer / platform,62,candidate_evidence,2026-05-28,Promoted from entity_intake_queue by intake verification agent; human review required before paper use.
office-of-strategic-capital-osc,Office of Strategic Capital (OSC),Sovereign Capital,Unknown Candidate,sovereign or public strategic capital provider,https://www.cto.mil/osc,unknown,public_web,Unknown,Unknown,Unknown,unknown,sovereign or public strategic capital provider,candidate supports industry mapping outside or adjacent to classic unicorn VC,sovereign or public strategic capital provider,62,candidate_evidence,2026-05-28,Promoted from entity_intake_queue by intake verification agent; human review required before paper use. [needs_review 2026-06-01: official page unfetchable (403/500/JS); tech retained on 3rd-party evidence]
float-finance,Float Finance,SMV,Unknown Candidate,non-dilutive capital,https://www.floatfinance.com/,active,public_web,Unknown,Unknown,Unknown,unknown,non-dilutive capital,candidate supports industry mapping outside or adjacent to classic unicorn VC,non-dilutive capital,62,candidate_evidence,2026-05-28,Promoted from entity_intake_queue by intake verification agent; human review required before paper use.
re-cap,Re:cap,SMV,Unknown Candidate,recurring-revenue financing,https://re-cap.com/,active,public_web,Unknown,Unknown,Unknown,unknown,recurring-revenue financing,candidate supports industry mapping outside or adjacent to classic unicorn VC,recurring-revenue financing,62,candidate_evidence,2026-05-28,Promoted from entity_intake_queue by intake verification agent; human review required before paper use.
nobody-studios,Nobody Studios,Venture Studio,Unknown Candidate,high-volume venture studio,https://nobodystudios.com/,active,public_web,Unknown,Unknown,Unknown,unknown,high-volume venture studio,candidate supports industry mapping outside or adjacent to classic unicorn VC,high-volume venture studio,62,candidate_evidence,2026-05-28,Promoted from entity_intake_queue by intake verification agent; human review required before paper use.
wildfront,Wildfront,Portfolio Capital,Unknown Candidate,bootstrapped SaaS acquirer,https://wildfront.co/,active,public_web,Unknown,Unknown,Unknown,unknown,bootstrapped SaaS acquirer,candidate supports industry mapping outside or adjacent to classic unicorn VC,bootstrapped SaaS acquirer,62,candidate_evidence,2026-05-28,Promoted from entity_intake_queue by intake verification agent; human review required before paper use.
itrinity,itrinity,Portfolio Capital,Unknown Candidate,European SaaS acquirer,https://www.itrinity.com/,active,public_web,Unknown,Unknown,Unknown,unknown,European SaaS acquirer,candidate supports industry mapping outside or adjacent to classic unicorn VC,European SaaS acquirer,62,candidate_evidence,2026-05-28,Promoted from entity_intake_queue by intake verification agent; human review required before paper use.
asseco-group,Asseco Group,Portfolio Capital,Unknown Candidate,European software federation,https://www.asseco.com/,active,public_web,Unknown,Unknown,Unknown,unknown,European software federation,candidate supports industry mapping outside or adjacent to classic unicorn VC,European software federation,62,candidate_evidence,2026-05-28,Promoted from entity_intake_queue by intake verification agent; human review required before paper use.
bending-spoons,Bending Spoons,Portfolio Capital,Unknown Candidate,acquire-and-hold software operator,https://bendingspoons.com/,active,public_web,Unknown,Unknown,Unknown,unknown,acquire-and-hold software operator,candidate supports industry mapping outside or adjacent to classic unicorn VC,acquire-and-hold software operator,62,candidate_evidence,2026-05-28,Promoted from entity_intake_queue by intake verification agent; human review required before paper use.
forum-ventures,Forum Ventures,LMV,Unknown Candidate,early-stage B2B accelerator,https://www.forumvc.com/,active,public_web,Unknown,Unknown,Unknown,unknown,early-stage B2B accelerator,candidate supports industry mapping outside or adjacent to classic unicorn VC,early-stage B2B accelerator,62,candidate_evidence,2026-05-28,Promoted from entity_intake_queue by intake verification agent; human review required before paper use.
south-park-commons,South Park Commons,LMV,Unknown Candidate,founder community + fund,https://www.southparkcommons.com/,active,public_web,Unknown,Unknown,Unknown,unknown,founder community + fund,candidate supports industry mapping outside or adjacent to classic unicorn VC,founder community + fund,62,candidate_evidence,2026-05-28,Promoted from entity_intake_queue by intake verification agent; human review required before paper use.
sovereign-tech-fund,Sovereign Tech Fund,Sovereign Capital,Unknown Candidate,German public open-source fund,https://www.sovereign.tech/,active,public_web,Unknown,Unknown,Unknown,unknown,German public open-source fund,candidate supports industry mapping outside or adjacent to classic unicorn VC,German public open-source fund,62,candidate_evidence,2026-05-28,Promoted from entity_intake_queue by intake verification agent; human review required before paper use.
andromeda,Andromeda,Portfolio Capital,Unknown Candidate,capital provider / fund / acquirer / platform,https://www.csiandromeda.com,unknown,public_web,Unknown,Unknown,Unknown,unknown,capital provider / fund / acquirer / platform,candidate supports industry mapping outside or adjacent to classic unicorn VC,capital provider / fund / acquirer / platform,62,candidate_evidence,2026-05-28,Promoted from entity_intake_queue by intake verification agent; human review required before paper use.
atlasview-equity,Atlasview Equity,Portfolio Capital,Unknown Candidate,micro PE acquirer,https://www.atlasviewequity.com/,active,public_web,Unknown,Unknown,Unknown,unknown,micro PE acquirer,candidate supports industry mapping outside or adjacent to classic unicorn VC,micro PE acquirer,62,candidate_evidence,2026-05-28,Promoted from entity_intake_queue by intake verification agent; human review required before paper use.
founder-institute,Founder Institute,LMV,Unknown Candidate,capital provider / fund / acquirer / platform,https://fi.co,unknown,public_web,Unknown,Unknown,Unknown,unknown,capital provider / fund / acquirer / platform,candidate supports industry mapping outside or adjacent to classic unicorn VC,capital provider / fund / acquirer / platform,62,candidate_evidence,2026-05-28,Promoted from entity_intake_queue by intake verification agent; human review required before paper use.
vela-software-group,Vela Software Group,Portfolio Capital,Unknown Candidate,vertical software holding company,https://velasoftwaregroup.com/,active,public_web,Unknown,Unknown,Unknown,unknown,vertical software holding company,candidate supports industry mapping outside or adjacent to classic unicorn VC,vertical software holding company,62,candidate_evidence,2026-05-28,Promoted from entity_intake_queue by intake verification agent; human review required before paper use.
fika-ventures,Fika Ventures,LMV,Unknown Candidate,B2B seed fund,https://fika.vc/,active,public_web,Unknown,Unknown,Unknown,unknown,B2B seed fund,candidate supports industry mapping outside or adjacent to classic unicorn VC,B2B seed fund,62,candidate_evidence,2026-05-28,Promoted from entity_intake_queue by intake verification agent; human review required before paper use.
founder-collective,Founder Collective,LMV,Unknown Candidate,founder-led seed fund,https://foundercollective.com/,active,public_web,Unknown,Unknown,Unknown,unknown,founder-led seed fund,candidate supports industry mapping outside or adjacent to classic unicorn VC,founder-led seed fund,62,candidate_evidence,2026-05-28,Promoted from entity_intake_queue by intake verification agent; human review required before paper use.
homebrew,Homebrew,Patient Capital,Unknown Candidate,operator-led seed,https://homebrew.co/,active,public_web,Unknown,Unknown,Unknown,unknown,operator-led seed,candidate supports industry mapping outside or adjacent to classic unicorn VC,operator-led seed,62,candidate_evidence,2026-05-28,Promoted from entity_intake_queue by intake verification agent; human review required before paper use.
marlin-equity-partners,Marlin Equity Partners,Portfolio Capital,Unknown Candidate,software PE acquirer,https://www.marlinequity.com/,active,public_web,Unknown,Unknown,Unknown,unknown,software PE acquirer,candidate supports industry mapping outside or adjacent to classic unicorn VC,software PE acquirer,62,candidate_evidence,2026-05-28,Promoted from entity_intake_queue by intake verification agent; human review required before paper use.
wefunder,"Wefunder,  ...",SMV,Unknown Candidate,LMV capital provider / indie fund / AI-native micro venture platform,https://wefunder.com/calmfund,unknown,public_web,Unknown,Unknown,Unknown,unknown,LMV capital provider / indie fund / AI-native micro venture platform,candidate supports industry mapping outside or adjacent to classic unicorn VC,LMV capital provider / indie fund / AI-native micro venture platform,62,candidate_evidence,2026-05-28,Promoted from entity_intake_queue by intake verification agent; human review required before paper use. | [A+ 2026-06-01] reclass LMV->SMV: SEAL is a revenue/shared-earnings non-dilutive instrument explicitly contrasted with VC — textbook SMV; though the small fund size and indie ethos also fit LMV.
prime-coalition,Prime Coalition,Patient Capital,Unknown Candidate,climate philanthropic investor,https://www.primecoalition.org/,active,public_web,Unknown,Unknown,Unknown,unknown,climate philanthropic investor,candidate supports industry mapping outside or adjacent to classic unicorn VC,climate philanthropic investor,62,candidate_evidence,2026-05-28,Promoted from entity_intake_queue by intake verification agent; human review required before paper use.
solen-software-group,Solen Software Group,Portfolio Capital,Unknown Candidate,capital provider / fund / acquirer / platform,https://www.solensoftwaregroup.com,unknown,public_web,Unknown,Unknown,Unknown,unknown,capital provider / fund / acquirer / platform,candidate supports industry mapping outside or adjacent to classic unicorn VC,capital provider / fund / acquirer / platform,62,candidate_evidence,2026-05-28,Promoted from entity_intake_queue by intake verification agent; human review required before paper use.
hyperplane-venture-capital,Hyperplane Venture Capital,LMV,Unknown Candidate,AI-native seed fund,https://www.hyperplane.vc/,active,public_web,Unknown,Unknown,Unknown,unknown,AI-native seed fund,candidate supports industry mapping outside or adjacent to classic unicorn VC,AI-native seed fund,62,candidate_evidence,2026-05-28,Promoted from entity_intake_queue by intake verification agent; human review required before paper use.
calm-storm-ventures,Calm/Storm Ventures,LMV,Unknown Candidate,European HealthTech seed,https://calmstorm.vc/,active,public_web,Unknown,Unknown,Unknown,unknown,European HealthTech seed,candidate supports industry mapping outside or adjacent to classic unicorn VC,European HealthTech seed,62,candidate_evidence,2026-05-28,Promoted from entity_intake_queue by intake verification agent; human review required before paper use.
revtek-capital,RevTek Capital,SMV,Unknown Candidate,growth credit for SaaS,https://revtekcapital.com/,active,public_web,Unknown,Unknown,Unknown,unknown,growth credit for SaaS,candidate supports industry mapping outside or adjacent to classic unicorn VC,growth credit for SaaS,62,candidate_evidence,2026-05-28,Promoted from entity_intake_queue by intake verification agent; human review required before paper use.
trilogy-software,Trilogy Software,Portfolio Capital,Unknown Candidate,permanent software holdco,https://www.trilogy.com/,active,public_web,Unknown,Unknown,Unknown,unknown,permanent software holdco,candidate supports industry mapping outside or adjacent to classic unicorn VC,permanent software holdco,62,candidate_evidence,2026-05-28,Promoted from entity_intake_queue by intake verification agent; human review required before paper use.
impro-ventures,Impro Ventures,LMV,LMV,alternative-investments + acquisitions operator-investor,https://impro.ventures/,active,public_web,Barcelona / Miami / Berlin (global),tech-enabled / multi-sector,direct alternative investments + acquisitions,equity; acquisition,companies across multiple industries (early-stage to established),Long-horizon alternative investments and acquisitions across many industries by an operator-investor team with institutional asset-management background.,alternative capital provider / acquirer,60,candidate_evidence,2026-05-29,Manually added 2026-05-29 (referral via Ethan). [needs_review 2026-06-01: official page unfetchable (403/500/JS); tech retained on 3rd-party evidence]
startup-ignition,Startup Ignition,LMV,LMV,startup accelerator / founder program,https://www.startupignition.com/,active,public_web,United States,tech-enabled / multi-sector,accelerator program + founder investment,program; equity,early-stage founders building startups,"Helps founders validate, build and scale real startups via an accelerator/bootcamp + investment program.",accelerator / founder program,60,candidate_evidence,2026-05-29,Manually added 2026-05-29 (referral via Ethan). Homepage scores UVC; placed in LMV (accelerator) pending classification review. FLAGGED FOR REVIEW.
aegis-ventures,Aegis Ventures,Venture Studio,Unknown Candidate,healthtech venture studio,https://aegisventures.com,active,public_web,Unknown,Unknown,Unknown,unknown,healthtech venture studio,candidate supports industry mapping outside or adjacent to classic unicorn VC,healthtech venture studio,62,candidate_evidence,2026-05-29,Promoted from entity_intake_queue by intake verification agent; human review required before paper use.
bow-river-capital,Bow River Capital,Portfolio Capital,Unknown Candidate,software growth equity fund,https://www.bowrivercapital.com/software-growth-equity,active,public_web,Unknown,Unknown,Unknown,unknown,software growth equity fund,candidate supports industry mapping outside or adjacent to classic unicorn VC,software growth equity fund,62,candidate_evidence,2026-05-29,Promoted from entity_intake_queue by intake verification agent; human review required before paper use.
efficient-capital-labs,Efficient Capital Labs,SMV,Unknown Candidate,non-dilutive ARR-based capital provider for SaaS companies,https://www.ecaplabs.com,active,public_web,Unknown,Unknown,Unknown,unknown,non-dilutive ARR-based capital provider for SaaS companies,candidate supports industry mapping outside or adjacent to classic unicorn VC,non-dilutive ARR-based capital provider for SaaS companies,62,candidate_evidence,2026-05-29,Promoted from entity_intake_queue by intake verification agent; human review required before paper use.
recurring-capital-partners,Recurring Capital Partners,SMV,Unknown Candidate,growth debt lender for SaaS,https://recurring.capital/,active,public_web,Unknown,Unknown,Unknown,unknown,growth debt lender for SaaS,candidate supports industry mapping outside or adjacent to classic unicorn VC,growth debt lender for SaaS,62,candidate_evidence,2026-05-29,Promoted from entity_intake_queue by intake verification agent; human review required before paper use.
remote-first-capital,Remote First Capital,LMV,Unknown Candidate,solo operator-investor first-check fund,https://www.remotefirstcapital.com/,active,public_web,Unknown,Unknown,Unknown,unknown,solo operator-investor first-check fund,candidate supports industry mapping outside or adjacent to classic unicorn VC,solo operator-investor first-check fund,62,candidate_evidence,2026-05-29,Promoted from entity_intake_queue by intake verification agent; human review required before paper use.
spectrum-equity,Spectrum Equity,SMV,Unknown Candidate,growth equity firm for recurring-revenue software,https://www.spectrumequity.com/,active,public_web,Unknown,Unknown,Unknown,unknown,growth equity firm for recurring-revenue software,candidate supports industry mapping outside or adjacent to classic unicorn VC,growth equity firm for recurring-revenue software,62,candidate_evidence,2026-05-29,Promoted from entity_intake_queue by intake verification agent; human review required before paper use.
vesta-software-group,Vesta Software Group,Portfolio Capital,Unknown Candidate,buy-and-hold software holding company,https://www.vestasoftwaregroup.com/,active,public_web,Unknown,Unknown,Unknown,unknown,buy-and-hold software holding company,candidate supports industry mapping outside or adjacent to classic unicorn VC,buy-and-hold software holding company,62,candidate_evidence,2026-05-29,Promoted from entity_intake_queue by intake verification agent; human review required before paper use.
vibe-capital,Vibe Capital,LMV,Unknown Candidate,solo-GP operator-investor fund,https://vibe.vc/,active,public_web,Unknown,Unknown,Unknown,unknown,solo-GP operator-investor fund,candidate supports industry mapping outside or adjacent to classic unicorn VC,solo-GP operator-investor fund,62,candidate_evidence,2026-05-29,Promoted from entity_intake_queue by intake verification agent; human review required before paper use.
visible-hands-vhnyc-fellowship,Visible Hands (VHNYC Fellowship),LMV,Unknown Candidate,non-dilutive fellowship grant for overlooked founders,https://www.visiblehands.vc/program-vhnyc,active,public_web,Unknown,Unknown,Unknown,unknown,non-dilutive fellowship grant for overlooked founders,candidate supports industry mapping outside or adjacent to classic unicorn VC,non-dilutive fellowship grant for overlooked founders,62,candidate_evidence,2026-05-29,Promoted from entity_intake_queue by intake verification agent; human review required before paper use.
vistara-growth,Vistara Growth,SMV,Unknown Candidate,growth debt provider for technology companies,https://vistaragrowth.com/,active,public_web,Unknown,Unknown,Unknown,unknown,growth debt provider for technology companies,candidate supports industry mapping outside or adjacent to classic unicorn VC,growth debt provider for technology companies,62,candidate_evidence,2026-05-29,Promoted from entity_intake_queue by intake verification agent; human review required before paper use.
volition-capital,Volition Capital,SMV,Unknown Candidate,growth equity firm for capital-efficient founders,https://www.volitioncapital.com/,active,public_web,Unknown,Unknown,Unknown,unknown,growth equity firm for capital-efficient founders,candidate supports industry mapping outside or adjacent to classic unicorn VC,growth equity firm for capital-efficient founders,62,candidate_evidence,2026-05-29,Promoted from entity_intake_queue by intake verification agent; human review required before paper use.
alleyway-capital,Alleyway Capital,Portfolio Capital,Unknown Candidate,micro-SaaS buy-and-hold acquirer (controlling stakes),https://www.alleywaycapital.com/,active,public_web,Unknown,Unknown,Unknown,unknown,micro-SaaS buy-and-hold acquirer (controlling stakes),candidate supports industry mapping outside or adjacent to classic unicorn VC,micro-SaaS buy-and-hold acquirer (controlling stakes),62,candidate_evidence,2026-05-29,Promoted from entity_intake_queue by intake verification agent; human review required before paper use.
beacon-software,Beacon Software,Portfolio Capital,Unknown Candidate,buy-and-hold software acquirer (anti-PE holdco),https://beaconsoftware.com/,active,public_web,Unknown,Unknown,Unknown,unknown,buy-and-hold software acquirer (anti-PE holdco),candidate supports industry mapping outside or adjacent to classic unicorn VC,buy-and-hold software acquirer (anti-PE holdco),62,candidate_evidence,2026-05-29,Promoted from entity_intake_queue by intake verification agent; human review required before paper use.
big-band-software,Big Band Software,Portfolio Capital,Unknown Candidate,buy-and-hold B2B SaaS holding company,https://www.bigbandsoftware.com/,active,public_web,Unknown,Unknown,Unknown,unknown,buy-and-hold B2B SaaS holding company,candidate supports industry mapping outside or adjacent to classic unicorn VC,buy-and-hold B2B SaaS holding company,62,candidate_evidence,2026-05-29,Promoted from entity_intake_queue by intake verification agent; human review required before paper use.
blenheim-chalcot,Blenheim Chalcot,Venture Studio,Unknown Candidate,venture builder that originates and scales operating companies,https://blenheimchalcot.com/,active,public_web,Unknown,Unknown,Unknown,unknown,venture builder that originates and scales operating companies,candidate supports industry mapping outside or adjacent to classic unicorn VC,venture builder that originates and scales operating companies,62,candidate_evidence,2026-05-29,Promoted from entity_intake_queue by intake verification agent; human review required before paper use.
cake-ventures,Cake Ventures,LMV,Unknown Candidate,solo-GP pre-seed/seed fund,https://cake.vc/,active,public_web,Unknown,Unknown,Unknown,unknown,solo-GP pre-seed/seed fund,candidate supports industry mapping outside or adjacent to classic unicorn VC,solo-GP pre-seed/seed fund,62,candidate_evidence,2026-05-29,Promoted from entity_intake_queue by intake verification agent; human review required before paper use.
coho-growth-capital,Coho Growth Capital,SMV,Unknown Candidate,growth debt lender for software companies,https://cohogrowth.com/,active,public_web,Unknown,Unknown,Unknown,unknown,growth debt lender for software companies,candidate supports industry mapping outside or adjacent to classic unicorn VC,growth debt lender for software companies,62,candidate_evidence,2026-05-29,Promoted from entity_intake_queue by intake verification agent; human review required before paper use.
define-capital,Define Capital,Portfolio Capital,Unknown Candidate,permanent-capital software acquirer / holdco,https://definecapital.ca/,active,public_web,Unknown,Unknown,Unknown,unknown,permanent-capital software acquirer / holdco,candidate supports industry mapping outside or adjacent to classic unicorn VC,permanent-capital software acquirer / holdco,62,candidate_evidence,2026-05-29,Promoted from entity_intake_queue by intake verification agent; human review required before paper use.
diagram,Diagram,Venture Studio,Unknown Candidate,venture builder / studio creating fintech and climatetech companies,https://diagram.vc/,active,public_web,Unknown,Unknown,Unknown,unknown,venture builder / studio creating fintech and climatetech companies,candidate supports industry mapping outside or adjacent to classic unicorn VC,venture builder / studio creating fintech and climatetech companies,62,candidate_evidence,2026-05-29,Promoted from entity_intake_queue by intake verification agent; human review required before paper use.
exa-capital,Exa Capital,Portfolio Capital,Unknown Candidate,buy-and-hold-forever software holdco,https://exacapital.co/,active,public_web,Unknown,Unknown,Unknown,unknown,buy-and-hold-forever software holdco,candidate supports industry mapping outside or adjacent to classic unicorn VC,buy-and-hold-forever software holdco,62,candidate_evidence,2026-05-29,Promoted from entity_intake_queue by intake verification agent; human review required before paper use.
faith-driven-vc,Faith Driven VC,LMV,Unknown Candidate,faith-driven venture investor,https://faithdriven.vc/,active,public_web,Unknown,Unknown,Unknown,unknown,faith-driven venture investor,candidate supports industry mapping outside or adjacent to classic unicorn VC,faith-driven venture investor,62,candidate_evidence,2026-05-29,Promoted from entity_intake_queue by intake verification agent; human review required before paper use.
fullsteam,Fullsteam,Portfolio Capital,Unknown Candidate,vertical software acquire-and-hold holding company,https://www.fullsteam.com/,active,public_web,Unknown,Unknown,Unknown,unknown,vertical software acquire-and-hold holding company,candidate supports industry mapping outside or adjacent to classic unicorn VC,vertical software acquire-and-hold holding company,62,candidate_evidence,2026-05-29,Promoted from entity_intake_queue by intake verification agent; human review required before paper use.
hashed-health,Hashed Health,Venture Studio,Unknown Candidate,healthcare venture studio focused on company creation,https://www.hashedhealth.com/,active,public_web,Unknown,Unknown,Unknown,unknown,healthcare venture studio focused on company creation,candidate supports industry mapping outside or adjacent to classic unicorn VC,healthcare venture studio focused on company creation,62,candidate_evidence,2026-05-29,Promoted from entity_intake_queue by intake verification agent; human review required before paper use.
hawk-infinity-software,Hawk Infinity Software,Portfolio Capital,Unknown Candidate,Nordic niche B2B software serial acquirer / holdco,https://hawkinfinity.com/,active,public_web,Unknown,Unknown,Unknown,unknown,Nordic niche B2B software serial acquirer / holdco,candidate supports industry mapping outside or adjacent to classic unicorn VC,Nordic niche B2B software serial acquirer / holdco,62,candidate_evidence,2026-05-29,Promoted from entity_intake_queue by intake verification agent; human review required before paper use.
invictus-growth-partners,Invictus Growth Partners,Portfolio Capital,Unknown Candidate,B2B software growth equity / acquirer,https://www.invictusgrowth.com/,active,public_web,Unknown,Unknown,Unknown,unknown,B2B software growth equity / acquirer,candidate supports industry mapping outside or adjacent to classic unicorn VC,B2B software growth equity / acquirer,62,candidate_evidence,2026-05-29,Promoted from entity_intake_queue by intake verification agent; human review required before paper use.
llr-partners,LLR Partners,Portfolio Capital,Unknown Candidate,lower middle market software/tech-enabled private equity firm,https://www.llrpartners.com/,active,public_web,Unknown,Unknown,Unknown,unknown,lower middle market software/tech-enabled private equity firm,candidate supports industry mapping outside or adjacent to classic unicorn VC,lower middle market software/tech-enabled private equity firm,62,candidate_evidence,2026-05-29,Promoted from entity_intake_queue by intake verification agent; human review required before paper use.
leo-software-group,Leo Software Group,Portfolio Capital,Unknown Candidate,buy-and-hold-forever software acquirer / holdco,https://www.leosoftwaregroup.com/,active,public_web,Unknown,Unknown,Unknown,unknown,buy-and-hold-forever software acquirer / holdco,candidate supports industry mapping outside or adjacent to classic unicorn VC,buy-and-hold-forever software acquirer / holdco,62,candidate_evidence,2026-05-29,Promoted from entity_intake_queue by intake verification agent; human review required before paper use.
maple-vc,Maple VC,LMV,Unknown Candidate,solo-GP operator-investor fund,https://maplevc.com/,active,public_web,Unknown,Unknown,Unknown,unknown,solo-GP operator-investor fund,candidate supports industry mapping outside or adjacent to classic unicorn VC,solo-GP operator-investor fund,62,candidate_evidence,2026-05-29,Promoted from entity_intake_queue by intake verification agent; human review required before paper use.
multiplier-capital,Multiplier Capital,SMV,Unknown Candidate,growth financing / term loan lender,https://www.multipliercapital.com/,active,public_web,Unknown,Unknown,Unknown,unknown,growth financing / term loan lender,candidate supports industry mapping outside or adjacent to classic unicorn VC,growth financing / term loan lender,62,candidate_evidence,2026-05-29,Promoted from entity_intake_queue by intake verification agent; human review required before paper use.
pyxis-software-group,PYXiS Software Group,Portfolio Capital,Unknown Candidate,vertical market software buy-and-hold acquirer (Jonas/Constellation operating group),https://www.pyxissoftware.com/,active,public_web,Unknown,Unknown,Unknown,unknown,vertical market software buy-and-hold acquirer (Jonas/Constellation operating group),candidate supports industry mapping outside or adjacent to classic unicorn VC,vertical market software buy-and-hold acquirer (Jonas/Constellation operating group),62,candidate_evidence,2026-05-29,Promoted from entity_intake_queue by intake verification agent; human review required before paper use.
partners-for-growth,Partners for Growth,SMV,Unknown Candidate,growth debt lender for tech companies,https://www.pfgrowth.com/,active,public_web,Unknown,Unknown,Unknown,unknown,growth debt lender for tech companies,candidate supports industry mapping outside or adjacent to classic unicorn VC,growth debt lender for tech companies,62,candidate_evidence,2026-05-29,Promoted from entity_intake_queue by intake verification agent; human review required before paper use.
penntech-holdings,PennTech Holdings,Portfolio Capital,Unknown Candidate,long-term-hold B2B software holding company,https://www.penn-tech.com/,active,public_web,Unknown,Unknown,Unknown,unknown,long-term-hold B2B software holding company,candidate supports industry mapping outside or adjacent to classic unicorn VC,long-term-hold B2B software holding company,62,candidate_evidence,2026-05-29,Promoted from entity_intake_queue by intake verification agent; human review required before paper use.
quadshift,Quadshift,Portfolio Capital,Unknown Candidate,vertical software serial acquirer / buy-and-hold holdco,https://www.quadshift.com/,active,public_web,Unknown,Unknown,Unknown,unknown,vertical software serial acquirer / buy-and-hold holdco,candidate supports industry mapping outside or adjacent to classic unicorn VC,vertical software serial acquirer / buy-and-hold holdco,62,candidate_evidence,2026-05-29,Promoted from entity_intake_queue by intake verification agent; human review required before paper use.
recur-software,Recur Software,Portfolio Capital,Unknown Candidate,vertical software holding company (enduring home),https://www.recursoftware.com/,active,public_web,Unknown,Unknown,Unknown,unknown,vertical software holding company (enduring home),candidate supports industry mapping outside or adjacent to classic unicorn VC,vertical software holding company (enduring home),62,candidate_evidence,2026-05-29,Promoted from entity_intake_queue by intake verification agent; human review required before paper use.
redesign-health,Redesign Health,Venture Studio,Unknown Candidate,healthcare venture builder / company creation platform,https://www.redesignhealth.com/,active,public_web,Unknown,Unknown,Unknown,unknown,healthcare venture builder / company creation platform,candidate supports industry mapping outside or adjacent to classic unicorn VC,healthcare venture builder / company creation platform,62,candidate_evidence,2026-05-29,Promoted from entity_intake_queue by intake verification agent; human review required before paper use.
union-software-group,Union Software Group,Portfolio Capital,Unknown Candidate,operator-led permanent software holdco,https://unionsoftwaregroup.com/,active,public_web,Unknown,Unknown,Unknown,unknown,operator-led permanent software holdco,candidate supports industry mapping outside or adjacent to classic unicorn VC,operator-led permanent software holdco,62,candidate_evidence,2026-05-29,Promoted from entity_intake_queue by intake verification agent; human review required before paper use.
viceversa,Viceversa,SMV,Unknown Candidate,equity-free revenue-based financing platform,https://goviceversa.com/,active,public_web,Unknown,Unknown,Unknown,unknown,equity-free revenue-based financing platform,candidate supports industry mapping outside or adjacent to classic unicorn VC,equity-free revenue-based financing platform,62,candidate_evidence,2026-05-29,Promoted from entity_intake_queue by intake verification agent; human review required before paper use.
workhorse-capital,Workhorse Capital,SMV,Unknown Candidate,growth equity for software/tech-enabled services,https://workhorsegrowth.com/,active,public_web,Unknown,Unknown,Unknown,unknown,growth equity for software/tech-enabled services,candidate supports industry mapping outside or adjacent to classic unicorn VC,growth equity for software/tech-enabled services,62,candidate_evidence,2026-05-29,Promoted from entity_intake_queue by intake verification agent; human review required before paper use.
xo-capital,XO Capital,Portfolio Capital,Unknown Candidate,micro-SaaS buy-and-operate firm,https://www.xo.capital/,active,public_web,Unknown,Unknown,Unknown,unknown,micro-SaaS buy-and-operate firm,candidate supports industry mapping outside or adjacent to classic unicorn VC,micro-SaaS buy-and-operate firm,62,candidate_evidence,2026-05-29,Promoted from entity_intake_queue by intake verification agent; human review required before paper use.
ratio,Ratio,SMV,Unknown Candidate,non-dilutive / revenue-based lender,https://www.ratiotech.com/,active,public_web,Unknown,Unknown,Unknown,unknown,non-dilutive / revenue-based lender,candidate supports industry mapping outside or adjacent to classic unicorn VC,non-dilutive / revenue-based lender,62,candidate_evidence,2026-05-29,Promoted from entity_intake_queue by intake verification agent; human review required before paper use.
ajvc,AJVC,LMV,Unknown Candidate,India solo-GP pre-seed fund,https://www.ajuniorvc.com,active,public_web,Unknown,Unknown,Unknown,unknown,India solo-GP pre-seed fund,candidate supports industry mapping outside or adjacent to classic unicorn VC,India solo-GP pre-seed fund,62,candidate_evidence,2026-05-30,Promoted from entity_intake_queue by intake verification agent; human review required before paper use.
ajim-capital,Ajim Capital,LMV,Unknown Candidate,Africa emerging-manager micro fund,https://ajimcapital.com,active,public_web,Unknown,Unknown,Unknown,unknown,Africa emerging-manager micro fund,candidate supports industry mapping outside or adjacent to classic unicorn VC,Africa emerging-manager micro fund,62,candidate_evidence,2026-05-30,Promoted from entity_intake_queue by intake verification agent; human review required before paper use.
capifly,Capifly,SMV,Unknown Candidate,regional revenue-based lender (Shariah-compliant),https://www.growthcapifly.com,active,public_web,Unknown,Unknown,Unknown,unknown,regional revenue-based lender (Shariah-compliant),candidate supports industry mapping outside or adjacent to classic unicorn VC,regional revenue-based lender (Shariah-compliant),62,candidate_evidence,2026-05-30,Promoted from entity_intake_queue by intake verification agent; human review required before paper use.
firstpick,FIRSTPICK,LMV,Unknown Candidate,Baltics first-check micro fund,https://www.firstpick.vc,active,public_web,Unknown,Unknown,Unknown,unknown,Baltics first-check micro fund,candidate supports industry mapping outside or adjacent to classic unicorn VC,Baltics first-check micro fund,62,candidate_evidence,2026-05-30,Promoted from entity_intake_queue by intake verification agent; human review required before paper use.
firstcheck-africa,FirstCheck Africa,LMV,Unknown Candidate,Africa first-check pre-seed fund,https://www.firstcheck.africa,active,public_web,Unknown,Unknown,Unknown,unknown,Africa first-check pre-seed fund,candidate supports industry mapping outside or adjacent to classic unicorn VC,Africa first-check pre-seed fund,62,candidate_evidence,2026-05-30,Promoted from entity_intake_queue by intake verification agent; human review required before paper use.
hasan-vc,HASAN.VC,LMV,Unknown Candidate,Shariah-compliant venture fund + accelerator,https://hasan.vc/,active,public_web,Unknown,Unknown,Unknown,unknown,Shariah-compliant venture fund + accelerator,candidate supports industry mapping outside or adjacent to classic unicorn VC,Shariah-compliant venture fund + accelerator,62,candidate_evidence,2026-05-30,Promoted from entity_intake_queue by intake verification agent; human review required before paper use.
linea-capital,Linea Capital,SMV,Unknown Candidate,regional revenue-based lender,https://lineacap.com,active,public_web,Unknown,Unknown,Unknown,unknown,regional revenue-based lender,candidate supports industry mapping outside or adjacent to classic unicorn VC,regional revenue-based lender,62,candidate_evidence,2026-05-30,Promoted from entity_intake_queue by intake verification agent; human review required before paper use.
outlast-fund,Outlast Fund,LMV,Unknown Candidate,Baltics/Nordics emerging-manager micro fund,https://www.outlastfund.com,active,public_web,Unknown,Unknown,Unknown,unknown,Baltics/Nordics emerging-manager micro fund,candidate supports industry mapping outside or adjacent to classic unicorn VC,Baltics/Nordics emerging-manager micro fund,62,candidate_evidence,2026-05-30,Promoted from entity_intake_queue by intake verification agent; human review required before paper use.
wing-vasiksiri,Wing Vasiksiri,LMV,Unknown Candidate,SE Asia solo-GP micro fund,https://www.wingvasiksiri.com,active,public_web,Unknown,Unknown,Unknown,unknown,SE Asia solo-GP micro fund,candidate supports industry mapping outside or adjacent to classic unicorn VC,SE Asia solo-GP micro fund,62,candidate_evidence,2026-05-30,Promoted from entity_intake_queue by intake verification agent; human review required before paper use.
buoyant-ventures,Buoyant Ventures,LMV,Unknown Candidate,climate venture fund,https://www.buoyant.vc/,active,public_web,Unknown,Unknown,Unknown,unknown,climate venture fund,candidate supports industry mapping outside or adjacent to classic unicorn VC,climate venture fund,62,candidate_evidence,2026-05-30,Promoted from entity_intake_queue by intake verification agent; human review required before paper use.
pamlico-capital,Pamlico Capital,Portfolio Capital,Unknown Candidate,middle-market PE,https://www.pamlicocapital.com/,active,public_web,Unknown,Unknown,Unknown,unknown,middle-market PE,candidate supports industry mapping outside or adjacent to classic unicorn VC,middle-market PE,62,candidate_evidence,2026-05-30,Promoted from entity_intake_queue by intake verification agent; human review required before paper use.
renew-capital,Renew Capital,LMV,Unknown Candidate,Pan-African early-stage VC,https://www.renewcapital.com/,active,public_web,Unknown,Unknown,Unknown,unknown,Pan-African early-stage VC,candidate supports industry mapping outside or adjacent to classic unicorn VC,Pan-African early-stage VC,62,candidate_evidence,2026-05-30,Promoted from entity_intake_queue by intake verification agent; human review required before paper use. | [A+ 2026-06-01] reclass Patient Capital->LMV: Small-ticket ($224k avg) early-stage African VC with blended-finance ecosystem dev mandate - fits LMV (micro VC) more naturally than Patient Capital; impact framing makes Patient defensible too.
riverwood-capital,Riverwood Capital,Portfolio Capital,Unknown Candidate,LatAm/global tech growth,https://www.riverwoodcapital.com/,active,public_web,Unknown,Unknown,Unknown,unknown,LatAm/global tech growth,candidate supports industry mapping outside or adjacent to classic unicorn VC,LatAm/global tech growth,62,candidate_evidence,2026-05-30,Promoted from entity_intake_queue by intake verification agent; human review required before paper use.
vista-credit-partners,Vista Credit Partners,SMV,Unknown Candidate,software-specialist private credit,https://www.vistaequitypartners.com/strategies/credit/,active,public_web,Unknown,Unknown,Unknown,unknown,software-specialist private credit,candidate supports industry mapping outside or adjacent to classic unicorn VC,software-specialist private credit,62,candidate_evidence,2026-05-30,Promoted from entity_intake_queue by intake verification agent; human review required before paper use.
i80-group,i80 Group,SMV,Unknown Candidate,asset-based credit,https://www.i80group.com/,active,public_web,Unknown,Unknown,Unknown,unknown,asset-based credit,candidate supports industry mapping outside or adjacent to classic unicorn VC,asset-based credit,62,candidate_evidence,2026-05-30,Promoted from entity_intake_queue by intake verification agent; human review required before paper use. | [A+ 2026-06-01] reclass Patient Capital->SMV: Non-dilutive asset-based credit/structured credit facilities to growth-stage scalable businesses — fits SMV (non-dilutive growth capital) better than Patient Capital evergreen equity.
software-combined,Software Combined,Portfolio Capital,Unknown Candidate,local-entrepreneur B2B software holdco,https://www.softwarecombined.com/,active,public_web,Unknown,Unknown,Unknown,unknown,local-entrepreneur B2B software holdco,candidate supports industry mapping outside or adjacent to classic unicorn VC,local-entrepreneur B2B software holdco,62,candidate_evidence,2026-05-30,Promoted from entity_intake_queue by intake verification agent; human review required before paper use.
newview-capital,NewView Capital,Patient Capital,Unknown Candidate,venture secondaries / hybrid primary-secondary growth investor,https://www.nvc.vc/,active,public_web,Unknown,Unknown,Unknown,unknown,venture secondaries / hybrid primary-secondary growth investor,candidate supports industry mapping outside or adjacent to classic unicorn VC,venture secondaries / hybrid primary-secondary growth investor,62,candidate_evidence,2026-05-31,Promoted from entity_intake_queue by intake verification agent; human review required before paper use.
all-in-capital,All In Capital,LMV,Unknown Candidate,micro_vc,https://allincapital.vc/,active,public_web,Unknown,Unknown,Unknown,unknown,micro_vc,candidate supports industry mapping outside or adjacent to classic unicorn VC,micro_vc,62,candidate_evidence,2026-05-31,Promoted from entity_intake_queue by intake verification agent; human review required before paper use.
anorak-ventures,Anorak Ventures,LMV,Unknown Candidate,solo-GP seed micro-VC,https://anorak.vc/,active,public_web,Unknown,Unknown,Unknown,unknown,solo-GP seed micro-VC,candidate supports industry mapping outside or adjacent to classic unicorn VC,solo-GP seed micro-VC,62,candidate_evidence,2026-05-31,"Promoted from entity_intake_queue by intake verification agent; human review required before paper use. | [A+ 2026-06-01] reclass Patient Capital->LMV: Small seed-stage venture firm (started 2016, $125B aggregate cap from 120+ portfolio) — fits LMV (solo-GP/micro/indie) profile, not Patient Capital."
arizona-founders-fund,Arizona Founders Fund,LMV,Unknown Candidate,regional micro-VC,https://azff.co/,active,public_web,Unknown,Unknown,Unknown,unknown,regional micro-VC,candidate supports industry mapping outside or adjacent to classic unicorn VC,regional micro-VC,62,candidate_evidence,2026-05-31,Promoted from entity_intake_queue by intake verification agent; human review required before paper use.
artha-venture-partners,Artha Venture Partners,LMV,Unknown Candidate,micro_vc,https://artha.fund/,active,public_web,Unknown,Unknown,Unknown,unknown,micro_vc,candidate supports industry mapping outside or adjacent to classic unicorn VC,micro_vc,62,candidate_evidence,2026-05-31,Promoted from entity_intake_queue by intake verification agent; human review required before paper use.
atento-capital,Atento Capital,Patient Capital,Unknown Candidate,regional micro-VC,https://www.atentocapital.com/,active,public_web,Unknown,Unknown,Unknown,unknown,regional micro-VC,candidate supports industry mapping outside or adjacent to classic unicorn VC,regional micro-VC,62,candidate_evidence,2026-05-31,Promoted from entity_intake_queue by intake verification agent; human review required before paper use.
booom,BOOOM,LMV,Unknown Candidate,solo-GP / micro-VC,https://booom.vc/,active,public_web,Unknown,Unknown,Unknown,unknown,solo-GP / micro-VC,candidate supports industry mapping outside or adjacent to classic unicorn VC,solo-GP / micro-VC,62,candidate_evidence,2026-05-31,"Promoted from entity_intake_queue by intake verification agent; human review required before paper use. | [A+ 2026-06-01] reclass Patient Capital->LMV: Pre-seed/seed micro-VC with small checks (€100-400K) and founder-led GP — textbook LMV, not Patient Capital."
behind-genius-ventures,Behind Genius Ventures,LMV,Unknown Candidate,emerging-manager micro-VC,https://www.behindgeniusventures.com/,active,public_web,Unknown,Unknown,Unknown,unknown,emerging-manager micro-VC,candidate supports industry mapping outside or adjacent to classic unicorn VC,emerging-manager micro-VC,62,candidate_evidence,2026-05-31,"Promoted from entity_intake_queue by intake verification agent; human review required before paper use. | [A+ 2026-06-01] reclass Patient Capital->LMV: Small $15M Fund 2, $250k checks, solo founding partner — textbook LMV (solo-GP/micro/indie), not Patient Capital."
cantos,Cantos,LMV,Unknown Candidate,solo-GP pre-seed micro-VC,https://cantos.vc/,active,public_web,Unknown,Unknown,Unknown,unknown,solo-GP pre-seed micro-VC,candidate supports industry mapping outside or adjacent to classic unicorn VC,solo-GP pre-seed micro-VC,62,candidate_evidence,2026-05-31,Promoted from entity_intake_queue by intake verification agent; human review required before paper use.
cortado-ventures,Cortado Ventures,LMV,Unknown Candidate,regional micro-VC,https://cortado.ventures/,active,public_web,Unknown,Unknown,Unknown,unknown,regional micro-VC,candidate supports industry mapping outside or adjacent to classic unicorn VC,regional micro-VC,62,candidate_evidence,2026-05-31,Promoted from entity_intake_queue by intake verification agent; human review required before paper use. | [A+ 2026-06-01] reclass Patient Capital->LMV: Small seed-stage regional micro-VC ($30M deployed) — fits LMV (regional micro/indie fund) better than Patient Capital.
emblem,Emblem,LMV,Unknown Candidate,micro-VC,https://emblem.vc/,active,public_web,Unknown,Unknown,Unknown,unknown,micro-VC,candidate supports industry mapping outside or adjacent to classic unicorn VC,micro-VC,62,candidate_evidence,2026-05-31,Promoted from entity_intake_queue by intake verification agent; human review required before paper use. | [A+ 2026-06-01] reclass Patient Capital->LMV: $100M Europe-focused pre-seed venture fund — fits LMV (micro/indie fund profile) better than Patient Capital.
eximius-ventures,Eximius Ventures,LMV,Unknown Candidate,micro_vc,https://www.eximiusvc.com/,active,public_web,Unknown,Unknown,Unknown,unknown,micro_vc,candidate supports industry mapping outside or adjacent to classic unicorn VC,micro_vc,62,candidate_evidence,2026-05-31,Promoted from entity_intake_queue by intake verification agent; human review required before paper use.
flyover-capital,Flyover Capital,LMV,Unknown Candidate,regional micro-VC,https://www.flyovercapital.com/,active,public_web,Unknown,Unknown,Unknown,unknown,regional micro-VC,candidate supports industry mapping outside or adjacent to classic unicorn VC,regional micro-VC,62,candidate_evidence,2026-05-31,Promoted from entity_intake_queue by intake verification agent; human review required before paper use. | [A+ 2026-06-01] reclass Patient Capital->LMV: Regional 'middle America' seed venture firm with 49 investments across 19 states — fits LMV (regional micro/indie) better than Patient Capital.
inflexor-ventures,Inflexor Ventures,LMV,Unknown Candidate,deeptech_vc,https://www.inflexor.vc/,active,public_web,Unknown,Unknown,Unknown,unknown,deeptech_vc,candidate supports industry mapping outside or adjacent to classic unicorn VC,deeptech_vc,62,candidate_evidence,2026-05-31,Promoted from entity_intake_queue by intake verification agent; human review required before paper use.
innova-memphis,Innova Memphis,LMV,Unknown Candidate,regional micro-VC,https://innovamemphis.com/,active,public_web,Unknown,Unknown,Unknown,unknown,regional micro-VC,candidate supports industry mapping outside or adjacent to classic unicorn VC,regional micro-VC,62,candidate_evidence,2026-05-31,Promoted from entity_intake_queue by intake verification agent; human review required before paper use. | [A+ 2026-06-01] reclass Patient Capital->LMV: Memphis-based early-stage seed VC with a small AgTech fund — fits LMV (regional micro/seed VC) better than evergreen Patient Capital; no permanent-capital or family-office signals.
kcrise-fund,KCRise Fund,LMV,Unknown Candidate,regional micro-VC,https://www.kcrisefund.com/,active,public_web,Unknown,Unknown,Unknown,unknown,regional micro-VC,candidate supports industry mapping outside or adjacent to classic unicorn VC,regional micro-VC,62,candidate_evidence,2026-05-31,Promoted from entity_intake_queue by intake verification agent; human review required before paper use.
leonis-capital,Leonis Capital,LMV,Unknown Candidate,emerging-manager pre-seed micro-VC,https://www.leoniscap.com/,active,public_web,Unknown,Unknown,Unknown,unknown,emerging-manager pre-seed micro-VC,candidate supports industry mapping outside or adjacent to classic unicorn VC,emerging-manager pre-seed micro-VC,62,candidate_evidence,2026-05-31,Promoted from entity_intake_queue by intake verification agent; human review required before paper use.
magarac-venture-partners,Magarac Venture Partners,LMV,Unknown Candidate,regional micro-VC,https://www.magarac.vc/,active,public_web,Unknown,Unknown,Unknown,unknown,regional micro-VC,candidate supports industry mapping outside or adjacent to classic unicorn VC,regional micro-VC,62,candidate_evidence,2026-05-31,Promoted from entity_intake_queue by intake verification agent; human review required before paper use. | [A+ 2026-06-01] reclass Patient Capital->LMV: Pittsburgh-based small regional seed/Series A VC writing $500k–$5M checks — fits LMV (regional micro-VC) better than Patient Capital; no permanent-capital or family-office language.
mairs-power-venture-capital,Mairs & Power Venture Capital,LMV,Unknown Candidate,regional micro-VC,https://mairsandpower.vc/,active,public_web,Unknown,Unknown,Unknown,unknown,regional micro-VC,candidate supports industry mapping outside or adjacent to classic unicorn VC,regional micro-VC,62,candidate_evidence,2026-05-31,Promoted from entity_intake_queue by intake verification agent; human review required before paper use.
nucleus-capital,Nucleus Capital,LMV,Unknown Candidate,micro-VC,https://www.nucleus-capital.com/,active,public_web,Unknown,Unknown,Unknown,unknown,micro-VC,candidate supports industry mapping outside or adjacent to classic unicorn VC,micro-VC,62,candidate_evidence,2026-05-31,Promoted from entity_intake_queue by intake verification agent; human review required before paper use.
redbud-vc,Redbud VC,LMV,Unknown Candidate,regional micro-VC,https://www.redbud.vc/,active,public_web,Unknown,Unknown,Unknown,unknown,regional micro-VC,candidate supports industry mapping outside or adjacent to classic unicorn VC,regional micro-VC,62,candidate_evidence,2026-05-31,Promoted from entity_intake_queue by intake verification agent; human review required before paper use.
robin-capital,Robin Capital,LMV,Unknown Candidate,solo-GP,https://robincap.com/,active,public_web,Unknown,Unknown,Unknown,unknown,solo-GP,candidate supports industry mapping outside or adjacent to classic unicorn VC,solo-GP,62,candidate_evidence,2026-05-31,Promoted from entity_intake_queue by intake verification agent; human review required before paper use. | [A+ 2026-06-01] reclass Patient Capital->LMV: Solo-GP-style Angel-to-Seed fund focused on Europe deeptech/AI with founder-to-founder model — fits LMV (solo-GP/indie) far better than Patient Capital.
sarah-smith-fund,Sarah Smith Fund,LMV,Unknown Candidate,solo-GP pre-seed micro-VC,https://www.sarahsmith.fund/,active,public_web,Unknown,Unknown,Unknown,unknown,solo-GP pre-seed micro-VC,candidate supports industry mapping outside or adjacent to classic unicorn VC,solo-GP pre-seed micro-VC,62,candidate_evidence,2026-05-31,Promoted from entity_intake_queue by intake verification agent; human review required before paper use.
silverton-partners,Silverton Partners,LMV,Unknown Candidate,regional micro-VC,https://www.silvertonpartners.com/,active,public_web,Unknown,Unknown,Unknown,unknown,regional micro-VC,candidate supports industry mapping outside or adjacent to classic unicorn VC,regional micro-VC,62,candidate_evidence,2026-05-31,"Promoted from entity_intake_queue by intake verification agent; human review required before paper use. | [A+ 2026-06-01] reclass Patient Capital->LMV: Texas-focused early-stage VC with traditional fund structure (7 funds, IPOs/acquisitions exits) — fits LMV (regional early-stage VC) better than Patient Capital; no permanent-capital/family-office signals."
wayfinder-ventures,Wayfinder Ventures,LMV,Unknown Candidate,emerging-manager micro-VC,https://www.wayfinder.com/,active,public_web,Unknown,Unknown,Unknown,unknown,emerging-manager micro-VC,candidate supports industry mapping outside or adjacent to classic unicorn VC,emerging-manager micro-VC,62,candidate_evidence,2026-05-31,Promoted from entity_intake_queue by intake verification agent; human review required before paper use. | [A+ 2026-06-01] reclass Patient Capital->LMV: Self-describes simply as a VC fund backing software/climate/AI startups; tone is classic small thesis VC — fits LMV (small generalist VC) better than Patient Capital; no permanent-capital language.
irrvrntvc,irrvrntVC,LMV,Unknown Candidate,solo-GP micro-VC,https://www.irrvrnt.com/,active,public_web,Unknown,Unknown,Unknown,unknown,solo-GP micro-VC,candidate supports industry mapping outside or adjacent to classic unicorn VC,solo-GP micro-VC,62,candidate_evidence,2026-05-31,Promoted from entity_intake_queue by intake verification agent; human review required before paper use.
212,212,LMV,Unknown Candidate,venture_capital,https://212.vc,active,public_web,Unknown,Unknown,Unknown,unknown,venture_capital,candidate supports industry mapping outside or adjacent to classic unicorn VC,venture_capital,62,candidate_evidence,2026-05-31,Promoted from entity_intake_queue by intake verification agent; human review required before paper use.
black-sheep-capital,Black Sheep Capital,LMV,Unknown Candidate,angel_seed_fund,https://blacksheepcapital.com.au/,active,public_web,Unknown,Unknown,Unknown,unknown,angel_seed_fund,candidate supports industry mapping outside or adjacent to classic unicorn VC,angel_seed_fund,62,candidate_evidence,2026-05-31,Promoted from entity_intake_queue by intake verification agent; human review required before paper use. | [A+ 2026-06-01] reclass Patient Capital->LMV: Small Australian pre-seed/seed VC writing $100k–$500k checks across 22 investments — fits LMV (small/regional) profile better than Patient Capital.
bridgewest-ventures-nz,Bridgewest Ventures NZ,Venture Studio,Unknown Candidate,venture_fund,https://bridgewest.ventures/,active,public_web,Unknown,Unknown,Unknown,unknown,venture_fund,candidate supports industry mapping outside or adjacent to classic unicorn VC,venture_fund,62,candidate_evidence,2026-05-31,Promoted from entity_intake_queue by intake verification agent; human review required before paper use.
cambridge-innovation-capital,Cambridge Innovation Capital,Patient Capital,Unknown Candidate,university_affiliated_vc,https://www.cic.vc,active,public_web,Unknown,Unknown,Unknown,unknown,university_affiliated_vc,candidate supports industry mapping outside or adjacent to classic unicorn VC,university_affiliated_vc,62,candidate_evidence,2026-05-31,Promoted from entity_intake_queue by intake verification agent; human review required before paper use.
climate-vc-fund-2040-ventures,Climate VC Fund (2040 Ventures),LMV,Unknown Candidate,venture_fund,https://climatevcfund.com/,active,public_web,Unknown,Unknown,Unknown,unknown,venture_fund,candidate supports industry mapping outside or adjacent to classic unicorn VC,venture_fund,62,candidate_evidence,2026-05-31,Promoted from entity_intake_queue by intake verification agent; human review required before paper use.
concrete-ventures,Concrete Ventures,LMV,Unknown Candidate,Atlantic Canadian pre-seed venture capital fund,https://www.concrete.vc/,active,public_web,Unknown,Unknown,Unknown,unknown,Atlantic Canadian pre-seed venture capital fund,candidate supports industry mapping outside or adjacent to classic unicorn VC,Atlantic Canadian pre-seed venture capital fund,62,candidate_evidence,2026-05-31,Promoted from entity_intake_queue by intake verification agent; human review required before paper use.
eastend-ventures,Eastend Ventures,LMV,Unknown Candidate,venture_fund,https://eastend.vc/,active,public_web,Unknown,Unknown,Unknown,unknown,venture_fund,candidate supports industry mapping outside or adjacent to classic unicorn VC,venture_fund,62,candidate_evidence,2026-05-31,Promoted from entity_intake_queue by intake verification agent; human review required before paper use.
maui-toa,Maui Toa,Patient Capital,Unknown Candidate,venture_fund,https://www.mauitoa.vc/,active,public_web,Unknown,Unknown,Unknown,unknown,venture_fund,candidate supports industry mapping outside or adjacent to classic unicorn VC,venture_fund,62,candidate_evidence,2026-05-31,Promoted from entity_intake_queue by intake verification agent; human review required before paper use.
oxford-science-enterprises,Oxford Science Enterprises,Venture Studio,Unknown Candidate,university_affiliated_vc,https://oxfordscienceenterprises.com,active,public_web,Unknown,Unknown,Unknown,unknown,university_affiliated_vc,candidate supports industry mapping outside or adjacent to classic unicorn VC,university_affiliated_vc,62,candidate_evidence,2026-05-31,Promoted from entity_intake_queue by intake verification agent; human review required before paper use.
psv-preseed-ventures,PSV (PreSeed Ventures),Patient Capital,Unknown Candidate,"Danish (DTU-rooted) pre-seed venture house — PSV Tech (Nordic software), PSV Hafnium (Nordic deep tech), PSV Foundry",https://psv.xyz/,active,public_web,Unknown,Unknown,Unknown,unknown,"Danish (DTU-rooted) pre-seed venture house — PSV Tech (Nordic software), PSV Hafnium (Nordic deep tech), PSV Foundry",candidate supports industry mapping outside or adjacent to classic unicorn VC,"Danish (DTU-rooted) pre-seed venture house — PSV Tech (Nordic software), PSV Hafnium (Nordic deep tech), PSV Foundry",62,candidate_evidence,2026-05-31,Promoted from entity_intake_queue by intake verification agent; human review required before paper use.
pangaea-ventures,Pangaea Ventures,Patient Capital,Unknown Candidate,Vancouver-based hard-tech / materials-science impact VC (25 corporate strategic LPs),https://www.pangaeaventures.com/,active,public_web,Unknown,Unknown,Unknown,unknown,Vancouver-based hard-tech / materials-science impact VC (25 corporate strategic LPs),candidate supports industry mapping outside or adjacent to classic unicorn VC,Vancouver-based hard-tech / materials-science impact VC (25 corporate strategic LPs),62,candidate_evidence,2026-05-31,Promoted from entity_intake_queue by intake verification agent; human review required before paper use.
triptyq-capital,Triptyq Capital,LMV,Unknown Candidate,Montreal / Quebec creator-economy & digital-entertainment seed VC,https://triptyq.vc/,active,public_web,Unknown,Unknown,Unknown,unknown,Montreal / Quebec creator-economy & digital-entertainment seed VC,candidate supports industry mapping outside or adjacent to classic unicorn VC,Montreal / Quebec creator-economy & digital-entertainment seed VC,62,candidate_evidence,2026-05-31,Promoted from entity_intake_queue by intake verification agent; human review required before paper use.
virescent-ventures,Virescent Ventures,Sovereign Capital,Unknown Candidate,venture_fund,https://www.virescent.vc/,active,public_web,Unknown,Unknown,Unknown,unknown,venture_fund,candidate supports industry mapping outside or adjacent to classic unicorn VC,venture_fund,62,candidate_evidence,2026-05-31,Promoted from entity_intake_queue by intake verification agent; human review required before paper use.
bronze-valley,Bronze Valley,LMV,Unknown Candidate,underrepresented_founder_vc,https://www.bronzevalley.com/,active,public_web,Unknown,Unknown,Unknown,unknown,underrepresented_founder_vc,candidate supports industry mapping outside or adjacent to classic unicorn VC,underrepresented_founder_vc,62,candidate_evidence,2026-05-31,Promoted from entity_intake_queue by intake verification agent; human review required before paper use. | [A+ 2026-06-01] reclass Patient Capital->LMV: Mission-focused VC for under-resourced founders with 66 investments and accelerator program; sits between LMV (small mission-driven micro-VC) and Patient Capital. LMV best matches the indie/micro-VC structure visible in self-description.
eos-advisory,Eos Advisory,LMV,Unknown Candidate,seed venture capital firm,https://eos-advisory.com,active,public_web,Unknown,Unknown,Unknown,unknown,seed venture capital firm,candidate supports industry mapping outside or adjacent to classic unicorn VC,seed venture capital firm,62,candidate_evidence,2026-05-31,Promoted from entity_intake_queue by intake verification agent; human review required before paper use.
fintech-ventures-fund,Fintech Ventures Fund,LMV,Unknown Candidate,specialty_fintech_vc,https://www.fintechv.com/,active,public_web,Unknown,Unknown,Unknown,unknown,specialty_fintech_vc,candidate supports industry mapping outside or adjacent to classic unicorn VC,specialty_fintech_vc,62,candidate_evidence,2026-05-31,Promoted from entity_intake_queue by intake verification agent; human review required before paper use.
halcyon-futures,Halcyon Futures,Patient Capital,Unknown Candidate,ai_safety_allocator,https://www.halcyonfutures.org/,active,public_web,Unknown,Unknown,Unknown,unknown,ai_safety_allocator,candidate supports industry mapping outside or adjacent to classic unicorn VC,ai_safety_allocator,62,candidate_evidence,2026-05-31,Promoted from entity_intake_queue by intake verification agent; human review required before paper use.
metaplanet,Metaplanet,Patient Capital,Unknown Candidate,evergreen_investment_firm,https://metaplanet.com/,active,public_web,Unknown,Unknown,Unknown,unknown,evergreen_investment_firm,candidate supports industry mapping outside or adjacent to classic unicorn VC,evergreen_investment_firm,62,candidate_evidence,2026-05-31,Promoted from entity_intake_queue by intake verification agent; human review required before paper use.
northern-gritstone,Northern Gritstone,Patient Capital,Unknown Candidate,university spinout investment company,https://www.northern-gritstone.com,active,public_web,Unknown,Unknown,Unknown,unknown,university spinout investment company,candidate supports industry mapping outside or adjacent to classic unicorn VC,university spinout investment company,62,candidate_evidence,2026-05-31,Promoted from entity_intake_queue by intake verification agent; human review required before paper use.
oss-capital,OSS Capital,LMV,Unknown Candidate,specialty_oss_vc,https://oss.capital/,active,public_web,Unknown,Unknown,Unknown,unknown,specialty_oss_vc,candidate supports industry mapping outside or adjacent to classic unicorn VC,specialty_oss_vc,62,candidate_evidence,2026-05-31,Promoted from entity_intake_queue by intake verification agent; human review required before paper use.
outset-capital,Outset Capital,LMV,Unknown Candidate,micro_vc,https://www.outsetcapital.com/,active,public_web,Unknown,Unknown,Unknown,unknown,micro_vc,candidate supports industry mapping outside or adjacent to classic unicorn VC,micro_vc,62,candidate_evidence,2026-05-31,Promoted from entity_intake_queue by intake verification agent; human review required before paper use.
overline,Overline,LMV,Unknown Candidate,regional_seed_vc,https://overline.vc/,active,public_web,Unknown,Unknown,Unknown,unknown,regional_seed_vc,candidate supports industry mapping outside or adjacent to classic unicorn VC,regional_seed_vc,62,candidate_evidence,2026-05-31,Promoted from entity_intake_queue by intake verification agent; human review required before paper use.
1337-ventures,1337 Ventures,LMV,Unknown Candidate,Malaysia early-stage VC / accelerator,https://1337.ventures/,active,public_web,Unknown,Unknown,Unknown,unknown,Malaysia early-stage VC / accelerator,candidate supports industry mapping outside or adjacent to classic unicorn VC,Malaysia early-stage VC / accelerator,62,candidate_evidence,2026-05-31,Promoted from entity_intake_queue by intake verification agent; human review required before paper use.
activat-vc,Activat VC,LMV,Unknown Candidate,Kazakhstan venture capital firm,https://activat.vc/en,active,public_web,Unknown,Unknown,Unknown,unknown,Kazakhstan venture capital firm,candidate supports industry mapping outside or adjacent to classic unicorn VC,Kazakhstan venture capital firm,62,candidate_evidence,2026-05-31,Promoted from entity_intake_queue by intake verification agent; human review required before paper use.
anchorless-bangladesh,Anchorless Bangladesh,LMV,Unknown Candidate,Bangladesh early-stage venture investment fund,https://www.anchorless.vc/,active,public_web,Unknown,Unknown,Unknown,unknown,Bangladesh early-stage venture investment fund,candidate supports industry mapping outside or adjacent to classic unicorn VC,Bangladesh early-stage venture investment fund,62,candidate_evidence,2026-05-31,Promoted from entity_intake_queue by intake verification agent; human review required before paper use. | [A+ 2026-06-01] reclass Patient Capital->LMV: Early-stage VC fund in frontier market (Bangladesh) with global capital; fits LMV micro/indie VC profile rather than evergreen/permanent patient capital.
catalyst-fund,Catalyst Fund,LMV,Unknown Candidate,Pre-seed VC and accelerator for inclusive fintech (Africa-focused),https://www.thecatalystfund.com/,active,public_web,Unknown,Unknown,Unknown,unknown,Pre-seed VC and accelerator for inclusive fintech (Africa-focused),candidate supports industry mapping outside or adjacent to classic unicorn VC,Pre-seed VC and accelerator for inclusive fintech (Africa-focused),62,candidate_evidence,2026-05-31,Promoted from entity_intake_queue by intake verification agent; human review required before paper use.
healthcap-africa,HealthCap Africa,LMV,Unknown Candidate,Female-led healthtech/fintech VC (Pan-African),https://healthcap.co/,active,public_web,Unknown,Unknown,Unknown,unknown,Female-led healthtech/fintech VC (Pan-African),candidate supports industry mapping outside or adjacent to classic unicorn VC,Female-led healthtech/fintech VC (Pan-African),62,candidate_evidence,2026-05-31,Promoted from entity_intake_queue by intake verification agent; human review required before paper use.
impacta-vc,Impacta VC,LMV,Unknown Candidate,impact_vc_fund,https://www.impacta.vc/,active,public_web,Unknown,Unknown,Unknown,unknown,impact_vc_fund,candidate supports industry mapping outside or adjacent to classic unicorn VC,impact_vc_fund,62,candidate_evidence,2026-05-31,Promoted from entity_intake_queue by intake verification agent; human review required before paper use. | [A+ 2026-06-01] reclass Patient Capital->LMV: Small-check ($100-500K) thematic impact VC in LATAM; sits between LMV (micro VC structure) and Patient Capital (impact thesis); LMV is structurally closer given seed-stage classic VC ticket model with explicit Seed-to-Series A staging.
most-ventures,MOST Ventures,LMV,Unknown Candidate,Kazakhstan / Central Eurasia seed–Series A VC,https://mostfund.vc/,active,public_web,Unknown,Unknown,Unknown,unknown,Kazakhstan / Central Eurasia seed–Series A VC,candidate supports industry mapping outside or adjacent to classic unicorn VC,Kazakhstan / Central Eurasia seed–Series A VC,62,candidate_evidence,2026-05-31,Promoted from entity_intake_queue by intake verification agent; human review required before paper use.
sp-ventures,SP Ventures,Patient Capital,Unknown Candidate,agfood_climate_vc,https://spventures.com.br/,active,public_web,Unknown,Unknown,Unknown,unknown,agfood_climate_vc,candidate supports industry mapping outside or adjacent to classic unicorn VC,agfood_climate_vc,62,candidate_evidence,2026-05-31,Promoted from entity_intake_queue by intake verification agent; human review required before paper use.
salkantay-ventures,Salkantay Ventures,LMV,Unknown Candidate,early_stage_vc,https://www.salkantay.vc/,active,public_web,Unknown,Unknown,Unknown,unknown,early_stage_vc,candidate supports industry mapping outside or adjacent to classic unicorn VC,early_stage_vc,62,candidate_evidence,2026-05-31,Promoted from entity_intake_queue by intake verification agent; human review required before paper use. | [A+ 2026-06-01] reclass Patient Capital->LMV: Self-describes as small ($26M AUM) pre-seed/Series A regional VC -- small-fund/micro-VC characteristics fit LMV better than Patient Capital.
verod-kepple-africa-ventures,Verod-Kepple Africa Ventures,LMV,Unknown Candidate,Pan-African growth-stage tech VC (Japan-LP backed),https://vkav.vc/,active,public_web,Unknown,Unknown,Unknown,unknown,Pan-African growth-stage tech VC (Japan-LP backed),candidate supports industry mapping outside or adjacent to classic unicorn VC,Pan-African growth-stage tech VC (Japan-LP backed),62,candidate_evidence,2026-05-31,Promoted from entity_intake_queue by intake verification agent; human review required before paper use.
mars-investment-accelerator-fund-iaf,MaRS Investment Accelerator Fund (IAF),Sovereign Capital,Unknown Candidate,government_backed_seed_fund,https://marsiaf.com/,active,public_web,Unknown,Unknown,Unknown,unknown,government_backed_seed_fund,candidate supports industry mapping outside or adjacent to classic unicorn VC,government_backed_seed_fund,62,candidate_evidence,2026-05-31,Promoted from entity_intake_queue by intake verification agent; human review required before paper use. | [A+ 2026-06-01] reclass Patient Capital->Sovereign Capital: Government-backed evergreen seed fund in Ontario — fits Sovereign Capital's state/public-investment-arm category; Patient Capital also defensible due to evergreen structure.
penny-jar-capital,Penny Jar Capital,LMV,Unknown Candidate,Athlete-backed seed VC (Stephen Curry),https://www.pennyjar.com,active,public_web,Unknown,Unknown,Unknown,unknown,Athlete-backed seed VC (Stephen Curry),candidate supports industry mapping outside or adjacent to classic unicorn VC,Athlete-backed seed VC (Stephen Curry),62,candidate_evidence,2026-05-31,"Promoted from entity_intake_queue by intake verification agent; human review required before paper use. | [A+ 2026-06-01] reclass Patient Capital->LMV: Athlete-backed seed VC with small fund, network-driven value-add — fits LMV (micro/solo/indie VC) rather than Patient."
tedco-maryland-technology-development-corporation,TEDCO (Maryland Technology Development Corporation),Sovereign Capital,Unknown Candidate,state_investment_arm,https://www.tedcomd.com/,active,public_web,Unknown,Unknown,Unknown,unknown,state_investment_arm,candidate supports industry mapping outside or adjacent to classic unicorn VC,state_investment_arm,62,candidate_evidence,2026-05-31,Promoted from entity_intake_queue by intake verification agent; human review required before paper use.
the-veteran-fund,The Veteran Fund,LMV,Unknown Candidate,specialist_vc,https://www.veteran.fund/,active,public_web,Unknown,Unknown,Unknown,unknown,specialist_vc,candidate supports industry mapping outside or adjacent to classic unicorn VC,specialist_vc,62,candidate_evidence,2026-05-31,Promoted from entity_intake_queue by intake verification agent; human review required before paper use.
axon-partners-group,Axon Partners Group,LMV,Unknown Candidate,alternative_asset_manager,https://www.axonpartnersgroup.com,active,public_web,Unknown,Unknown,Unknown,unknown,alternative_asset_manager,candidate supports industry mapping outside or adjacent to classic unicorn VC,alternative_asset_manager,62,candidate_evidence,2026-05-31,"Promoted from entity_intake_queue by intake verification agent; human review required before paper use. | [A+ 2026-06-01] reclass Patient Capital->LMV: Mixed model with Growth VC, ClimaTech, and Fund-of-VC-Funds suggests classic VC/specialty rather than Patient Capital evergreen; closer to LMV multi-strategy investment manager."
coparion,Coparion,Sovereign Capital,Unknown Candidate,venture_capital,https://www.coparion.vc,active,public_web,Unknown,Unknown,Unknown,unknown,venture_capital,candidate supports industry mapping outside or adjacent to classic unicorn VC,venture_capital,62,candidate_evidence,2026-05-31,"Promoted from entity_intake_queue by intake verification agent; human review required before paper use. | [A+ 2026-06-01] reclass Patient Capital->Sovereign Capital: Backed by ERP-Sondervermögen (Federal Ministry), KfW Capital, and EIB - state-aligned co-investment vehicle. Could fit Sovereign Capital; otherwise UVC. Patient Capital framing weak."
educapital,Educapital,LMV,Unknown Candidate,micro_vc_fund,http://educapitalvc.com,active,public_web,Unknown,Unknown,Unknown,unknown,micro_vc_fund,candidate supports industry mapping outside or adjacent to classic unicorn VC,micro_vc_fund,62,candidate_evidence,2026-05-31,Promoted from entity_intake_queue by intake verification agent; human review required before paper use. | [A+ 2026-06-01] reclass Patient Capital->LMV: Self-describes as 'Edtech & Future of Work VC Fund' targeting late seed-Series B; specialty thematic VC fits LMV better than Patient Capital.
learn-capital,Learn Capital,LMV,Unknown Candidate,edtech specialty VC,https://learn.vc/,active,public_web,Unknown,Unknown,Unknown,unknown,edtech specialty VC,candidate supports industry mapping outside or adjacent to classic unicorn VC,edtech specialty VC,62,candidate_evidence,2026-05-31,"Promoted from entity_intake_queue by intake verification agent; human review required before paper use. | [A+ 2026-06-01] reclass Patient Capital->LMV: Specialty edtech VC backing ventures across education stages - fits LMV niche/specialty VC, not generic Patient Capital."
oneragtime,OneRagtime,LMV,Unknown Candidate,micro_vc_fund,https://www.oneragtime.com,active,public_web,Unknown,Unknown,Unknown,unknown,micro_vc_fund,candidate supports industry mapping outside or adjacent to classic unicorn VC,micro_vc_fund,62,candidate_evidence,2026-05-31,Promoted from entity_intake_queue by intake verification agent; human review required before paper use. | [A+ 2026-06-01] reclass Patient Capital->LMV: Seed/Series B VC platform with club-deal model and €150m AUM is closer to LMV (specialty/indie VC) than Patient Capital.
pitchdrive,Pitchdrive,LMV,Unknown Candidate,micro_vc_fund,https://www.pitchdrive.com,active,public_web,Unknown,Unknown,Unknown,unknown,micro_vc_fund,candidate supports industry mapping outside or adjacent to classic unicorn VC,micro_vc_fund,62,candidate_evidence,2026-05-31,Promoted from entity_intake_queue by intake verification agent; human review required before paper use.
practica-capital,Practica Capital,LMV,Unknown Candidate,micro-VC,https://www.practica.vc,active,public_web,Unknown,Unknown,Unknown,unknown,micro-VC,candidate supports industry mapping outside or adjacent to classic unicorn VC,micro-VC,62,candidate_evidence,2026-05-31,Promoted from entity_intake_queue by intake verification agent; human review required before paper use. | [A+ 2026-06-01] reclass Patient Capital->LMV: Multi-vintage Baltic regional VC at pre-seed/seed/Series A with €132m AUM fits LMV (regional micro-VC).
reach-capital,Reach Capital,LMV,Unknown Candidate,edtech specialty VC,https://reachcapital.com/,active,public_web,Unknown,Unknown,Unknown,unknown,edtech specialty VC,candidate supports industry mapping outside or adjacent to classic unicorn VC,edtech specialty VC,62,candidate_evidence,2026-05-31,Promoted from entity_intake_queue by intake verification agent; human review required before paper use.
senovo,Senovo,LMV,Unknown Candidate,venture_capital,https://www.senovo.vc,active,public_web,Unknown,Unknown,Unknown,unknown,venture_capital,candidate supports industry mapping outside or adjacent to classic unicorn VC,venture_capital,62,candidate_evidence,2026-05-31,Promoted from entity_intake_queue by intake verification agent; human review required before paper use.
shorooq-partners,Shorooq Partners,LMV,Unknown Candidate,micro_vc,https://www.shorooq.com/,active,public_web,Unknown,Unknown,Unknown,unknown,micro_vc,candidate supports industry mapping outside or adjacent to classic unicorn VC,micro_vc,62,candidate_evidence,2026-05-31,Promoted from entity_intake_queue by intake verification agent; human review required before paper use.
spicehaus-partners,Spicehaus Partners,LMV,Unknown Candidate,venture_capital,https://spicehaus.com,active,public_web,Unknown,Unknown,Unknown,unknown,venture_capital,candidate supports industry mapping outside or adjacent to classic unicorn VC,venture_capital,62,candidate_evidence,2026-05-31,Promoted from entity_intake_queue by intake verification agent; human review required before paper use.
wireframe-ventures,Wireframe Ventures,LMV,Unknown Candidate,climate / bioscience / energy seed VC,https://wireframevc.com,active,public_web,Unknown,Unknown,Unknown,unknown,climate / bioscience / energy seed VC,candidate supports industry mapping outside or adjacent to classic unicorn VC,climate / bioscience / energy seed VC,62,candidate_evidence,2026-05-31,Promoted from entity_intake_queue by intake verification agent; human review required before paper use.
catalyst-romania,Catalyst Romania,LMV,Unknown Candidate,growth equity tech fund (Romania / CEE),https://catalystromania.com/,active,public_web,Unknown,Unknown,Unknown,unknown,growth equity tech fund (Romania / CEE),candidate supports industry mapping outside or adjacent to classic unicorn VC,growth equity tech fund (Romania / CEE),62,candidate_evidence,2026-05-31,Promoted from entity_intake_queue by intake verification agent; human review required before paper use. | [A+ 2026-06-01] reclass Patient Capital->LMV: EUR 15-50M classic regional tech VC making 1-3M EUR tickets in growth-stage tech firms; reads as a small/regional VC (LMV-style boutique) rather than Patient Capital.
cintrifuse-capital,Cintrifuse Capital,LMV,Unknown Candidate,regional_seed_vc,https://cintrifusecapital.com/,active,public_web,Unknown,Unknown,Unknown,unknown,regional_seed_vc,candidate supports industry mapping outside or adjacent to classic unicorn VC,regional_seed_vc,62,candidate_evidence,2026-05-31,"Promoted from entity_intake_queue by intake verification agent; human review required before paper use. | [A+ 2026-06-01] reclass Patient Capital->LMV: Regional Cincinnati-focused direct + FoF VC vehicle; LMV (regional/ecosystem small fund) fits better than Patient Capital, though regional-FoF blurs the line."
lbbw-venture-capital,LBBW Venture Capital,Sovereign Capital,Unknown Candidate,public_bank_vc_arm,https://www.lbbwvc.de/,active,public_web,Unknown,Unknown,Unknown,unknown,public_bank_vc_arm,candidate supports industry mapping outside or adjacent to classic unicorn VC,public_bank_vc_arm,62,candidate_evidence,2026-05-31,Promoted from entity_intake_queue by intake verification agent; human review required before paper use.
one-way-ventures,One Way Ventures,LMV,Unknown Candidate,immigrant_founder_vc,https://www.onewayvc.com/,active,public_web,Unknown,Unknown,Unknown,unknown,immigrant_founder_vc,candidate supports industry mapping outside or adjacent to classic unicorn VC,immigrant_founder_vc,62,candidate_evidence,2026-05-31,"Promoted from entity_intake_queue by intake verification agent; human review required before paper use. | [A+ 2026-06-01] reclass Patient Capital->LMV: Thesis-driven Boston seed VC backing immigrant founders; classic LMV / boutique thematic micro-VC, not Patient Capital."
presto-ventures,Presto Ventures,LMV,Unknown Candidate,"deeptech / defense venture capital fund (Prague, Czech Republic)",https://www.prestoventures.com/,active,public_web,Unknown,Unknown,Unknown,unknown,"deeptech / defense venture capital fund (Prague, Czech Republic)",candidate supports industry mapping outside or adjacent to classic unicorn VC,"deeptech / defense venture capital fund (Prague, Czech Republic)",62,candidate_evidence,2026-05-31,"Promoted from entity_intake_queue by intake verification agent; human review required before paper use. | [A+ 2026-06-01] reclass Patient Capital->LMV: Czech-based €150M defense/aerospace/NATO Seed-Series A VC fund — classic mid-sized regional/thematic VC; LMV fits better than Patient Capital (and possibly closer to UVC at €150M scale, but thematic enough to read LMV)."
tecpier,TecPier,LMV,Unknown Candidate,specialty_vertical_vc,https://tecpier.vc/,active,public_web,Unknown,Unknown,Unknown,unknown,specialty_vertical_vc,candidate supports industry mapping outside or adjacent to classic unicorn VC,specialty_vertical_vc,62,candidate_evidence,2026-05-31,"Promoted from entity_intake_queue by intake verification agent; human review required before paper use. | [A+ 2026-06-01] reclass Patient Capital->LMV: Vertical specialty (maritime/logistics) early-stage B2B seed VC out of Hamburg — boutique thematic indie fund; LMV fits cleanly, not Patient Capital."
anamcara-capital,Anamcara Capital,LMV,Unknown Candidate,"Solo-GP micro VC fund (Europe, B2B software/AI, Fund I $10.6M)",https://www.anamcaracapital.com,active,public_web,Unknown,Unknown,Unknown,unknown,"Solo-GP micro VC fund (Europe, B2B software/AI, Fund I $10.6M)",candidate supports industry mapping outside or adjacent to classic unicorn VC,"Solo-GP micro VC fund (Europe, B2B software/AI, Fund I $10.6M)",62,candidate_evidence,2026-06-01,Promoted from entity_intake_queue by intake verification agent; human review required before paper use.
cambrian-ventures,Cambrian Ventures,LMV,Unknown Candidate,"solo-GP micro VC, fintech-focused pre-seed/seed",https://www.cambrian.vc/,active,public_web,Unknown,Unknown,Unknown,unknown,"solo-GP micro VC, fintech-focused pre-seed/seed",candidate supports industry mapping outside or adjacent to classic unicorn VC,"solo-GP micro VC, fintech-focused pre-seed/seed",62,candidate_evidence,2026-06-01,Promoted from entity_intake_queue by intake verification agent; human review required before paper use.
