entity_id,name,website,assigned_verdict,page_type,self_described_class,class_match,note,final_status
tinyseed,TinySeed,https://tinyseed.com/,genuine_misclassified,allocator,LMV,False,"Homepage describes a B2B SaaS accelerator and fund ('TinySeed Has Raised Its Fourth Early-Stage SaaS Fund, Totaling Over $16M') giving founders 'the perfect amount of funding' as founder-friendly equi",genuine_flag_reclassify
calm-company-fund,Calm Company Fund,https://calmfund.com/,genuine_correct,allocator,Patient Capital,True,"Self-describes as investing 'early in profitable businesses that want to maximize their chances of success and build for the long-term' via a Shared Earnings Agreement, an evergreen/long-hold patient-",genuine_correct
earnest-capital,Earnest Capital,https://earnestcapital.com/,unverifiable,other,none,False,"Homepage returned HTTP 403 Forbidden, so the page could not be read and the entity cannot be judged from its own site.",unverifiable_keep_flag
indie-vc,Indie.vc,https://www.indie.vc/,unverifiable,other,none,False,"Fetched page exposed only navigation links (Facts, Vibes, Mailing List, Contact) with no descriptive body text, so the JS-only/thin page yields no basis to verify what they are.",unverifiable_keep_flag
lighter-capital,Lighter Capital,https://www.lightercapital.com/,genuine_correct,allocator,SMV,True,"Self-describes as deploying its own capital as non-dilutive debt/revenue-based financing ('Get up to $10M in founder-friendly financing... No equity, board seats, or personal guarantees'), a textbook ",genuine_correct
capchase,Capchase,https://www.capchase.com/,genuine_misclassified,allocator,none,False,"Page states 'Capchase lends to buyers directly, pays vendors and channel partners out upfront' as 'the only platform that's both the lender and the technology', so it bears its own capital but as B2B ",genuine_flag_reclassify
founderpath,Founderpath,https://founderpath.com/,genuine_correct,allocator,SMV,True,"Self-describes deploying its own/raised capital via 'revenue-based financing, term loans, and lines of credit' that is 'non-dilutive' ('deployed $271M to founders'), matching SMV non-dilutive growth c",genuine_correct
pipe,Pipe,https://pipe.com/,junk_not_allocator,product_or_saas,none,False,Now self-describes as 'the embedded financial OS powering businesses on your platform' — software infrastructure that lets OTHER platforms offer embedded financing rather than an entity deploying its ,rescued_allocator->SMV
clearco,Clearco,https://clear.co/,genuine_correct,allocator,SMV,True,"Self-describes as a non-dilutive 'capital partner' providing revenue-based 'Flexible capital, built around how you grow' to DTC/SaaS brands ('$3B' invested across '10,000+ brands'), matching SMV.",genuine_correct
wayflyer,Wayflyer,https://wayflyer.com/,genuine_correct,allocator,SMV,True,"Self-describes as providing revenue-based financing of '$5K-$20M' where 'We don't ask for personal guarantees or take equity in your business', a non-dilutive ecommerce capital provider matching SMV.",genuine_correct
uncapped,Uncapped,https://www.weareuncapped.com/,unverifiable,allocator,none,False,"Homepage returned HTTP 403 Forbidden, so the page could not be read and the entity cannot be judged from its own site.",unverifiable_keep_flag
outfund,Outfund,https://www.out.fund/,genuine_correct,allocator,SMV,True,"Self-describes as a lender (regulatory note 'MTL Financial LTD, which is a Lender') offering revenue-based financing and fixed-repayment funding of £25k-£10M, matching SMV non-dilutive growth capital.",genuine_correct
decathlon-capital-partners,Decathlon Capital Partners,https://decathloncapital.com/,genuine_correct,allocator,SMV,True,"Homepage describes a 'Growth-Lending Firm' providing 'non-dilutive growth capital' / revenue-based financing to $4M-$100M revenue companies without dilution or loss of control, squarely SMV.",genuine_correct
saas-capital,SaaS Capital,https://www.saas-capital.com/,genuine_correct,allocator,SMV,True,"Page offers 'non-dilutive capital' via an MRR line-of-credit for SaaS scale-ups ($3M+ ARR), a recurring-revenue-based lender deploying its own credit — SMV is defensible.",genuine_correct
novel-capital,Novel Capital,https://www.novelcapital.com/,unverifiable,other,none,False,"WebFetch returned no content on both novelcapital.com and the root domain (JS-rendered SPA), so the page could not be judged.",unverifiable_keep_flag
bigfoot-capital,Bigfoot Capital,https://bigfootcap.com/,genuine_correct,allocator,SMV,True,"Thin homepage but the distinctive tagline 'The Solution to Your Dilution' affirms non-dilutive growth financing, consistent with SMV (page is sparse, only tagline rendered).",genuine_correct
espresso-capital,Espresso Capital,https://www.espressocapital.com/,unverifiable,other,none,False,"WebFetch returned empty content on both espressocapital.com and its /about page (JS-rendered), so the page itself could not be evaluated.",unverifiable_keep_flag
timia-capital,TIMIA Capital,https://timiacapital.com/,genuine_correct,allocator,SMV,True,"Page states 'We provide debt capital to B2B technology companies with between $2 million and $20 million in ARR' as a non-dilutive VC alternative — recurring-revenue growth debt, SMV fits.",genuine_correct
flow-capital,Flow Capital,https://flowcap.com/,genuine_correct,allocator,SMV,True,"Homepage offers 'Founder-friendly growth capital' (venture debt with minimal warrants) that is 'More flexible than bank debt, less expensive than venture capital' for $3M+ revenue firms — SMV is defen",genuine_correct
corl,Corl,https://corl.io/,unverifiable,other,none,False,"corl.io 301-redirects to npkn.com ('Napkin Global'), an unrelated M&A roll-up acquirer; the original Corl revenue-share lender is no longer present at this domain so it cannot be verified.",removed_non_entity
braavo-capital,Braavo Capital,https://www.getbraavo.com/,genuine_misclassified,allocator,SMV,False,"Page describes revenue-based financing, App Store payout advances, and $2-5M structured credit lines for mobile apps ('accelerate growth without equity dilution') — that is non-dilutive growth capital",genuine_flag_reclassify
vitt,Vitt,https://www.vitt.com/,unverifiable,other,none,False,"vitt.com now serves a domain-for-sale parking page ('This domain is still available for sale! Grab It Before It's Gone!'); the SaaS revenue-financing entity is no longer live, so it cannot be verified",removed_non_entity
levenue,Levenue,https://www.levenue.com/,junk_not_allocator,marketplace_or_broker,none,False,Homepage describes a 'marketplace platform connecting companies with investors' where third-party 'investors bid in a Dutch Auction' for revenue contracts — it matches buyers and sellers rather than d,confirmed_ecosystem_nonallocator
arc,Arc,https://www.arc.tech/,junk_not_allocator,product_or_saas,none,False,"Page positions Arc as 'Intelligent cash management for technology companies' — a treasury/software platform to 'manage cash, unlock yield, raise debt capital, access AI financial services,' aggregatin",confirmed_ecosystem_nonallocator
stripe-capital,Stripe Capital,https://stripe.com/capital,genuine_correct,allocator,SMV,True,"Page offers direct business financing with sales-based automated repayment ('get a business loan or merchant cash advance... repayment adjusts to daily sales'), a non-dilutive/revenue-linked capital p",genuine_correct
shopify-capital,Shopify Capital,https://www.shopify.com/capital,genuine_correct,allocator,SMV,True,"Self-describes as funding where merchants 'repay as you sell' via a fixed percentage of daily sales, a revenue-share/non-dilutive capital product fitting SMV.",genuine_correct
paypal-working-capital,PayPal Working Capital,https://www.paypal.com/us/business/financial-services/working-capital,genuine_correct,allocator,SMV,True,Offers a business loan repaid automatically 'with a share of your PayPal sales' under one fixed fee — sales-linked non-dilutive financing consistent with SMV.,genuine_correct
youlend,YouLend,https://www.youlend.com/,junk_not_allocator,product_or_saas,none,False,"Self-describes as a 'Global Embedded Financing Platform' providing infrastructure so partners (Amazon, Shopify, eBay) can embed financing — embedded-finance SaaS infrastructure, not an own-capital all",rescued_allocator->SMV
liberis,Liberis,https://www.liberis.com/,junk_not_allocator,product_or_saas,none,False,"Positions itself as 'Embedded Finance. Built together.' delivering funding 'embedded in their ecosystems' for partners like eBay/Nexi — embedded-finance infrastructure powering other platforms, not a ",rescued_allocator->SMV
parafin,Parafin,https://www.parafin.com/,junk_not_allocator,product_or_saas,none,False,"Explicitly 'A financing program, built for your platform' with white-labeled UI for partners (DoorDash, Amazon, Gusto) and states it 'is a financial technology company, not a bank' — embedded-finance ",rescued_allocator->SMV
getvantage,GetVantage,https://www.getvantage.co/,unverifiable,other,none,False,"Homepage and sub-pages render only a JS title ('Growth Capital & Embedded Financing for Digital Brands') with no substantive extractable body text, so the business model cannot be verified from the pa",unverifiable_keep_flag
velocity,Velocity,https://velocity.in/,genuine_correct,allocator,SMV,True,"Directly deploys capital — offers revenue-based financing/credit lines and states it has 'disbursed Rs 1100 Cr+' to 4,000+ brands, a non-dilutive growth-capital provider fitting SMV.",genuine_correct
klub,Klub,https://klubworks.com/,unverifiable,other,none,False,"Homepage (klub.ai) renders only the JS title 'Klub.ai | RaiseOS for Founders' with no substantive body content and the /about path 404s, so its model (RBF lender vs. platform) cannot be verified from ",unverifiable_keep_flag
recur-club,Recur Club,https://www.recurclub.com/,junk_not_allocator,marketplace_or_broker,none,False,"Self-describes as an 'AI-native debt platform' that 'matches you with the best lenders from our network of 100+ partners' — a marketplace/broker matching borrowers to third-party lenders, not an own-c",confirmed_ecosystem_nonallocator
sv8,SV8,https://sv8.vc/,genuine_misclassified,allocator,UVC,False,"Describes itself as a 'Silicon Valley-based Syndicate Venture Capital firm' that 'invest[s] in early-stage startups' — an equity early-stage venture allocator (UVC/LMV-leaning), not the revenue-based/",genuine_flag_reclassify
tangle-ventures,Tangle Ventures,https://tangleventures.io/,genuine_misclassified,allocator,Portfolio Capital,False,"Self-describes as 'a venture studio and M&A firm acquiring profitable... digital businesses, installing operators, and compounding value over decades' — a venture-studio/serial-acquirer (Portfolio Cap",genuine_flag_reclassify
dwp-capital,DWP Capital,https://dwpcapital.com/,unverifiable,other,none,False,"https://dwpcapital.com/ returns a persistent HTTP 500 Internal Server Error on repeated fetches, so the page cannot be loaded or judged.",unverifiable_keep_flag
union-group-fund,Union Group Fund,https://www.uniongroupfund.com/,genuine_correct,allocator,SMV,True,"Page states 'We develop and invest in small, bootstrapped vertical SaaS software companies' with a founder-friendly, non-VC, sustainable-growth model targeting post-launch companies with paying custom",genuine_correct
tvc-capital,TVC Capital,https://tvccapital.com/fund-focus/,genuine_correct,allocator,SMV,True,"Self-describes as a growth equity firm: 'We partner with companies at a stage of growth in between where traditional venture capital and growth equity firms are focused,' investing in capital-efficien",genuine_correct
d2-fund,D2 Fund,https://www.d2.fund/,genuine_misclassified,allocator,LMV,False,"Self-describes as a hands-on VC 'Funding capital-efficient software businesses' at pre-seed/seed with up to £2M checks plus debt & grants — an early-stage micro/indie VC (LMV), not the growth-stage 'm",genuine_flag_reclassify
seedtwo-capital,SeedTwo Capital,https://www.seedtwo.com/,genuine_misclassified,allocator,LMV,False,"Runs a Venture Fund for early-stage vertical SaaS+AI founders ('founders who've thought of an idea, built something real') alongside a growth fund; the seed/early-stage venture posture fits LMV rather",genuine_flag_reclassify
sequel-capital,Sequel Capital,https://www.sequel-capital.com/,genuine_correct,allocator,SMV,True,"Describes itself as a growth equity firm: 'We invest in and partner with Agentic B2B SaaS companies, helping them accelerate growth and maximise value at exit,' targeting bootstrapped capital-efficien",genuine_correct
mainsail-partners,Mainsail Partners,https://mainsailpartners.com/,genuine_correct,allocator,SMV,True,"Page states it is a 'growth equity firm investing in B2B software and AI-enabled companies' focused on founder-led, bootstrapped companies — non-unicorn growth equity consistent with the SMV bucket.",genuine_correct
serent-capital,Serent Capital,https://serentcapital.com/why-serent/,genuine_correct,allocator,SMV,True,Self-describes as a 'Private Equity Investment Firm for Software Companies' pairing capital with operating expertise across 70+ founder-led B2B software companies ($6B AUM); growth/PE allocator on boo,genuine_correct
mamba-growth,Mamba Growth,https://www.mambagrowth.com/investment-criteria/,genuine_correct,allocator,SMV,True,"States 'Mamba makes minority investments in exceptional founder and management-owned software companies,' deploying $5-15M+ into capital-efficient, bootstrapped/lightly-capitalized B2B software — grow",genuine_correct
five-elms-capital,Five Elms Capital,https://www.fiveelms.com/,genuine_correct,allocator,SMV,True,"Growth equity firm ($3B AUM) that invests $15-150M+ into founder-owned B2B software ('We invest in B2B software founders'); explicitly growth-oriented and software-focused, consistent with SMV.",genuine_correct
elsewhere-partners,Elsewhere Partners,https://elsewhere.partners/,genuine_correct,allocator,SMV,True,Describes itself as 'Lower Middle Market Software Private Equity' providing 'Growth Capital for B2B Software & Services Companies' to bootstrapped firms that 'have achieved a lot with a little' — non-,genuine_correct
sunstone-partners,Sunstone Partners,https://sunstonepartners.com/,genuine_correct,allocator,SMV,True,Self-describes as a 'growth-oriented private equity firm' often acting as 'their first institutional capital partner' to accelerate organic growth and fund acquisitions in tech-enabled services/softwa,genuine_correct
expedition-growth-capital,Expedition Growth Capital,https://expedition.capital/,genuine_correct,allocator,SMV,True,"Self-describes as growth-equity 'specialist partners for rapidly growing software & AI companies with a use for capital, not a need for it,' targeting bootstrapped founders — defensibly SMV (non-dilut",genuine_correct
silversmith-capital-partners,Silversmith Capital Partners,https://www.silversmith.com/,genuine_correct,allocator,SMV,True,Growth-equity investor partnering with profitable growth-stage tech/healthcare entrepreneurs ('growth equity is more than just capital'); it is a clear allocator and the SMV tag is defensible given it,genuine_correct
level-equity,Level Equity,https://www.levelequity.com/,genuine_correct,allocator,SMV,True,Self-describes as a 'lower middle market growth capital firm' providing minority/majority growth equity plus structured equity & credit ($6.5B AUM) to software companies — a non-classic-VC growth allo,genuine_correct
sureswift-capital,SureSwift Capital,https://www.sureswiftcapital.com/,genuine_correct,allocator,Portfolio Capital,True,"Page states 'Acquirers and Managers of Exceptional Businesses' whose model is to 'own and grow businesses' — a SaaS holding company / acquirer, correctly Portfolio Capital, not a broker.",genuine_correct
tiny,Tiny,https://www.tiny.com/,genuine_correct,allocator,Portfolio Capital,True,"Self-describes as 'We buy wonderful businesses' and 'Holds companies for the long term' with a family of 35+ owned businesses — a long-hold holding company, correctly Portfolio Capital.",genuine_correct
constellation-software,Constellation Software,https://www.csisoftware.com/,genuine_correct,allocator,Portfolio Capital,True,"Describes itself as 'Acquiring, Managing & Building Market-Leading Software' that 'acquires and supports vertical market software companies for the long term' — the canonical VMS serial acquirer/holdc",genuine_correct
volaris-group,Volaris Group,https://www.volarisgroup.com/,genuine_correct,allocator,Portfolio Capital,True,"States 'After completing hundreds of acquisitions, Volaris Group has never sold a business' and provides 'a permanent home' for software companies — a buy-and-hold VMS acquirer, correctly Portfolio Ca",genuine_correct
valsoft,Valsoft,https://www.valsoftcorp.com/,genuine_correct,allocator,Portfolio Capital,True,"Says 'We acquire mission-critical software companies and support them for the long term' across 150+ companies 'with a permanent capital mindset' — a serial VMS acquirer/holding company, correctly Por",genuine_correct
banyan-software,Banyan Software,https://www.banyansoftware.com/,genuine_correct,allocator,Portfolio Capital,True,"States 'We acquire leading software companies... in a permanent ownership model' and 'Over 100 companies acquired. Zero sold' — a permanent-hold software acquirer, correctly Portfolio Capital.",genuine_correct
saas-group,saas.group,https://saas.group/,genuine_correct,allocator,Portfolio Capital,True,"Self-describes as 'saas.group acquires SaaS companies with a bootstrapper mindset' and operates a portfolio/'family' of acquired SaaS products — a SaaS holding company/acquirer, correctly Portfolio Ca",genuine_correct
everfield,Everfield,https://everfield.com/,genuine_correct,allocator,Portfolio Capital,True,"Describes a 'decentralized holding model' as a 'long-term investor' for 40+ European B2B software businesses that it commits never to sell — a buy-and-hold software acquirer, correctly Portfolio Capit",genuine_correct
lumine-group,Lumine Group,https://www.luminegroup.com/,genuine_correct,allocator,Portfolio Capital,True,"States it 'acquires, strengthens, and builds communications and media software companies' with a 'buy-and-hold philosophy... we never sell' — a publicly traded VMS serial acquirer/holdco, correctly Po",genuine_correct
topicus,Topicus,https://www.topicus.com/,genuine_correct,allocator,Portfolio Capital,True,"Page states they ""build, acquire and manage industry specific software businesses,"" a pan-European vertical-market-software serial acquirer/holdco — squarely Portfolio Capital.",genuine_correct
aspire-software,Aspire Software,https://www.aspiresoftware.com/,genuine_correct,allocator,Portfolio Capital,True,"""Buy. Enhance. Grow."" model investing capital/resources into acquired software companies (NedFox, Jazzware, CORE Cashless) that run independently — a software serial acquirer.",genuine_correct
jonas-software,Jonas Software,https://www.jonassoftware.com/,genuine_correct,allocator,Portfolio Capital,True,"Self-describes as ""a leading acquirer of mission-critical vertical market software companies"" with a permanent buy-and-hold (""never sold a business"") model — Portfolio Capital.",genuine_correct
harris-computer,Harris Computer,https://www.harriscomputer.com/,unverifiable,other,none,False,"Homepage returned HTTP 403 Forbidden on both attempts, so no page text could be reviewed to confirm or classify the entity.",unverifiable_keep_flag
perseus-group,Perseus Group,https://www.csiperseus.com/,genuine_correct,allocator,Portfolio Capital,True,"Page calls them ""an experienced acquirer of software businesses"" under parent Constellation Software, buy-and-hold-forever — a software serial acquirer / Portfolio Capital.",genuine_correct
esw-capital,ESW Capital,https://www.eswcapital.com/,unverifiable,other,none,False,"Homepage returned HTTP 500 Internal Server Error on both fetch attempts, so no page content was available to verify the business or its class.",unverifiable_keep_flag
alpine-software-group,Alpine Software Group,https://www.alpinesg.com/,genuine_correct,allocator,Portfolio Capital,True,"Page: ""we acquire market-leading vertical SaaS companies and build them into world-class platforms"" (~60 acquisitions), companies run independently — a vertical-SaaS serial acquirer.",genuine_correct
scaleworks,Scaleworks,https://scaleworks.com/,genuine_correct,allocator,Portfolio Capital,True,"Page headline ""We Invest In & Operate B2B SaaS Companies"" with a 17+ company portfolio of acquired-and-operated software firms — a buy-and-operate holdco, defensibly Portfolio Capital.",genuine_correct
greater-sum-ventures,Greater Sum Ventures,https://greatersumventures.com/,genuine_correct,allocator,Portfolio Capital,True,"""Growth-focused investment firm... backed by our own capital—no formal funds and no forced finish lines,"" buy-and-build of vertical software — a self-capitalized holdco/acquirer, Portfolio Capital.",genuine_correct
arcadea-group,Arcadea Group,https://www.arcadeagroup.com/,genuine_correct,allocator,Portfolio Capital,True,"Self-described as ""Long-duration Vertical Software Growth Partners"" / ""VSaaS Experts"" with permanent-hold portfolio companies — a long-hold vertical-software acquirer, Portfolio Capital.",genuine_correct
tag-software-group,TAG Software Group,https://www.tagsoftwaregroup.com/,genuine_correct,allocator,Portfolio Capital,True,"Page: ""investors and operators dedicated to acquiring, enhancing, and growing mission-critical software companies"" and ""a permanent home... we don't buy to sell"" (under Valsoft) — Portfolio Capital.",genuine_correct
vertus-group,Vertus Group,https://www.vertusgroup.com/,unverifiable,other,none,False,"WebFetch returned empty/no page content on both attempts (likely JS-only render), so no text was available to verify the entity or its assigned class.",unverifiable_keep_flag
software-circle,Software Circle,https://www.softwarecircle.com/,genuine_correct,allocator,Portfolio Capital,True,"Homepage: 'Software Circle plc... is a UK based serial acquirer of great vertical market software businesses' — a serial acquirer/holdco buying software companies, squarely Portfolio Capital.",genuine_correct
chapters-group,Chapters Group,https://www.chaptersgroup.com/,genuine_correct,allocator,Portfolio Capital,True,"Homepage: 'CHAPTERS GROUP is a holding company investing in attractive small- and mid-sized enterprises' with permanent capital across 55+ operating companies — a holdco/serial acquirer, Portfolio Cap",genuine_correct
visma,Visma,https://www.visma.com/,genuine_correct,allocator,Portfolio Capital,True,"Homepage: 'We own and shape business software companies into market leaders' operating 150+ companies, with 'acquisition is the beginning of a new chapter... the backing of our capital' — a software s",genuine_correct
main-capital-partners,Main Capital Partners,https://main.nl/,genuine_correct,allocator,Portfolio Capital,True,"Homepage: 'invests exclusively in Enterprise Software companies' with 56 active software groups and 46 PE transactions in 2024 — an enterprise-software PE/serial-acquirer building software groups, def",genuine_correct
searchfunder,Searchfunder,https://www.searchfunder.com/,junk_not_allocator,network_or_membership,none,False,"Homepage: 'Searchfunder.com is an online community of searchers, investors, lenders, brokers and other professionals' — a community/network platform that deploys no capital itself, not an allocator.",confirmed_ecosystem_nonallocator
search-fund-alliance,Search Fund Alliance,https://www.searchfundalliance.org/,junk_not_allocator,network_or_membership,none,False,"Homepage: 'The Search Fund Alliance is a non-profit organization comprised of members... in the traditional search fund community' — an industry association/network for mentorship and best practices, ",confirmed_ecosystem_nonallocator
stanford-search-fund-center,Stanford Search Fund Center,https://www.gsb.stanford.edu/experience/about/centers-institutes/ces/research/search-funds,junk_not_allocator,other,none,False,"Page is Stanford GSB's Grousbeck-Holloway CES, which 'has conducted a series of studies on the performance of search funds' — an academic research center publishing studies, not an entity that invests",confirmed_ecosystem_nonallocator
pacific-lake-partners,Pacific Lake Partners,https://www.pacificlake.com/,genuine_correct,allocator,Search/ETA,True,Homepage frames itself around supporting/guiding search fund entrepreneurs ('We support ambitious search fund entrepreneurs in their journey to success'); it is a canonical search fund investor (large,genuine_correct
relay-investments,Relay Investments,https://www.relayinvestments.com/,genuine_correct,allocator,Search/ETA,True,Homepage: 'Relay acts as a lead investor in the majority of the search funds... investing $1M-$3.5M into the equity check for the searcher's future acquisition' — an explicit search fund capital alloc,genuine_correct
anacapa-partners,Anacapa Partners,https://www.anacapapartners.com/,genuine_correct,allocator,Search/ETA,True,"Homepage describes funding the search fund vehicle and acquiring businesses as 'patient investors' focused on 'long-term appreciation' — a search fund investor, Search/ETA.",genuine_correct
search-fund-partners,Search Fund Partners,https://www.searchfunds.net/,genuine_correct,allocator,Search/ETA,True,"Homepage: 'Investing in talented leaders on a quest to find, acquire, and lead a great company' via 'a bespoke... approach to search fund investing' — a search fund investor that backs and funds searc",genuine_correct
trilogy-search-partners,Trilogy Search Partners,https://www.trilogysearch.com/,unverifiable,other,none,False,"trilogysearch.com 302-redirects to a Sedo domain-parking/'domain for sale' lander, so the firm's site is dead and its business model cannot be verified from the page.",removed_non_entity
next-coast-eta,Next Coast ETA,https://www.nextcoasteta.com/,genuine_correct,allocator,Search/ETA,True,"nextcoasteta.com 301-redirects to nclpartners.com, which describes itself as a search-fund/operating firm that provides 'capital, technology, and operational support' to entrepreneurs acquiring lower-",genuine_correct
wsc-company,WSC & Company,https://www.wscandcompany.com/,genuine_correct,allocator,Search/ETA,True,"Site says 'We partner with extraordinary people to acquire enduring businesses' and centers on entrepreneurship-through-acquisition with $2-10M EBITDA targets, a direct equity ETA allocator.",genuine_correct
ambit-partners,Ambit Partners,https://www.ambit.partners/,genuine_correct,allocator,Patient Capital,True,"Describes 'supporting the world's best acquisition entrepreneurs with patient capital as they find, buy, and grow exceptional businesses' — they self-label 'patient capital' but functionally back ETA ",genuine_correct
miramar-equity-partners,Miramar Equity Partners,https://www.miramarequity.com/,genuine_correct,allocator,Search/ETA,True,"Runs both 'Miramar Private Equity' and 'Miramar Search Partners' and states 'MEP partners with passionate executives and operators to invest in industry-leading mid-sized businesses,' deploying family",genuine_correct
hunter-search-capital,Hunter Search Capital,https://www.huntersearchcapital.com/,genuine_correct,allocator,Search/ETA,True,States it has 'partnered with over 100 talented entrepreneurs... through a traditional search fund or an alternative Entrepreneurship through Acquisition (ETA) structure' and invested in 80+ companies,genuine_correct
alza-capital-partners,Alza Capital Partners,https://www.alzacapital.com/,unverifiable,other,none,True,"WebFetch failed with ERR_TLS_CERT_ALTNAME_INVALID on both www.alzacapital.com and alzacapital.com, so the homepage could not be read and the classification cannot be confirmed.",unverifiable_keep_flag
acquira,Acquira,https://www.acquira.com/,unverifiable,other,none,True,"acquira.com returned HTTP 403 Forbidden to WebFetch, so the page could not be read and the Search/ETA classification cannot be confirmed from the site.",unverifiable_keep_flag
mainshares,Mainshares,https://mainshares.com/,genuine_correct,allocator,Search/ETA,True,"mainshares.com 301-redirects to americanoperator.com, which states 'American Operator acquires small businesses from retiring owners and partners with the next-generation of proven industry operators'",genuine_correct
teamshares,Teamshares,https://www.teamshares.com/,genuine_correct,allocator,Patient Capital,True,Self-describes as 'a tech-enabled acquiror... We programmatically acquire companies with $0.5-5 million of EBITDA from retiring owners' and converts them to employee ownership — a buy-and-hold steward,genuine_correct
permanent-equity,Permanent Equity,https://www.permanentequity.com/,genuine_correct,allocator,Patient Capital,True,States they 'invest out of 30-year funds' and 'invest with no intention of selling (and have never sold a portfolio company)' — textbook permanent/patient capital.,genuine_correct
capitalpad,CapitalPad,https://capitalpad.com/,genuine_correct,allocator,Search/ETA,True,"Describes itself as 'a private equity co-investment group' that 'invests $1M to $2.5M in equity alongside experienced independent sponsors' and post-LOI search-fund deals, earning 20% carry (no fees t",genuine_correct
acquire-com,Acquire.com,https://acquire.com/,junk_not_allocator,marketplace_or_broker,none,False,"Self-describes as 'The largest marketplace to buy and sell profitable online businesses,' facilitating buyer/seller transactions with LOIs/escrow and buyer-side fees — a marketplace/broker that deploy",confirmed_ecosystem_nonallocator
flippa,Flippa,https://flippa.com/,junk_not_allocator,marketplace_or_broker,none,False,"Page self-describes as a global marketplace to 'List, connect, and sell your business' and 'Buy & Sell Online Businesses' earning transaction/listing fees, not deploying its own capital.",confirmed_ecosystem_nonallocator
empire-flippers,Empire Flippers,https://empireflippers.com/,junk_not_allocator,marketplace_or_broker,none,False,Calls itself the '#1 largest curated M&A marketplace' that vets and migrates online businesses between buyers and sellers for a fee; it does not invest its own capital.,confirmed_ecosystem_nonallocator
fe-international,FE International,https://feinternational.com/,junk_not_allocator,consultancy_or_advisor,none,False,"Self-describes as 'an award-winning strategic advisor for technology businesses' offering M&A/advisory services for fees, not an allocator deploying capital.",confirmed_ecosystem_nonallocator
quiet-light,Quiet Light,https://quietlight.com/,unverifiable,other,none,False,"Homepage returned HTTP 403 Forbidden on a single WebFetch, so the page could not be judged.",unverifiable_keep_flag
bizbuysell,BizBuySell,https://www.bizbuysell.com/,unverifiable,other,none,False,"Homepage returned HTTP 403 Forbidden on a single WebFetch, so the page could not be judged.",unverifiable_keep_flag
bizquest,BizQuest,https://www.bizquest.com/,unverifiable,other,none,False,"Homepage returned HTTP 403 Forbidden on a single WebFetch, so the page could not be judged.",unverifiable_keep_flag
axial,Axial,https://www.axial.net/,junk_not_allocator,network_or_membership,none,False,"Self-describes as 'a private deal network serving professionals who own, advise, and invest in North American lower middle market companies' — connective infrastructure, not a capital deployer.",confirmed_ecosystem_nonallocator
bitsfordigits,BitsForDigits,https://bitsfordigits.com/,junk_not_allocator,marketplace_or_broker,none,False,"Domain now 301-redirects to flippa.com ('The #1 Platform to Buy & Sell Online Businesses'), confirming it is a buyer-seller marketplace, not an allocator.",confirmed_ecosystem_nonallocator
microns,Microns,https://www.microns.io/,junk_not_allocator,marketplace_or_broker,none,False,Self-describes as a platform to 'Acquire profitable online businesses with confidence' listing micro-startups for sale between buyers and sellers; it does not deploy its own capital.,confirmed_ecosystem_nonallocator
acumen,Acumen,https://acumen.org/,genuine_correct,allocator,Patient Capital,True,"States 'We invest in entrepreneurs and help them build a more inclusive world' and explicitly characterizes its approach as 'patient capital,' matching the assigned Patient Capital class.",genuine_correct
founders-first-capital-partners,Founders First Capital Partners,https://foundersfirstcapitalpartners.com/,unverifiable,other,none,False,"Homepage returned HTTP 403 Forbidden on a single WebFetch, so the revenue-based-financing claim could not be verified from the page.",unverifiable_keep_flag
purpose-ventures,Purpose Ventures,https://purpose.ventures/,genuine_misclassified,allocator,UVC,False,Page describes a $55M early-stage VC fund investing Pre-Seed through Series B ('We back founders who are chasing after their life cause') with no evidence of permanent/evergreen or steward-ownership s,genuine_flag_reclassify
candide-group,Candide Group,https://candidegroup.com/,genuine_correct,allocator,Patient Capital,True,"Page describes an SEC-registered impact investment advisor that supports 'families, foundations, and other institutions who want their money flowing to social justice companies and funds building a ne",genuine_correct
rsf-social-finance,RSF Social Finance,https://rsfsocialfinance.org/,genuine_correct,allocator,Patient Capital,True,"Page states it has 'channeled over $1 billion into businesses and nonprofits' via loans and Social Investment Fund notes, i.e. a direct mission-driven lender/investor consistent with Patient Capital.",genuine_correct
common-future,Common Future,https://www.commonfuture.co/,genuine_correct,allocator,Patient Capital,True,"Page states 'We invest capital and provide back-office support to economic justice organizations,' so despite its 'systems catalyst/intermediary' framing it does deploy mission-driven capital, fitting",genuine_correct
zebras-unite,Zebras Unite,https://www.zebrasunite.org/,junk_not_allocator,network_or_membership,none,False,"Page describes 'a founder-led, cooperatively owned global movement' whose 'primary way of working is through providing fiscal sponsorship,' not deploying investment capital, so it is a movement/commun",confirmed_ecosystem_nonallocator
village-capital,Village Capital,https://vilcap.com/,genuine_correct,allocator,LMV,True,"Page states it unlocks capital 'by structuring, managing, and deploying funds through a variety of financing structures (such as equity, debt, and revenue-share)' for impact startups, an investing acc",genuine_correct
collab-capital,Collab Capital,https://collab.capital/,genuine_correct,allocator,Patient Capital,True,"Page states 'Collab Capital invests financial, human, and social capital to grow businesses' with $125M+ AUM across 40+ portfolio companies, a founder-led ownership-focused impact investor consistent ",genuine_correct
boston-impact-initiative,Boston Impact Initiative,https://bostonimpact.org/,genuine_correct,allocator,Patient Capital,True,"Page states 'BII is a nonprofit impact investment fund and certified Community Development Financial Institution (CDFI)' that deploys capital into small businesses, cooperatives, and worker-owned ente",genuine_correct
temasek,Temasek,https://www.temasek.com.sg/,unverifiable,other,none,False,Homepage returned HTTP 403 Forbidden so the page content could not be reviewed; cannot verify self-description from the page.,unverifiable_keep_flag
gic,GIC,https://www.gic.com.sg/,genuine_correct,allocator,Sovereign Capital,True,"Page describes GIC as Singapore's sovereign wealth fund and 'a global long-term investor' managing the nation's foreign reserves, squarely Sovereign Capital.",genuine_correct
mubadala,Mubadala,https://www.mubadala.com/,genuine_correct,allocator,Sovereign Capital,True,"Page describes a sovereign wealth fund that 'partner[s] with leading institutions to drive value creation' with a $110B US program and investments across many sectors, squarely Sovereign Capital.",genuine_correct
sanabil-investments,Sanabil Investments,https://www.sanabil.com/,unverifiable,other,none,False,"Homepage rendered only navigation/footer elements with no descriptive text (JS-only), so the organization's self-description could not be judged from the page.",unverifiable_keep_flag
public-investment-fund,Public Investment Fund,https://www.pif.gov.sa/,unverifiable,other,none,False,Homepage returned HTTP 403 Forbidden so the page content could not be reviewed; cannot verify self-description from the page.,unverifiable_keep_flag
qatar-investment-authority,Qatar Investment Authority,https://www.qia.qa/,genuine_correct,allocator,Sovereign Capital,True,"Homepage: 'a global investment organization, with investments spanning all major global markets, asset classes, sectors and geographies' — a sovereign wealth fund deploying capital, correctly Sovereig",genuine_correct
bpifrance,Bpifrance,https://www.bpifrance.com/,genuine_correct,allocator,Sovereign Capital,True,"Homepage describes a French public financial institution offering 'Private equity', 'funds-of-funds', direct funding and guaranteed bank loans to entrepreneurs — a public investment bank, correctly So",genuine_correct
british-business-bank,British Business Bank,https://www.british-business-bank.co.uk/,unverifiable,other,none,False,"WebFetch returned HTTP 403 Forbidden, so the homepage content could not be reviewed to verify allocator status or class.",unverifiable_keep_flag
eic-fund,EIC Fund,https://eic.ec.europa.eu/eic-fund_en,genuine_correct,allocator,Sovereign Capital,True,"Homepage: 'the Venture Capital investment arm of the European Innovation Council (EIC)' with €4bn capitalisation making equity investments in startups, financed by the European Commission — public/ins",genuine_correct
european-investment-fund,European Investment Fund,https://www.eif.org/,genuine_correct,allocator,Sovereign Capital,True,"Homepage (EIB Group): 'Our equity funding flows through the ecosystem' plus a debt-financing toolkit and portfolio guarantees, investing equity through funds and intermediaries — a public fund-of-fund",genuine_correct
nato-innovation-fund,NATO Innovation Fund,https://www.nif.fund/,genuine_correct,allocator,Sovereign Capital,True,"Homepage: 'A standalone venture capital fund backed by 24 NATO allies deploying €1 billion+ in deep tech' (leading rounds in RevEng.AI, Kelluu) — a multinational sovereign-backed institutional fund, S",genuine_correct
kfw-capital,KfW Capital,https://www.kfw-capital.de/,genuine_correct,allocator,Sovereign Capital,True,"Homepage: wholly-owned subsidiary of KfW Bankengruppe that 'investieren wir in deutsche und europäische Venture Capital ... -Fonds' (fund-of-funds), backed by the government ERP Special Fund — a publi",genuine_correct
edbi,EDBI,https://www.edbi.com/,genuine_correct,allocator,Sovereign Capital,True,"Homepage: 'A global investor headquartered in Singapore since 1991', 'An Investment Arm of SG Growth Capital' investing in high-growth tech with a portfolio and 'Notable Exits' — a state-linked strate",genuine_correct
sginnovate,SGInnovate,https://www.sginnovate.com/,genuine_correct,allocator,Sovereign Capital,True,"Homepage: 'We Invest in Deep Tech Startups' with 'a portfolio of startups we support' — a Singapore government-owned deep-tech investor (also an ecosystem builder), but it does deploy equity, so Sover",genuine_correct
khazanah-nasional,Khazanah Nasional,https://www.khazanah.com.my/,unverifiable,other,none,False,"WebFetch returned HTTP 403 Forbidden, so the homepage content could not be reviewed to verify allocator status or class.",unverifiable_keep_flag
israel-innovation-authority,Israel Innovation Authority,https://innovationisrael.org.il/en/,unverifiable,other,none,False,"WebFetch returned HTTP 403 Forbidden, so the homepage content could not be reviewed to verify whether it deploys capital or only issues grants.",unverifiable_keep_flag
innovate-uk,Innovate UK,https://www.ukri.org/councils/innovate-uk/,junk_not_allocator,other,none,False,"Homepage describes 'the UK's innovation agency' providing 'grants and funding competitions rather than equity capital deployment' (e.g. 'a share of up to £10 million') — a grant-giving public agency, ",rescued_allocator->Sovereign Capital
in-q-tel,In-Q-Tel,https://www.iqt.org/,genuine_correct,allocator,Sovereign Capital,True,"Homepage calls itself a 'not-for-profit global investment platform' for U.S. national security with equity 'investments, including 50+ companies now valued over $1B' — mission-driven, government-affil",genuine_correct
high-alpha,High Alpha,https://www.highalpha.com/,genuine_correct,allocator,Portfolio Capital,True,"Self-described 'venture firm' that 'create[s] and fund[s] B2B SaaS companies' with explicit Studio (co-create) and Capital (invest) divisions — a venture studio, which maps to Portfolio Capital.",genuine_correct
atomic,Atomic,https://atomic.vc/,genuine_correct,allocator,Portfolio Capital,True,"Page calls Atomic a 'venture studio' that 'brings ideas, capital, and talent together, partnering with co-founders to build...companies' and deploys its own funds (4th fund $320M) — venture studio = P",genuine_correct
expa,Expa,https://www.expa.com/,genuine_correct,allocator,Portfolio Capital,True,"Homepage states 'Expa is a Company Studio' offering 'Design, operational support, and capital' to build companies from 0 to scale — a venture/company studio that maps to Portfolio Capital.",genuine_correct
betaworks,Betaworks,https://betaworks.com/,genuine_correct,allocator,Portfolio Capital,True,"Page describes 'Investing, building and working with exceptional creators...since 2008' with a portfolio and Camp program — a studio/investor hybrid that fits Portfolio Capital.",genuine_correct
hexa,Hexa,https://www.hexa.com/,genuine_correct,allocator,Portfolio Capital,True,Self-described 'leading multi-stage startup studio' that builds 'alongside founders' with its own capital across 50+ launched companies — startup studio = Portfolio Capital.,genuine_correct
rocket-internet,Rocket Internet,https://www.rocket-internet.com/,genuine_correct,allocator,Portfolio Capital,True,"Page states Rocket Internet 'incubates and invests in internet and technology companies globally,' building 'companies from scratch' plus its Global Founders Capital arm — a venture builder, i.e. Port",genuine_correct
idealab,Idealab,https://www.idealab.com/,genuine_correct,allocator,Portfolio Capital,True,"Calls itself 'the longest running technology incubator' that generates ideas internally, recruits teams, and spins them off into companies (150+ created) — an in-house studio/incubator that capitalize",genuine_correct
pioneer-square-labs,Pioneer Square Labs,https://www.psl.com/,genuine_correct,allocator,Portfolio Capital,True,Homepage explicitly states 'Pioneer Square Labs is a Startup Studio & Venture Capital Fund' with spinouts and investments — the studio model maps to Portfolio Capital.,genuine_correct
human-ventures,Human Ventures,https://human.vc/,genuine_correct,allocator,Portfolio Capital,True,Describes itself as a 'next generation venture capital firm' operating a Build Studio (company formation) plus a Fund and EIR program; the entity is catalogued as a startup studio and the build-studio,genuine_correct
science-inc,Science Inc.,https://www.science-inc.com/,unverifiable,other,none,False,"Homepage returned only the JS-rendered word 'Science' with no descriptive content, so the entity's activity and class cannot be verified from the page.",unverifiable_keep_flag
wilbur-labs,Wilbur Labs,https://www.wilburlabs.com/,genuine_correct,allocator,Portfolio Capital,True,"Self-described 'startup studio' that turns 'bold ideas into market-leading companies' and builds/operates its own portfolio (Barkbus, Joblist, etc.) — startup studio = Portfolio Capital.",genuine_correct
juxtapose,Juxtapose,https://www.juxtapose.com/,genuine_correct,allocator,Portfolio Capital,True,"Page states ""Juxtapose invests in technology businesses and platforms developed and greenlit at the firm,"" describing a venture-creation/studio model that builds and funds companies — a defensible Por",genuine_correct
founders-factory,Founders Factory,https://foundersfactory.com/,genuine_correct,allocator,Portfolio Capital,True,"Self-describes as a ""Venture Studio and Startup Accelerator"" and ""Builders & Investors"" that ""fund startups at idea, pre-seed and seed, combining capital,"" fitting Portfolio Capital (venture studio).",genuine_correct
entrepreneur-first,Entrepreneur First,https://www.joinef.com/,genuine_correct,allocator,Portfolio Capital,True,"Page says it turns individuals into ""funded founders"" with ""up to $250K investment"" plus ""$5M"" follow-on, a talent-investor/venture-builder that deploys capital — Portfolio Capital is defensible (LMV ",genuine_correct
antler,Antler,https://www.antler.co/,genuine_correct,allocator,Portfolio Capital,True,"Describes itself as a ""day-zero investor"" that ""specialise[s] in early-stage investments"" with the ""Antler Elevate"" scale-up fund, a startup-generator allocator consistent with Portfolio Capital.",genuine_correct
enhance-ventures,Enhance Ventures,https://enhance.online/,unverifiable,other,none,False,"Homepage returned HTTP 403 Forbidden, so the page could not be read and the entity cannot be verified from its site.",unverifiable_keep_flag
team8,Team8,https://team8.vc/,genuine_correct,allocator,Portfolio Capital,True,"Header self-describes as a ""Venture-Creation and Venture-Capital Fund"" that both builds companies and invests its own capital, matching Portfolio Capital (venture creation).",genuine_correct
fractal-software,Fractal Software,https://www.fractalsoftware.com/,genuine_correct,allocator,Portfolio Capital,True,"Self-describes as ""The Leader in Launching Vertical AI and Industry-Specific Software"" that ""partners with ambitious entrepreneurs and bold investors to launch"" vertical software companies — a venture",genuine_correct
weekend-fund,Weekend Fund,https://weekend.fund/,genuine_correct,allocator,LMV,True,"Page states it writes ""$100k-300k checks into early-stage startups around the world,"" a small early-stage/micro VC fund consistent with LMV.",genuine_correct
pioneer,Pioneer,https://pioneer.app/,genuine_correct,allocator,LMV,True,"Self-describes as ""a startup accelerator for ambitious outsiders"" that has ""funded 150+ companies,"" an accelerator that invests capital, fitting LMV (though it stopped new investments in 2024).",genuine_correct
ai-grant,AI Grant,https://aigrant.org/,junk_not_allocator,accelerator_no_capital,none,False,"The aigrant.org page offers ""$5,000 - $50,000 in grants for open source projects, no strings attached"" (compute or cash) and explicitly directs equity-seekers to a separate accelerator at aigrant.com,",confirmed_ecosystem_nonallocator
hf0,HF0,https://www.hf0.com/,unverifiable,other,none,False,"Homepage shows only ""The residency for repeat founders"" plus batch/demo-day dates with no investment terms, capital amounts, or allocator language, so investing status cannot be confirmed from the pag",unverifiable_keep_flag
indie-hackers,Indie Hackers,https://www.indiehackers.com/,junk_not_allocator,network_or_membership,none,False,"Self-describes as a community/content platform where people ""Work Together to Build Profitable Online Businesses"" (discussions, case studies, newsletter, job board) and deploys no capital — not an all",confirmed_ecosystem_nonallocator
microconf,MicroConf,https://microconf.com/,junk_not_allocator,network_or_membership,none,False,"Homepage calls it 'The Original Community for Bootstrapped SaaS Founders' offering events, masterminds, and education; it deploys no capital itself (a separate '/fund' is only a nav link), so the enti",rescued_allocator->LMV
venture10x,Venture10X,https://www.venture10x.co,genuine_misclassified,allocator,Patient Capital,False,"Page describes it as 'the private investment office of Aaron Blackman' deploying its own capital as equity into B2B SaaS, with no revenue-based/non-dilutive product, so the SMV (revenue-based growth) ",genuine_flag_reclassify
curious,Curious,https://www.curiousholdings.com,genuine_misclassified,allocator,Patient Capital,False,Self-describes as 'a long-term holding company that buys and grows software companies' via 'permanent capital... not raising additional funds or future exits' — that is Portfolio Capital / Patient Cap,genuine_flag_reclassify
apex-point-equity,Apex Point Equity,https://apexpointequity.com,genuine_misclassified,allocator,Portfolio Capital,False,"Calls itself 'a Micro Private Equity fund focused on acquiring, accelerating, and selling SaaS businesses' — an acquisition/buyout fund (Portfolio Capital), not the SMV revenue-based/non-dilutive grow",genuine_flag_reclassify
alley-street,Alley & Street,https://www.alleyandstreet.com,genuine_misclassified,allocator,Search/ETA,False,"Describes itself as 'a specialized private equity search fund' that acquires undervalued micro-SaaS and exits to strategic buyers — Search/ETA (or Portfolio Capital), not the SMV revenue-based-financi",genuine_flag_reclassify
soft-equities,Soft Equities,https://softequities.com,genuine_misclassified,allocator,Portfolio Capital,False,A micro private equity firm that acquires and takes equity stakes in early-stage SaaS ('We take the wheel... accelerate growth while founders either stay on or transition out'); this is acquisition/eq,genuine_flag_reclassify
river-saas-capital,River Saas Capital,https://www.riversaascapital.com,genuine_correct,allocator,SMV,True,"Offers 'highly flexible venture debt' and 'non-dilutive, revenue-based financing' for growing B2B SaaS with >=150K MRR, which squarely fits the SMV revenue-based/non-dilutive growth-capital class.",genuine_correct
bigthinkcapital,Bigthinkcapital,https://bigthinkcapital.com/revenue-based-financing-companies,junk_not_allocator,marketplace_or_broker,none,False,"Self-describes as 'a leading financial marketplace' that matches business borrowers to multiple funding products, and the specific URL is a listicle article '7 Best Revenue Based Financing Companies R",rescued_allocator->SMV
saas-growth-ventures,SaaS Growth Ventures,https://saasgrowthventures.com,genuine_misclassified,allocator,LMV,False,"Describes itself as 'a San Francisco based venture fund' whose 'Fund I invests from $500K to $1MM' of equity into Seed/Series A B2B SaaS — a micro equity VC fund (LMV), not the SMV revenue-based/non-d",genuine_flag_reclassify
golden-section,Golden Section,https://www.goldensection.com,genuine_correct,allocator,SMV,True,'Two tools. One philosophy' — pairs minority growth equity with 'revenue-based financing and SaaS term loans' for capital-efficient B2B vertical SaaS founders who 'don't chase the next round'; the non,genuine_correct
novaspark-holdings,NovaSpark Holdings,https://www.novasparkholdings.com,genuine_misclassified,allocator,Portfolio Capital,False,Describes itself as 'a permanent capital platform to acquire and own high-quality digital businesses for the long term' via off-market founder deals — a permanent-hold holdco (Portfolio Capital / Pati,genuine_flag_reclassify
entrepreneurship-through-acquisition-and-search-fund-resource-library,Entrepreneurship Through Acquisition and Search Fund Resource Library,https://nextgengp.com/resources,genuine_correct,allocator,Search/ETA,True,"The /resources URL is a curated ETA/search-fund reading list, but the parent NextGen Growth Partners is a real acquirer where 'CEOs-In-Waiting Buy the Companies They Want to Run' and which holds 'our ",genuine_correct
eta-london,ETA London,https://acquisition-entrepreneurs.com,junk_not_allocator,network_or_membership,none,False,"Page self-describes as 'The UK's open community for searchers, investors, and acquisition entrepreneurs. Directory, events, and curated research' — a network/directory that connects parties, not an en",confirmed_ecosystem_nonallocator
evergreen-evergreensg-com,Evergreen (evergreensg.com),https://www.evergreensg.com/,genuine_correct,allocator,Patient Capital,True,Self-describes as 'A Permanent Home for Businesses' that buys 100% of technology services companies with committed capital and holds them permanently rather than seeking exits — a permanent-equity acq,genuine_correct
everhold,Everhold,https://www.everhold.com/,genuine_correct,allocator,Patient Capital,True,"Self-describes as 'a private holding company with a simple mission: to acquire exceptional small businesses and hold them forever' using 'permanent capital,' explicitly 'not a private equity firm' — c",genuine_correct
fund-for-employee-ownership,Fund for Employee Ownership,https://www.evgoh.com/tfeo,genuine_correct,allocator,Patient Capital,True,"Page states it 'leverages patient capital to acquire small-to-medium-sized businesses, converts them to employee ownership, and supports them over the long term' via a self-sustaining loan fund — a pa",genuine_correct
gt-entrepreneurs,GT Entrepreneurs,https://www.gtentrepreneurs.com,genuine_correct,allocator,Search/ETA,True,"Self-describes as 'a multi-family office backed private investment firm' that has 'been actively investing in and providing guidance to aspiring CEOs' on their ETA journey, with a named portfolio — a ",genuine_correct
gtm-venture-studio,GTM Venture Studio,https://www.gtmventurestudio.io,genuine_correct,allocator,Portfolio Capital,True,"Page says they 'help create, grow and fund SaaS companies' and provide 'direct financial investment' including 'Direct investment from GTM fund' — a venture studio that builds and takes equity, fittin",genuine_correct
hold-co,HOLD.co,https://hold.co/,genuine_correct,allocator,Patient Capital,True,"Self-describes as 'an operator-led acquisition platform focused on buying and building durable, cash-producing businesses' that 'buy businesses to operate them for the long term' (not blind-pool funds",genuine_correct
perpetual,Perpetual,https://www.prptl.com,genuine_correct,allocator,Patient Capital,True,Wilsdorf family office that 'provides permanent capital and continuously allocates to private markets' through 'evergreen funds' across PE/credit/real assets — a permanent-capital allocator fitting Pa,genuine_correct
perpetual-capital,Perpetual Capital,https://perpetualcapitalpartners.com/about-us,genuine_correct,allocator,Patient Capital,True,Self-describes as 'a private company that owns a diversified portfolio of business interests' with 'a fully-funded and evergreen capital base' that acquires middle-market companies without a defined h,genuine_correct
purpose-evergreen-capital,Purpose Evergreen Capital,https://purpose-economy.org/en/pec/,genuine_correct,allocator,Patient Capital,True,"Page describes 'patient, value-aligned capital to small and medium-sized enterprises' via an 'evergreen investment fund without pressure to force an exit' with ~EUR30M invested and named portfolio com",genuine_correct
search-fund-accelerator,Search Fund Accelerator,https://www.searchfundaccelerator.com,genuine_correct,allocator,Search/ETA,True,"Despite the 'accelerator' name, page states 'When you are ready to close your deal, SFA provides the equity from a fund of committed capital' — it deploys capital into ETA acquisitions, fitting Search",genuine_correct
search-funds,Search Funds,https://www.petersonpartners.com/search,genuine_correct,allocator,Search/ETA,True,"Peterson Partners' search page describes investing in search funds ($500K-$5M, 5-10yr holds) and having 'backed over 300 portfolio companies,' including the Asurion search-fund investment — a search-f",genuine_correct
springwater,Springwater,https://springwater.tech,genuine_misclassified,allocator,Portfolio Capital,False,"Page says 'We acquire and scale founder-led SaaS businesses' taking majority stakes with permanent/flexible capital across 30+ businesses — a serial acquirer/holdco (Portfolio Capital), not SMV revenu",genuine_flag_reclassify
sundance-growth,Sundance Growth,https://www.sundancegrowth.com,genuine_correct,allocator,SMV,True,Self-described 'software Growth equity' firm making minority/majority equity investments in bootstrapped B2B software — a bona fide non-unicorn growth-capital allocator fitting the SMV bucket.,genuine_correct
uk-sovereign-ai-fund,UK Sovereign AI Fund,https://sovereignai.gov.uk,genuine_correct,allocator,Sovereign Capital,True,"Self-describes as 'Britain's Sovereign Venture Fund' where 'a nation-state just entered the venture game,' offering up to GBP 10M equity plus compute/visas — a government strategic capital provider ma",genuine_correct
upliift,Upliift,https://upliift.com/,genuine_correct,allocator,Patient Capital,True,"Calls itself 'the go-to permanent equity partner for European software businesses' focused on 'long-term growth rather than short-term returns' and to 'thrive, not flip it' — permanent equity = Patien",genuine_correct
argentumgroup,Argentumgroup,https://argentumgroup.com/about,genuine_correct,allocator,SMV,True,"Self-described 'New York-based growth equity firm that partners with bootstrap entrepreneurs,' providing $5-15M 'expansion capital' to B2B software — a non-unicorn growth-capital allocator fitting SMV",genuine_correct
founders-first-cdc,Founders First CDC,https://foundersfirstcdc.org,junk_not_allocator,accelerator_no_capital,none,False,"Page describes a nonprofit CDC that 'guide[s] business owners through the process of achieving growth through curriculum, hands-on assignments, and coaching' and connects to funding resources — a trai",confirmed_ecosystem_nonallocator
meritholdings,Meritholdings,https://www.meritholdings.com,genuine_correct,allocator,Portfolio Capital,True,"Self-describes as 'a holding company that acquires, manages and builds software businesses in niche verticals over a very long period of time' providing 'a permanent home' — a holdco/serial acquirer m",genuine_correct
mosaic,Mosaic,https://www.mosaicsoftwaregroup.com,genuine_misclassified,allocator,Portfolio Capital,False,"Says 'We acquire, enhance, and grow mission critical software companies' as 'the only permanent capital investment firm' and 'permanent home' — a permanent-capital acquirer/holdco (Portfolio Capital),",genuine_flag_reclassify
office-of-strategic-capital-osc,Office of Strategic Capital (OSC),https://www.cto.mil/osc,genuine_correct,allocator,Sovereign Capital,True,DoD office 'Attracting and Scaling Private Capital for National Security' offering direct loans up to $150M and fund-level leverage up to $175M — a public/sovereign strategic capital provider matching,genuine_correct
startupbootcamp,Startupbootcamp,https://startupbootcamp.org,junk_not_allocator,accelerator_no_capital,none,False,"Self-describes as 'a global network of industry-specific accelerators' where third-party 'angel investors, family offices and corporates' do the investing through 12-week programs — Startupbootcamp fa",rescued_allocator->LMV
clearlyacquired,ClearlyAcquired,https://www.clearlyacquired.com/,unverifiable,other,none,False,"WebFetch returned HTTP 403 Forbidden on the single allowed fetch, so the homepage could not be read and the page type cannot be confirmed.",unverifiable_keep_flag
float-finance,Float Finance,https://www.floatfinance.com/,genuine_correct,allocator,SMV,True,Page describes 'a credit facility that scales with your ARR' offering revenue-based financing up to 70% of ARR 'with no equity dilution' as an alternative to VC — textbook SMV non-dilutive growth capi,genuine_correct
re-cap,Re:cap,https://re-cap.com/,genuine_correct,allocator,SMV,True,"Page states 're:cap gives tech and growth companies non-dilutive capital' with credit lines up to EUR5M, a direct non-dilutive growth-capital provider that fits SMV.",genuine_correct
red-forest-capital,Red Forest Capital,https://www.redforestcapital.com/,genuine_correct,allocator,Search/ETA,True,"Page describes a family office that has invested in search funds since 1984 and partners with entrepreneurs to 'find, acquire, and scale exceptional businesses,' squarely Search/ETA.",genuine_correct
capshift,CapShift,https://capshift.com/,unverifiable,other,none,False,"Homepage and /about returned HTTP 403 on every fetch, so the page content could not be reviewed.",unverifiable_keep_flag
eta-equity,ETA Equity,https://etaequity.com/,genuine_correct,allocator,Search/ETA,True,"Page states 'We are search fund investors dedicated to investing in and supporting... entrepreneurs striving to acquire and lead growth companies,' a direct Search/ETA equity investor.",genuine_correct
faith-driven-investor,Faith Driven Investor,https://faithdriveninvestor.org/,junk_not_allocator,network_or_membership,none,False,"Page describes a non-profit ministry/community offering Content, Community, Coaching and Connection that 'does not endorse or recommend any... investment advisor, strategy, company' and deploys no cap",confirmed_ecosystem_nonallocator
nobody-studios,Nobody Studios,https://nobodystudios.com/,genuine_correct,allocator,Portfolio Capital,True,"Page calls it 'an AI-native, high-velocity venture studio scaling 100 companies in 5 years,' a venture studio that builds and capitalizes ventures, matching Portfolio Capital.",genuine_correct
wildfront,Wildfront,https://wildfront.co/,genuine_correct,allocator,Portfolio Capital,True,"Page states 'We buy SaaS companies' and runs a portfolio of acquired products (DemandBird, SaaSPulse, etc.), an operator-led SaaS acquirer/holdco that fits Portfolio Capital (education/community is se",genuine_correct
itrinity,itrinity,https://www.itrinity.com/,genuine_misclassified,allocator,Portfolio Capital,False,"Page says 'Build. Acquire. Repeat.' and runs a portfolio of eight acquired SaaS businesses (Mangools, UptimeRobot), a serial-acquirer holdco that is Portfolio Capital, not SMV revenue-based financing.",genuine_flag_reclassify
alliance-venture,Alliance Venture,https://alliance.vc/,genuine_misclassified,allocator,UVC,False,"Page self-describes as 'a Nordic venture capital firm' investing dilutive seed/pre-seed equity in founders chasing billion-dollar companies, which is classic UVC, not SMV non-dilutive growth capital.",genuine_flag_reclassify
asseco-group,Asseco Group,https://www.asseco.com/,unverifiable,other,none,False,"Both asseco.com and www.asseco.com returned HTTP 403 on every fetch, so the page content could not be reviewed.",unverifiable_keep_flag
carlson-private-capital-partners,Carlson Private Capital Partners,https://www.carlsonprivatecapital.com/,genuine_correct,allocator,Patient Capital,True,"Page states 'CPC invests non-institutional, private, family capital in businesses with the potential to create sustainable long-term value,' a patient family-capital direct investor matching Patient C",genuine_correct
codelaunch,CodeLaunch,https://codelaunch.com/,junk_not_allocator,accelerator_no_capital,none,False,Page states startups apply for free and 'aren't required to surrender ANY equity'; it provides free dev services and connects founders to outside investors but deploys no capital of its own.,confirmed_ecosystem_nonallocator
elobau,Elobau,https://www.elobau.com/,junk_not_allocator,product_or_saas,none,False,"Homepage describes an operating company that develops and manufactures operator controls, sensors, machine-safety and level-measurement products (€160M revenue, 1,100 employees), not a capital allocat",confirmed_ecosystem_nonallocator
foundry,Foundry,https://hbsfoundry.org,junk_not_allocator,accelerator_no_capital,none,False,"Site presents Foundry as a Harvard deep-tech accelerator/bootcamp that helps founders become “funding-ready”; the $100K is awarded by external “public and private-sector funders,” so Foundry itself de",confirmed_ecosystem_nonallocator
funds-for-good,Funds For Good,https://www.fundsforgood.eu/,genuine_correct,allocator,Patient Capital,True,"“Funds For Good Invest” runs socially responsible funds and “Funds For Good Impact” deploys 0%-interest subordinated “honor loans” to social entrepreneurs under a “reasoned capitalism” mission, fittin",genuine_correct
halcyon-incubator,Halcyon Incubator,https://halcyonincubator.org/,junk_not_allocator,accelerator_no_capital,none,False,"The page describes a five-month social-entrepreneur fellowship providing housing and a “$10,000 stipend” plus mentorship/resources but no equity or investment capital, so it is an incubator/fellowship",confirmed_ecosystem_nonallocator
kaszek-ventures,Kaszek Ventures,https://kaszek.com/,genuine_misclassified,allocator,UVC,False,"Kaszek self-describes as a Latin America venture-capital firm investing seed through pre-IPO in high-growth tech (fintech, SaaS, marketplaces) across 9 funds—classic unicorn VC (UVC), with no patient/",genuine_flag_reclassify
macarthur-foundation,MacArthur Foundation,https://www.macfound.org/,genuine_correct,allocator,Patient Capital,True,"Homepage shows a grantmaking foundation ($8.27B+ awarded) that also runs a dedicated Impact Investments program and maintains an endowment/Investments function, consistent with Patient Capital's missi",genuine_correct
mahle,Mahle,https://www.mahle.com/,junk_not_allocator,product_or_saas,none,False,"MAHLE is an operating automotive supplier (€11.3B sales, 64,242 employees) making thermal, engine and e-mobility components; though it calls itself a “foundation owned corporate,” the atlas row is the",confirmed_ecosystem_nonallocator
michigan-founders-fund,Michigan Founders Fund,https://michiganfoundersfund.org/,junk_not_allocator,network_or_membership,none,False,"Despite “Fund” in the name, the page describes “an inclusive network of high-growth founders” offering membership, a pre-accelerator, internships and events with no language about MFF making grants or",rescued_allocator->LMV
mission-driven-finance,Mission Driven Finance,https://www.missiondrivenfinance.com/,genuine_correct,allocator,Patient Capital,True,"Self-describes as built “to make it easy to invest in your community,” deploying loans to small businesses/nonprofits and structuring impact investment funds “to close financial gaps”—a genuine commun",genuine_correct
mozilla-foundation,Mozilla Foundation,https://foundation.mozilla.org/,genuine_correct,allocator,Patient Capital,True,"Self-describes as “a global non-profit and parent of the Mozilla Corporation” whose grantmaking “supports changemakers,” i.e. a permanent purpose/steward owner of an operating company plus mission gra",genuine_correct
novo-nordisk-foundation,Novo Nordisk Foundation,https://novonordiskfonden.dk/,genuine_correct,allocator,Patient Capital,True,"Site states the foundation's investment activities run through wholly-owned Novo Holdings and that it supports charitable purposes from “its ownership of and investments in companies,” distributing ~1",genuine_correct
perpetual-wealth-ag,Perpetual Wealth AG,https://perpetual-wealth.ch,junk_not_allocator,consultancy_or_advisor,none,False,"Page states it is “a wealth management boutique offering financial and family office services” licensed as a FINMA-supervised asset manager working through custodian banks (Vontobel, UBS, Pictet)—it a",confirmed_ecosystem_nonallocator
pohlad-companies,Pohlad Companies,https://www.pohladcompanies.com/,genuine_correct,allocator,Patient Capital,True,"Multi-generational family holding company describing 'three generations of business rooted in... purposeful long-term thinking and community investment,' owning operating businesses plus Pohlad Invest",genuine_correct
pritzker-group,Pritzker Group,https://www.pritzkergroup.com/,genuine_correct,allocator,Patient Capital,True,"Self-describes as 'a family-backed investment firm partnering with companies for the long term' with a 'permanent capital base,' having 'acquired or invested in more than 100 companies' — classic perm",genuine_correct
qubit-capital,Qubit Capital,https://qubit.capital/,junk_not_allocator,marketplace_or_broker,none,False,"Page describes 'AI Matchmaking' that 'finds the right' investors and 'Bespoke Fundraising' connecting startups to a pool of 20,000+ investors — a fundraising-as-a-service broker that helps companies r",confirmed_ecosystem_nonallocator
theanna,Theanna,https://theanna.io/,junk_not_allocator,product_or_saas,none,False,Self-described 'platform and community where women go from idea to business' at '$99/month · 0% equity' — a SaaS/community product that explicitly takes no equity and deploys no capital.,confirmed_ecosystem_nonallocator
bending-spoons,Bending Spoons,https://bendingspoons.com/,genuine_correct,allocator,Portfolio Capital,True,"States 'we acquire and improve iconic products... Not to sell on, but to own and operate for the long term' (Vimeo, Evernote, WeTransfer, etc.) — a serial acquirer/holdco squarely in Portfolio Capital",genuine_correct
better-ventures,Better Ventures,https://www.better.vc/,genuine_misclassified,allocator,Patient Capital,False,"Self-describes as 'one of the original venture capital firms to back technology companies building a better world,' writing $500k-$1M pre-seed/seed impact checks (~$108M AUM) — a private mission/impac",genuine_flag_reclassify
hoxton-ventures,Hoxton Ventures,https://hoxtonventures.com/,genuine_misclassified,allocator,UVC,False,"'European venture with a Silicon Valley mindset' making minority seed/early checks, 'maximizing upside,' 90 portfolio companies with 3 IPOs — classic unicorn-style VC (UVC baseline), not a Portfolio C",genuine_flag_reclassify
the-giin,The GIIN,https://thegiin.org/,junk_not_allocator,network_or_membership,none,False,"Self-described 'leading industry body for impact investing' offering members 'access to a network of leading impact investors,' tools, and research (IRIS+) — a nonprofit membership network that does n",confirmed_ecosystem_nonallocator
forum-ventures,Forum Ventures,https://www.forumvc.com/,genuine_correct,allocator,LMV,True,"Self-describes as a 'founder-first AI venture studio, accelerator, and pre-seed fund' that operates a 'B2B software pre-seed fund' to 'invest in and support more founders' (430 companies funded) — an ",genuine_correct
south-park-commons,South Park Commons,https://www.southparkcommons.com/,genuine_correct,allocator,LMV,True,"Beyond its founder community, it provides 'Funding from $1M to $10M for founders who want to build a venture-scale company... we're ready to write the first check' — a community-plus-fund that invests",genuine_correct
vc-lab,VC Lab,https://govclab.com,junk_not_allocator,accelerator_no_capital,none,False,Self-described 'world's largest venture capital accelerator' offering a 'Free 14-week accelerator' to 'Launch a VC firm' and 'Raise institutional capital' — a training program for emerging fund manage,confirmed_ecosystem_nonallocator
freed-fellowship,Freed Fellowship,https://www.freedfellowship.com/,genuine_correct,allocator,LMV,True,"A 'monthly small business grant program' awarding $500 monthly 'No-Strings-Attached' grants plus a $2,500 year-end grant ('do not need to repay... do not need to sell any equity') — deploys non-diluti",genuine_correct
smb-investor-network,SMB Investor Network,https://www.smbinvestornetwork.com/,unverifiable,other,none,False,"Homepage, root domain, and /about all returned HTTP 403 to WebFetch across repeated attempts, so the page could not be read to confirm whether it deploys capital or merely networks/educates SMB invest",unverifiable_keep_flag
sky9-capital,Sky9 Capital,https://www.sky9capital.com/,genuine_misclassified,allocator,UVC,False,"The site presents a global multi-stage venture firm 'backing exceptional founders building transformative, category-defining companies' touting '$3.8B in value, 35 exits/IPOs' across 150+ companies — ",genuine_flag_reclassify
sovereign-tech-fund,Sovereign Tech Fund,https://www.sovereign.tech/,unverifiable,other,none,False,"sovereign.tech, sovereign.tech/, and sovereign.tech/en all returned HTTP 403 to WebFetch on repeated attempts, so the page could not be read to confirm whether it deploys investment capital or only gr",unverifiable_keep_flag
tiff-investment-management,TIFF Investment Management,https://www.tiff.org/,genuine_correct,allocator,Patient Capital,True,"Page describes 'comprehensive Outsourced Chief Investment Officer (OCIO) and alternative investment strategies, including private equity, venture capital, and hedge funds, for endowments, foundations,",genuine_correct
the-builders-fund,The Builders Fund,https://www.thebuildersfund.com/,genuine_correct,allocator,Patient Capital,True,Site states it 'partners with growth-stage companies whose fundamental business models directly address environmental and social challenges' emphasizing 'long-term value creation versus short-term ext,genuine_correct
aligned-climate-capital,Aligned Climate Capital,https://www.alignedclimatecapital.com/,genuine_misclassified,allocator,Patient Capital,False,Page presents a private LLC investment firm 'Investing in the Companies and Projects Accelerating the Clean Energy Transition' via infrastructure and venture divisions with an investor portal — a priv,genuine_flag_reclassify
lowercarbon-capital,Lowercarbon Capital,https://www.lowercarbon.com/,genuine_misclassified,allocator,none,False,"Site says they 'back kickass companies that make real money slashing CO2 emissions' with a private VC portfolio (Antora, Commonwealth Fusion, Crusoe) — a private climate venture fund, explicitly not a",genuine_flag_reclassify
risefi,RiseFi,https://risefi.com,genuine_correct,allocator,SMV,True,"Homepage offers 'up to $750K in fast, flexible funding for your merchants' via revenue-based and inventory financing, earning lending spreads and syndicating advances — a non-dilutive revenue-based ca",genuine_correct
settle,Settle,https://www.settle.com/,junk_not_allocator,product_or_saas,none,False,"Site is a B2B SaaS 'Purchase, Finance, and Pay for Inventory' platform with tiered subscriptions ($199/mo); financing is outsourced — 'All bill pay services... are performed by a financial institution",rescued_allocator->SMV
83k-capital,83K Capital,https://83kcapital.com,genuine_correct,allocator,Patient Capital,True,"Describes itself as 'a permanent equity investment firm' that acquires/grows/holds property management and home-services businesses to 'own forever, compound value, and return capital through cash flo",genuine_correct
andromeda,Andromeda,https://www.csiandromeda.com,genuine_misclassified,allocator,Portfolio Capital,False,"Page describes a Constellation Software-backed holding company that 'acquire[s] vertical market software companies' with 'intent to hold them permanently,' operating 30+ companies — a VMS serial acqui",genuine_flag_reclassify
atlasview-equity,Atlasview Equity,https://www.atlasviewequity.com/,genuine_misclassified,allocator,Portfolio Capital,False,Site presents a 'founder-first investment firm' acquiring B2B software/tech-enabled businesses ($1M+ EBITDA) with 'customizable deal structures and hold periods' and an EBITDA-improvement operating pl,genuine_flag_reclassify
brex-capital,Brex Capital,https://www.brex.com/product/capital,junk_not_allocator,product_or_saas,none,False,"The /product/capital URL 404'd, but brex.com describes Brex as a 'finance platform... from company cards to banking' — a fintech spend-management/SaaS product, and 'Brex Capital' is a working-capital/",rescued_allocator->SMV
broadtree-partners,Broadtree Partners,https://www.broadtreepartners.com/,genuine_misclassified,allocator,Portfolio Capital,False,Self-describes as 'a premier lower middle-market private equity firm' acquiring majority stakes in $3-10M EBITDA companies to 'maximize the value of the companies we acquire' — a PE acquirer (Portfoli,genuine_flag_reclassify
brydon-group,Brydon Group,https://www.brydongroup.com/,genuine_misclassified,allocator,Search/ETA,False,"Page (brydon.com) says 'Reimagining private equity for small business: where talent leads, capital follows' with 46 acquisitions and a CEO-in-Residence program to 'acquire a business' — a talent-led E",genuine_flag_reclassify
consensys,Consensys,https://consensys.io,junk_not_allocator,product_or_saas,none,False,"Page states 'Consensys builds the consumer platform, developer, enterprise... and protocol software powering the transition to decentralized finance' (MetaMask, Infura, Linea) — a blockchain software/",confirmed_ecosystem_nonallocator
dvg-partners,DVG Partners,https://www.dvgpartners.com/,genuine_misclassified,allocator,Portfolio Capital,False,"Self-describes as 'a veteran owned investment platform managing a portfolio of lower middle market operating businesses' — a holdco/operating-business acquirer (Portfolio Capital or Search/ETA), with ",genuine_flag_reclassify
earth-foundry,Earth Foundry,https://www.earthfoundry.com,genuine_misclassified,allocator,UVC,False,"Self-describes as 'a revolutionary approach to venture capital for critical industries' with portfolio companies (Span.IO, Recurve) that 'Raised $1 Billion' — a venture-capital/studio investor, not Pa",genuine_flag_reclassify
lightship-bootcamp,Lightship Bootcamp,https://www.lightship.foundation/bootcamp,junk_not_allocator,accelerator_no_capital,none,False,"Page describes 'a free, in-person program... 3 focused days of learning, mentorship, and growth'; it deploys no capital itself (only points founders to an external JobsOhio grant), so it is a bootcamp",confirmed_ecosystem_nonallocator
patagonia-works,Patagonia Works,https://www.patagoniaworks.com/,genuine_correct,allocator,Patient Capital,True,"Page describes 'a new kind of holding company' with '$20 Million and Change... an internal fund to help like-minded, responsible start-up companies' — a steward-owned mission-driven holdco with an int",genuine_correct
perpetua-capital,Perpetua Capital,https://www.perpetuacapital.com,genuine_correct,allocator,Patient Capital,True,"Self-describes as 'A private family office' with a perpetual horizon emphasizing 'predictable and sustainable cash flows' and 'capital partners across the entire business cycle' across equities, real ",genuine_correct
soma-fellows,Soma Fellows,https://programs.somacap.com/fellows,genuine_misclassified,allocator,UVC,False,Page offers 'Track 1: Up to $2m uncapped for your startup' and claims to have 'seeded 40+ unicorns' with follow-on funding — a unicorn-seeding fellowship/accelerator that writes checks (LMV/UVC-flavor,genuine_flag_reclassify
founder-institute,Founder Institute,https://fi.co,junk_not_allocator,accelerator_no_capital,none,False,fi.co charges founders 'a one-time Entrance Fee' ($799-$999) and bills itself as 'the world's most proven network to turn ideas into fundable startups' — a paid pre-seed accelerator/program (capital o,rescued_allocator->LMV
onesixone-ventures,OneSixOne Ventures,https://www.onesixone.ventures/,unverifiable,other,none,False,"Both the homepage and /about returned only the name 'OneSixOne Ventures' with no descriptive text (JS-only/thin page), so the assigned Patient Capital class cannot be verified from the page.",unverifiable_keep_flag
beacon-oral-specialists,Beacon Oral Specialists,https://www.beaconoralspecialists.com/,junk_not_allocator,other,none,False,"Homepage describes a ""community of best-in-class oral and maxillofacial surgeons"" providing practice support with surgeons keeping their practices — an operating/DSO-style support platform, not a capi",rescued_allocator->Portfolio Capital
fundwell,Fundwell,https://www.fundwell.com,junk_not_allocator,marketplace_or_broker,none,False,"Self-describes as a ""financial platform"" where you ""view, compare, and evaluate multiple funding offers side-by-side"" — a lending marketplace/aggregator matching businesses to third-party funders, not",confirmed_ecosystem_nonallocator
heartland-dental,Heartland Dental,https://www.heartland.com/,junk_not_allocator,other,none,False,"Self-describes as a dental support organization that ""protects a supported doctor's clinical independence"" across 1,900+ offices — an operating services company, not a capital allocator.",rescued_allocator->Portfolio Capital
hummock-capital,Hummock Capital,https://www.hummockcapital.com/,genuine_correct,allocator,Patient Capital,True,"Homepage states ""Permanent Capital: Not a fund—no mandate to sell"" as an owner-operator family partnership holding companies indefinitely — squarely Patient Capital.",genuine_correct
pacific-dental-services,Pacific Dental Services,https://www.pacificdentalservices.com/,junk_not_allocator,other,none,False,"Now PDS Health; self-describes as providing ""dental and medical providers with the operational expertise, technology and support to deliver connected, patient-centered care"" — an operating support org",confirmed_ecosystem_nonallocator
snell-ventures,Snell Ventures,https://www.snellventures.com/,genuine_correct,allocator,Patient Capital,True,"Self-describes as a ""ministry focused family holding company"" pursuing ""permanent ownership of companies"" with an Acquisition Services arm to ""Steward our assets well"" — a faith-driven steward-ownersh",genuine_correct
the-independent-sponsor-model-or-fundless-sponsor-model,The Independent Sponsor Model or Fundless Sponsor Model,https://www.fundlesssponsorcapital.com/the-independent-sponsor-model,junk_not_allocator,consultancy_or_advisor,none,False,"Page is Access Capital Partners, ""an Investment Bank Focused on Raising Debt and Equity Capital for Fundless or Independent Sponsors"" — an advisory/capital-raising intermediary that does not deploy it",confirmed_ecosystem_nonallocator
investing,Investing,https://investing.io/indie-saas-investors,junk_not_allocator,article_or_blog,none,False,"Page is a directory/listicle: ""In this article, I've showcased ten top investors who focus specifically on SaaS startups"" (TinySeed, Lighter Capital, etc.) — editorial content, not an allocator itself",removed_non_entity
impact,Impact,https://strategicinvestmentfund.org/impact,genuine_correct,allocator,Sovereign Capital,True,"Strategic Investment Fund self-describes as a private capital pool created to ""fill financing gaps in critical economic development projects,"" making loans/investments that leverage broader developmen",genuine_correct
vela-software-group,Vela Software Group,https://velasoftwaregroup.com/,genuine_correct,allocator,Portfolio Capital,True,"Constellation Software subsidiary that states ""We hold our companies forever, investing for the long term"" across 500+ acquisitions of vertical software businesses — a classic VMS serial-acquirer hold",genuine_correct
7-actionable-bootstrapped-saas-success-stories-playbooks-for-2025,7 Actionable Bootstrapped SaaS Success Stories & Playbooks for 2025,https://saasoperations.com/bootstrapped-saas-success-stories,junk_not_allocator,article_or_blog,none,False,"Page is a blog listicle of seven resources/case studies for bootstrapped founders (""Real growth is built on the specific, tactical decisions..."") — editorial content, not a capital allocator.",removed_non_entity
bessemer-trust,Bessemer Trust,https://www.bessemertrust.com/,genuine_correct,allocator,Patient Capital,True,"Self-describes as a multi-family office ""Enhancing private wealth for generations"" with ""Deep family office expertise"" and investment management for multi-generational families — a Patient Capital all",genuine_correct
bridges-fund-management,Bridges Fund Management,https://www.bridgesfundmanagement.com/,genuine_misclassified,allocator,Patient Capital,False,Page calls it 'a global leader in sustainable and impact investing' whose funds 'invest exclusively in solutions that help to decarbonise the economy' — a mission/impact long-hold fund manager (Patien,genuine_flag_reclassify
bullpen-capital,Bullpen Capital,https://bullpencap.com/,genuine_misclassified,allocator,UVC,False,"Page states 'Bullpen is a venture capital fund investing capital into early-stage companies' with post-seed checks for companies that 'have found product-market fit' — a classic drawdown VC fund, not ",genuine_flag_reclassify
dbl-partners,DBL Partners,https://www.dblpartners.vc/,genuine_misclassified,allocator,Patient Capital,False,"Page brands it 'Impact Venture Capital Investors' delivering 'social, environmental, and economic benefits' alongside returns — a double-bottom-line/impact fund (Patient Capital), not Sovereign Capita",genuine_flag_reclassify
fika-ventures,Fika Ventures,https://fika.vc/,genuine_correct,allocator,LMV,True,Page describes 'Early-Stage Funding For B2B Startups' as a small pre-Series A seed fund writing ~$1-5M checks — a defensible LMV (micro/seed) allocator.,genuine_correct
ford-foundation,Ford Foundation,https://www.fordfoundation.org/,genuine_correct,allocator,Patient Capital,True,"Page presents a perpetual charitable foundation that 'invest[s] in transformative ideas, individuals and institutions' and runs a 'Mission Investments' program — a perpetual endowment / mission long-h",genuine_correct
foundation-capital,Foundation Capital,https://foundationcap.com/,genuine_correct,allocator,Patient Capital,True,"Page says 'we've backed extraordinary founders from day zero,' notes it specializes in 'patient capital' with long-term first-check conviction (77% pre-revenue) — its own patient-capital framing makes",genuine_correct
founder-collective,Founder Collective,https://foundercollective.com/,genuine_misclassified,allocator,LMV,False,"Page states its mission is to 'build the most aligned vc fund for founders at the seed stage,' 'stage-focused (seed and pre-seed)' — a seed VC fund (LMV), not permanent/evergreen Patient Capital.",genuine_flag_reclassify
generation-investment-management,Generation Investment Management,https://www.generationim.com/,genuine_misclassified,allocator,Patient Capital,False,"Page declares 'Generation is a pure-play sustainable investment manager. It is all we do.' — a sustainability/impact asset manager (Patient Capital, mission long-hold), not Sovereign Capital (not a so",genuine_flag_reclassify
heron-foundation,Heron Foundation,https://www.heron.org/,genuine_correct,allocator,Patient Capital,True,"Page frames a perpetual mission foundation around impact investing of its endowment ('Conscious Portfolio Construction,' 'Properly Capitalizing Enterprises,' its 'U.S. Community Investing Index') — a ",genuine_correct
homebrew,Homebrew,https://homebrew.co/,genuine_misclassified,allocator,LMV,False,"Page ('Capital. Counsel. Commitment... Delivered by Homebrew') describes a seed-stage fund making 'a small number of investments' as early as possible — an operator-led seed/micro fund (LMV), not perm",genuine_flag_reclassify
iconiq-capital,Iconiq Capital,https://www.iconiqcapital.com/,genuine_correct,allocator,Patient Capital,True,"Page describes 'a global investment firm' with $100B+ AUM spanning venture/growth, real assets and impact while serving as a wealth manager for its HNW 'community' — a tech-founder family-office/wealt",genuine_correct
industry-ventures,Industry Ventures,https://www.industryventures.com/,genuine_misclassified,allocator,UVC,False,"Page brands 'Pioneering VC & growth solutions' offering 'flexible capital solutions across the venture life cycle' — seed/early, co-investments, late-stage secondaries, tech buyouts and fund-of-funds ",genuine_flag_reclassify
koch-industries,Koch Industries,https://www.kochinc.com/,genuine_correct,allocator,Portfolio Capital,True,"Homepage: Koch 'acquires, creates, develops and invests in a diverse group of companies'; a family-owned permanent-capital diversified holdco, so Patient Capital is defensible (though Portfolio Capita",genuine_correct
kresge-foundation,Kresge Foundation,https://kresge.org/,genuine_correct,allocator,Patient Capital,True,"Homepage: a 'national foundation' that deploys '$160M+ annually through grants, loans, and innovative tools' via 'grantmaking and social investing' — a perpetual mission/impact endowment, squarely Pat",genuine_correct
leapfrog-investments,LeapFrog Investments,https://leapfroginvest.com/,genuine_misclassified,allocator,Patient Capital,False,"Homepage positions it as a private impact investor ('Profit with Purpose', emerging-markets equity in financial services/healthcare/climate) — a mission/impact long-hold (Patient Capital), not a sover",genuine_flag_reclassify
long-journey-ventures,Long Journey Ventures,https://www.longjourney.vc/,genuine_misclassified,allocator,LMV,False,Homepage: 'Early Stage Investing for the long-term... second believers in the magically weird' — an indie early-stage/seed VC (LMV); the 'long-term' tagline is a thin hook and does not make it permane,genuine_flag_reclassify
marlin-equity-partners,Marlin Equity Partners,https://www.marlinequity.com/,genuine_misclassified,allocator,Portfolio Capital,False,"Homepage: 'a global software and technology investment firm' doing buyouts/take-privates plus 'strategic acquisitions' (buy-and-build) — a software PE serial acquirer (Portfolio Capital), not permanen",genuine_flag_reclassify
private-equity-roll-up-strategy-explained-allegrow,Private Equity Roll Up Strategy Explained- Allegrow,https://allegrow.com/private-equity-roll-up-strategy,junk_not_allocator,article_or_blog,none,False,"Page is an educational article on roll-up strategy; the firm self-describes as 'an M&A Communications Firm' providing integration/communications advisory — a consultancy that deploys no capital, not a",removed_non_entity
roll-up-strategy-2026,Roll-Up Strategy 2026,https://ctacquisitions.com/roll-up-strategy-guide-2026,junk_not_allocator,article_or_blog,none,False,"Page is a long-form roll-up strategy guide; CT Strategic Partners 'runs retained buy-side mandates' charging buyers fees — a buy-side M&A advisor/broker, not a capital allocator.",removed_non_entity
surdna-foundation,Surdna Foundation,https://surdna.org/,genuine_correct,allocator,Patient Capital,True,"Homepage: a charitable foundation (est. 1917) 'fostering sustainable communities' via grantmaking and impact investing across inclusive economies/environment/culture — a perpetual mission foundation, ",genuine_correct
the-quiet-rise-of-profitable-indie-hackers-in-2026,The Quiet Rise of Profitable Indie Hackers in 2026,https://upstartzen.com/quiet-rise-profitable-indie-hackers,junk_not_allocator,article_or_blog,none,False,"Upstartzen is 'your source for startup wisdom... business thinking' — a media/content blog monetized via ads/sponsorships, not a capital allocator.",removed_non_entity
wefunder,"Wefunder, ...",https://wefunder.com/calmfund,unverifiable,other,none,False,"wefunder.com/calmfund returned HTTP 403 Forbidden on the single fetch, so no judgment could be made from the page (unverifiable, not a junk determination).",unverifiable_keep_flag
what-is-a-venture-studio-the-venture-studio-model-explained,What Is a Venture Studio? The Venture Studio Model Explained,https://futuresight.ventures/what-is-a-venture-studio,genuine_correct,allocator,Portfolio Capital,True,"Although the URL is an explainer article, it is on FutureSight's own site and confirms FutureSight 'systematically creates and launches new startups by combining capital, shared infrastructure, and ha",genuine_correct
building-the-world-s-most-powerful-network-for-founders,Building the World's Most Powerful Network for Founders,https://www.techstars.com,genuine_misclassified,allocator,LMV,False,"Homepage: 'a leading pre-seed venture capital firm' running a 'mentorship-driven accelerator program' plus 'a capital investment' (1,100+ portfolio companies) — an accelerator-that-invests/pre-seed mi",genuine_flag_reclassify
mars-inc,Mars Inc,https://www.mars.com/,junk_not_allocator,other,none,False,"Homepage presents an operating consumer-goods manufacturer ('Global Petcare, Food & Nutrition, and Snacking Brands' making M&M's, Pedigree, etc.), not a capital allocator deploying into companies; fam",confirmed_ecosystem_nonallocator
maven-ventures,Maven Ventures,https://www.mavenventures.com/,genuine_misclassified,allocator,UVC,False,"Self-describes as a 'highly-concentrated' consumer seed fund touting '4 unicorn exits (Zoom, Cruise, Embark, Epic!)' — classic unicorn-hunting seed VC, with no permanent/evergreen/family-office langua",genuine_flag_reclassify
munger-tolles-olson-trust,Munger Tolles & Olson Trust,https://www.mto.com/,junk_not_allocator,consultancy_or_advisor,none,False,"Homepage is a law firm ('an intimate, yet formidable litigation department,' 200+ attorneys across LA/SF/DC), not a trust company or capital allocator.",confirmed_ecosystem_nonallocator
prime-coalition,Prime Coalition,https://www.primecoalition.org/,genuine_correct,allocator,Sovereign Capital,True,Self-describes as deploying catalytic philanthropic capital — 'Prime knocks down barriers for philanthropists to deploy charitable capital into a broader set of untapped climate solutions' — which fit,genuine_correct
solen-software-group,Solen Software Group,https://www.solensoftwaregroup.com,genuine_misclassified,allocator,Portfolio Capital,False,"Self-describes as a 'long-term software holding company' that acquires and permanently holds vertical SaaS with 'no set exit timeline' — a serial acquirer/holdco (Portfolio Capital), not the revenue-b",genuine_flag_reclassify
sponsored-by-aha,Sponsored by Aha!,https://www.bootstrap.company/companies,junk_not_allocator,article_or_blog,none,False,"The page is a curated directory/listicle of bootstrapped companies ('These companies are self-reliant and successful — with little to no outside funding'), a community showcase that deploys no capital",removed_non_entity
vulcan-inc,Vulcan Inc,https://www.vulcan.com/,junk_not_allocator,other,none,False,"vulcan.com 308-redirects to vulcanrealestate.com, a real-estate developer/operator ('We design and deliver imaginative places that propel human progress'); the live site is an RE operator, not the Pau",confirmed_ecosystem_nonallocator
zf-friedrichshafen,ZF Friedrichshafen,https://www.zf.com/,junk_not_allocator,other,none,False,"Homepage describes a manufacturing/operating company — 'a global technology company supplying advanced mobility products and systems for passenger cars, commercial vehicles and industrial technology' ",rescued_allocator->SMV
acquisition-lab,Acquisition Lab,https://acquisitionlab.com,junk_not_allocator,network_or_membership,Search/ETA,False,Page presents a paid ETA education program and 'vetted network of searchers and operators' that coordinates deal sourcing/capital/support for fee-paying members ('The Lab brings these moving parts int,rescued_allocator->Search/ETA
hyperplane-venture-capital,Hyperplane Venture Capital,https://www.hyperplane.vc/,genuine_correct,allocator,LMV,True,"Self-describes as 'first-check, high-conviction partners to founders' building early-stage AI/deep-tech companies — an early-stage first-check seed/indie fund, consistent with the LMV (solo-GP/micro/i",genuine_correct
angellist-rolling-funds,AngelList Rolling Funds,https://www.angellist.com/rolling-funds,junk_not_allocator,product_or_saas,none,False,The page sells AngelList's fund-administration SaaS/back-office product to GPs ('Manage fund operations from your central GP dashboard. AngelList fund administration is engineered for venture capital',confirmed_ecosystem_nonallocator
apex-capital-group,Apex Capital Group,https://www.apexcapitalgroup.com/,genuine_misclassified,allocator,none,False,"Self-describes as a 'leading global growth investment firm' deploying as 'controlling shareholder and minority investor' using 'a variety of transaction and capital structures' — growth-equity/PE, wit",genuine_flag_reclassify
astia,Astia,https://www.astia.org/,genuine_misclassified,allocator,LMV,False,"Self-describes as 'a different type of venture firm... invest in high-performing women-led companies' with $65M+ AUM and 180+ investments — an early-stage venture investor (LMV-type), not permanent/ev",genuine_flag_reclassify
caisse-de-d-p-t-et-placement-du-qu-bec,Caisse de dépôt et placement du Québec,https://www.cdpq.com/,genuine_correct,allocator,Patient Capital,True,"Self-describes as 'Investisseur institutionnel de long terme' investing depositors' capital across private placements, infrastructure, real estate and public equities — a long-horizon institutional al",genuine_correct
calpers,CalPERS,https://www.calpers.ca.gov/,genuine_correct,allocator,Sovereign Capital,True,"California Public Employees' Retirement System investing member pension dollars (e.g. '$100 Billion Climate Action Plan', Investments office, sustainable investing) — a public pension allocator defens",genuine_correct
calm-storm-ventures,Calm/Storm Ventures,https://calmstorm.vc/,genuine_correct,allocator,LMV,True,"Self-describes as 'a boutique venture capital firm... super-early stage investor' with 75+ HealthTech portfolio companies and a €20M Fund II — a small/early venture fund, fits LMV.",genuine_correct
capricorn-investment-group,Capricorn Investment Group,https://www.capricornllc.com/,genuine_correct,allocator,Patient Capital,True,"Self-describes as 'Leaders in Sustainable Investing' / impact-aligned investor managing $19B for families, foundations and institutions (OCIO, Sustainable Investors Fund) — mission/impact long-hold mu",genuine_correct
climate-bonds-initiative,Climate Bonds Initiative,https://www.climatebonds.net/,unverifiable,other,none,False,"Both homepage and /about returned HTTP 403, so the page could not be reviewed and no allocator vs standards-body claim can be verified from the site itself.",unverifiable_keep_flag
climate-investment-fund,Climate Investment Fund,https://www.cif.org/,genuine_correct,allocator,Sovereign Capital,True,"Self-describes as 'one of the largest active climate finance mechanisms in the world' ($12.5B pledged, 442 approved projects) deploying concessional/blended finance via MDBs — catalytic/blended climat",genuine_correct
diploma-plc,Diploma plc,https://www.diplomaplc.com/,genuine_misclassified,allocator,Portfolio Capital,False,Page positions it as an acquisitive 'value-add solutions group' that is 'a great home for your business' acquiring founder-led businesses ('7 new businesses' acquired) — a serial acquirer/holdco (Port,genuine_flag_reclassify
gates-cambridge-trust,Gates Cambridge Trust,https://www.gatescambridge.org/,junk_not_allocator,other,none,False,"Page describes 'Postgraduate scholarships at the University of Cambridge for scholars' — a scholarship/grant program funding individual students' education, not an allocator deploying capital into com",confirmed_ecosystem_nonallocator
green-climate-fund,Green Climate Fund,https://www.greenclimate.fund/,genuine_correct,allocator,Sovereign Capital,True,"Self-describes as 'the world's climate fund for developing countries' mobilising/delivering capital via grants, concessional finance, equity and blended finance across 352 projects — multilateral cata",genuine_correct
hampton-fund,Hampton Fund,https://www.joinhampton.com/,junk_not_allocator,network_or_membership,none,False,Self-describes as 'the private network for high-growth founders' selling monthly peer 'core groups' and membership dues with no capital deployment ('Hampton does not invest in or allocate capital'); n,confirmed_ecosystem_nonallocator
hewlett-foundation,Hewlett Foundation,https://hewlett.org/,junk_not_allocator,other,none,False,"Page describes a grant-making philanthropic foundation that 'make[s] grants across a number of program areas' to nonprofits 'rather than seeking financial returns' — grant-maker, not an allocator depl",confirmed_ecosystem_nonallocator
liberty-media,Liberty Media,https://www.libertymedia.com/,genuine_correct,allocator,Portfolio Capital,True,"Homepage: 'We own interests in a high-quality portfolio of assets across the media, entertainment and sports industries' (e.g., Formula One, MotoGP) — a holding company owning a portfolio of operating",genuine_correct
loews-corporation,Loews Corporation,https://www.loews.com/,genuine_correct,allocator,Portfolio Capital,True,"Homepage: 'a diversified company, with businesses in the insurance, energy, hospitality and packaging industries' whose 'multi-industry holding company structure... [gives] the freedom to make investm",genuine_correct
markel-ventures,Markel Ventures,https://www.markel.com/markel-ventures/,genuine_correct,allocator,Patient Capital,True,"Assigned URL 301-redirects to mklgroup.com/what-we-do/markel-ventures (Markel Group), which states they 'relentlessly compound shareholder capital across decades through thoughtful capital allocation.",genuine_correct
mcknight-foundation,McKnight Foundation,https://www.mcknight.org/,genuine_correct,allocator,Patient Capital,True,Homepage carries both a grants database ('Grantees'/'Grantseekers') and a dedicated impact-investing program ('Why We Invest / How We Invest / Where We Invest') deploying endowment capital toward a 'j,genuine_correct
norges-bank-investment-management,Norges Bank Investment Management,https://www.nbim.no/,genuine_correct,allocator,Sovereign Capital,True,"Homepage: manages the Government Pension Fund Global to 'safeguard and build financial wealth for future generations' from 'Norway's oil and gas resources,' holding stakes in ~7,200 companies worldwid",genuine_correct
praxis-labs,Praxis Labs,https://www.praxislabs.org/,junk_not_allocator,accelerator_no_capital,none,False,"Homepage (praxis.co): 'Praxis is a venture-building ecosystem... We support founders, funders, innovators and culture makers' via accelerator programs, mentorship, and community; the '$156M+ Capital P",confirmed_ecosystem_nonallocator
pritzker-innovation-fund,Pritzker Innovation Fund,https://www.pritzkerinnovationfund.org/,genuine_correct,allocator,Patient Capital,True,Homepage: 'Supporting the development and advancement of paradigm-shifting ideas to solve the world's most wicked problems' — a family philanthropic fund (Rachel/Roland Pritzker) deploying grant capit,genuine_correct
skoll-foundation,Skoll Foundation,https://skoll.org/,genuine_correct,allocator,Patient Capital,True,"Homepage: 'The Skoll Foundation catalyzes transformational social change by investing in, connecting, and championing social entrepreneurs,' deploying capital to organizations 'at their inflection poi",genuine_correct
sovereign-s-capital,Sovereign's Capital,https://sovereignscapital.com/,genuine_correct,allocator,Patient Capital,True,"Homepage: 'We provide capital and strategic partnership to companies and funds led by faith-driven teams that have the potential for outsized returns and impact,' across direct LMM/early-stage/public ",genuine_correct
stage-2-capital,Stage 2 Capital,https://www.stage2.capital/,genuine_misclassified,allocator,UVC,False,"Homepage: 'The venture capital fund led and backed by GTM experts... run & backed by 1,000+ go-to-market leaders' investing equity in B2B software — explicitly an equity VC, NOT revenue-based, so the ",genuine_flag_reclassify
wk-kellogg-foundation,WK Kellogg Foundation,https://www.wkkf.org/,genuine_correct,allocator,Patient Capital,True,"Homepage navigation exposes 'Grants & Opportunities' (Awarded Grants/Grantseekers), 'Mission Driven Investments,' and 'Fellowships,' investing across healthy food, health, early education and equitabl",genuine_correct
aspect-investors,Aspect Investors,https://www.aspectinvestors.com/,genuine_correct,allocator,Search/ETA,True,"Homepage: 'We partner with searchers to buy and grow great companies,' tagline 'Capital for entrepreneurs, by entrepreneurs,' with 'Search Teams' and 'Operating Companies' navigation — a search-fund i",genuine_correct
berkshire-partners-acquisitions,Berkshire Partners Acquisitions,https://www.berkshirepartners.com/,genuine_misclassified,allocator,none,False,Homepage describes a private and public equity investor that seeks to 'invest in high-potential companies and transform them into scale market leaders' via a Private Equity arm and Stockbridge public-,genuine_flag_reclassify
caltius-equity-partners,Caltius Equity Partners,https://www.caltius.com/,genuine_misclassified,allocator,none,False,"Homepage offers 'Debt & Equity Solutions for Middle Market Companies' for buyouts, recapitalizations, growth capital and acquisition financing (minority equity, subordinated debt, unitranche) — a midd",genuine_flag_reclassify
emerson-collective,Emerson Collective,https://www.emersoncollective.com/,genuine_correct,allocator,Patient Capital,True,"Self-describes as 'a company that invests in entrepreneurs and innovators driven by purpose,' a mission-driven LLC working for 'human flourishing' — a purpose/impact long-hold investor consistent with",genuine_correct
national-investment-infrastructure-fund-india,National Investment & Infrastructure Fund (India),https://niifindia.in/,genuine_correct,allocator,Sovereign Capital,True,"Homepage states it is 'India's premier sovereign-anchored alternative assets manager,' 'Anchored by the Government of India,' deploying 'equity & structured debt' to LPs and Indian companies — a textb",genuine_correct
north-park-group,North Park Group,https://northparkgroup.com/,genuine_correct,allocator,Patient Capital,True,"Self-describes as a family office that acquires family-owned manufacturers/distributors and grows them 'over the long term,' stating 'We are NOT a private equity fund' and 'We invest our own capital a",genuine_correct
revtek-capital,RevTek Capital,https://revtekcapital.com/,genuine_correct,allocator,SMV,True,"Homepage offers 'founder-friendly growth capital' of '$2M to $20M+' to 'recurring-revenue companies' on a 'draw only what you need' basis with '$250M+ Credit provided,' explicitly low-/non-dilutive — ",genuine_correct
spire-capital,Spire Capital,https://spirecap.com/,unverifiable,other,none,False,"spirecap.com 302-redirects to an Atom.com listing reading 'SpireCap.com is for sale! $11,095' — the assigned site is a parked/for-sale domain with no operating-firm content, so the entity cannot be ve",removed_non_entity
toniic,Toniic,https://www.toniic.com/,junk_not_allocator,network_or_membership,none,False,Homepage calls itself 'the global action community for impact investing' and 'a global community of asset owners' providing peer gatherings and a members' directory; the organization itself deploys no,confirmed_ecosystem_nonallocator
trilogy-software,Trilogy Software,https://www.trilogy.com/,genuine_misclassified,allocator,Portfolio Capital,False,"Homepage says 'We buy good software businesses and scale them,' is 'a portfolio of hundreds,' and its 'AI-first platform acquires mature SaaS brands' — a software serial-acquirer/holdco (Portfolio Cap",genuine_flag_reclassify
enduring-ventures,Enduring Ventures,https://www.enduring.ventures/,genuine_correct,allocator,Patient Capital,True,"Self-describes as an 'entrepreneurial holding company' that buys companies 'under no mandate to sell in 3-5 years' and holds them 'over the long term,' owning 'a portfolio of cash-flow positive compan",genuine_correct
evermore-industries,Evermore Industries,https://evermore.industries/,genuine_correct,allocator,Patient Capital,True,"Homepage states 'We acquire and operate businesses... that honors legacy,' 'We invest with no intention to sell, offering business owners a permanent home,' aiming to be 'forever partners' — explicit ",genuine_correct
lab-one-capital,Lab One Capital,https://www.labonecapital.com/,genuine_correct,allocator,Patient Capital,True,"Homepage states 'We buy, build, and hold exceptional Western Canadian businesses. Forever,' 'We invest our own equity,' and 'No fund clock — we buy, build, and compound for the long term' — a permanen",genuine_correct
long-holding-company,Long Holding Company,https://www.longholdco.com/,genuine_correct,allocator,Patient Capital,True,"Homepage 'A Permanent Home For The Business You Built' and 'our goal is to own every business we acquire forever' — a permanent-equity holdco acquiring B2B info/software businesses, matching Patient C",genuine_correct
opalkadia,OpalKadia,https://www.opalkadia.com/,genuine_correct,allocator,Patient Capital,True,"Homepage 'A holding company for the long term' with 'Unlike funds with a clock, we are stewards aiming for permanence' — permanent-equity acquirer of profitable businesses, matching Patient Capital.",genuine_correct
sig-partners,SIG Partners,https://www.sigpartners.com/,genuine_correct,allocator,Patient Capital,True,"Homepage 'A family-owned holding company investing in great American businesses for the long term' with 'no fund, no timeline, and no pressure to sell' — permanent-equity holdco, matching Patient Capi",genuine_correct
sagamore-mountain,Sagamore Mountain,https://www.sagamoremountain.com/,genuine_correct,allocator,Patient Capital,True,"Homepage 'We acquire and operate enduring, cash-flowing businesses with no intention to sell—providing a permanent home' — permanent-equity holdco, matching Patient Capital.",genuine_correct
saturn-five,Saturn Five,https://www.saturnfive.com/,genuine_correct,allocator,Patient Capital,True,Homepage 'Buying and operating some of the best small businesses in America' as 'a diversified family of cash-flow-generating small businesses' with a 'long-term-hold mentality' — permanent-hold acqui,genuine_correct
stoiclane,StoicLane,https://www.stoiclane.com/,genuine_correct,allocator,Patient Capital,True,Homepage 'long-term growth and acquisition platform... operational expertise and patient capital to transform and grow FIRE industries' with control investments up to $150M — explicitly patient capita,genuine_correct
stonehelm-group,StoneHelm Group,https://stonehelmgroup.com/,genuine_correct,allocator,Patient Capital,True,"Homepage cites 'patient, permanent capital,' thinking 'in decades, not quarters,' acquiring equity in recurring-revenue businesses to 'own and grow for decades, not flip' — matching Patient Capital.",genuine_correct
traction,Traction,https://www.tractioncp.com/,genuine_correct,allocator,Patient Capital,True,"Homepage 'private investment firm... acquire family-owned... businesses' that 'looks to provide permanent capital and be long-term owners' unlike traditional PE — permanent-equity holdco, matching Pat",genuine_correct
impro-ventures,Impro Ventures,https://impro.ventures/,unverifiable,other,none,False,"Homepage returned HTTP 403 Forbidden on fetch, so the entity's self-description and allocator status could not be judged from the page.",unverifiable_keep_flag
startup-ignition,Startup Ignition,https://www.startupignition.com/,genuine_correct,allocator,LMV,True,Homepage 'A pre-seed venture capital firm and entrepreneurial ecosystem based in Utah' whose fund invests '$100K–$1M' and writes checks/takes equity — a capital-deploying micro/pre-seed VC plus bootca,genuine_correct
aij-global-holdings,AIJ Global Holdings,https://www.aij.global/,genuine_correct,allocator,Search/ETA,True,"Homepage tagline 'Private Equity & Search Fund Investor' from a 'family-owned, independent holding group' funding search-fund entrepreneurs to acquire SMEs — matching Search/ETA.",genuine_correct
aegis-ventures,Aegis Ventures,https://aegisventures.com,genuine_correct,allocator,Portfolio Capital,True,"Homepage 'a NYC-based venture studio that partners with entrepreneurs and industry leaders to build and scale AI-native healthtech companies,' having launched 5+ portfolio companies with aligned capit",genuine_correct
align-capital-partners,Align Capital Partners,https://aligncp.com/,genuine_misclassified,allocator,Portfolio Capital,False,Page describes a 'growth-oriented private equity firm' making 'control investments' in lower-middle-market B2B/software companies with $2.1B committed capital — a control-buyout PE firm (Portfolio Cap,genuine_flag_reclassify
apis-heritage-capital-partners,Apis & Heritage Capital Partners,https://www.apisheritage.com/,genuine_correct,allocator,Patient Capital,True,"Page describes an investment manager using an Employee-Led Buyout model to 'convert profitable companies from private ownership into employee ownership' (EBITDA $4-10M), a mission-aligned employee-own",genuine_correct
appalachian-capital,Appalachian Capital,https://www.appcapholdings.com,genuine_correct,allocator,Patient Capital,True,"Page describes a private investment firm managing family capital that deploys equity, mezzanine debt and buy-and-build using 'permanent capital to hold investments for generations' — fits Patient Capi",genuine_correct
arada-capital-partners,Arada Capital Partners,https://aradacp.com/,genuine_correct,allocator,Search/ETA,True,Page describes 'a private equity company specialized in investing and advising Search Funds and similar vehicles' that takes stakes through search-fund vehicles — it does deploy capital ('in addition ,genuine_correct
bow-river-capital,Bow River Capital,https://www.bowrivercapital.com/software-growth-equity,genuine_misclassified,allocator,Portfolio Capital,False,"Page describes a Software Growth Equity team deploying 'growth equity capital through majority and minority investments' in software firms ($3-15M revenue) — that is equity growth/buyout capital, not ",genuine_flag_reclassify
cofides,COFIDES,https://www.cofides.es/en,genuine_correct,allocator,Sovereign Capital,True,Page identifies a state-owned development finance institution providing loans and co-investments for 'sustainable investments' and green/climate finance across 100 countries — fits Sovereign Capital (,genuine_correct
cleo-capital,Cleo Capital,https://www.cleocap.com/,genuine_misclassified,allocator,UVC,False,Page describes a venture capital fund backing founders 'at the earliest stages' with $100K-1M checks into software companies 'with potential to become multi-billion dollar enterprises' — classic unico,genuine_flag_reclassify
common-trust,Common Trust,https://www.common-trust.com/,junk_not_allocator,consultancy_or_advisor,none,False,Page states the firm is 'not a law firm or a registered investment advisor' and positions it as an EOT transaction advisory/transition-service firm that designs and executes ownership transitions — it,rescued_allocator->Patient Capital
cranemere,Cranemere,https://www.cranemere.com,genuine_correct,allocator,Patient Capital,True,"Page describes a permanent-capital holding company that 'partners with founders, family-owned companies, and management teams... with perpetual capital and a long-term view,' holding nine portfolio co",genuine_correct
creative-dock,Creative Dock,https://www.creativedock.com,junk_not_allocator,consultancy_or_advisor,none,False,Page describes a corporate venture builder that builds ventures FOR large companies by 'transforming their underutilised assets into profitable new revenue streams' using 'your company's existing asse,rescued_allocator->Portfolio Capital
crestmont-capital,Crestmont Capital,https://www.crestmontcapital.com,genuine_correct,allocator,SMV,True,"Page describes a business lender that 'lent over $2 Billion to over 5,000 business owners,' offering revenue-based financing, term loans and lines of credit — a non-dilutive debt allocator consistent ",genuine_correct
development-bank-of-southern-africa-dbsa,Development Bank of Southern Africa (DBSA),https://www.dbsa.org/,genuine_correct,allocator,Sovereign Capital,True,"Page identifies 'one of the leading African Development Finance Institutions, wholly-owned by the government of South Africa' providing infrastructure financing, climate financing and fund management ",genuine_correct
eot-advisors,EOT Advisors,https://eotadvisors.com/,junk_not_allocator,consultancy_or_advisor,none,False,Self-describes as 'a pioneering financial services firm dedicated to assisting business owners with transitioning their company ownership to an EOT' and 'we can assist in all steps required to sell a ,confirmed_ecosystem_nonallocator
edge-city-inflection-grants,Edge City (Inflection Grants),https://www.edgecity.live/grants-fellowships,junk_not_allocator,accelerator_no_capital,none,False,"Page describes a grant/fellowship program — 'Edge City provides financial support to builders and researchers' via $2,000 Inflection micro-grants and fellowships to young builders — non-recoverable gr",confirmed_ecosystem_nonallocator
efficient-capital-labs,Efficient Capital Labs,https://www.ecaplabs.com,genuine_correct,allocator,SMV,True,"Direct non-dilutive allocator: 'Turn predictable revenue into fast, flexible Non Dilutive Capital' with '$200M+ deployed' and '250+ founders funded' — revenue/ARR-based growth capital, matching SMV.",genuine_correct
fonsis-fonds-souverain-d-investissements-strat-giques,FONSIS (Fonds Souverain d'Investissements Stratégiques),https://www.fonsis.org/en,genuine_correct,allocator,Sovereign Capital,True,"Self-describes as 'the government's sovereign investment fund for strategic projects developed in partnership with the private sector,' investing across water/energy, agribusiness, health and infrastr",genuine_correct
foundersboost,FoundersBoost,https://foundersboost.com/,junk_not_allocator,accelerator_no_capital,none,False,"Pre-accelerator that explicitly deploys no capital: 'Requiring no equity and no fees, our 6-week program' offering only mentorship, focus and connections.",confirmed_ecosystem_nonallocator
four-acres-capital,Four Acres Capital,https://www.fouracres.vc/,genuine_misclassified,allocator,LMV,False,"Self-describes as 'a generalist fund focused on software first technology companies with a competitive moat at the pre-seed and seed stages' — a small early-stage venture fund (LMV territory), not the",genuine_flag_reclassify
futaleufu-partners,Futaleufu Partners,https://futaleufu-partners.com/,junk_not_allocator,network_or_membership,none,False,"Explicitly not a capital allocator: 'We wanted to use the idea of an investment fund to organize talent to support search fund entrepreneurs, with experts in operating support, not as a way to raise c",confirmed_ecosystem_nonallocator
garden-city-equity,Garden City Equity,https://gardencityequity.com/,genuine_correct,allocator,Patient Capital,True,Self-describes as a 'People-first holding company that acquires & grows exceptional businesses for the long term' and a 'Forever Home for your Business' for founder/family-owned businesses — permanent,genuine_correct
grupo-santa-marta,Grupo Santa Marta,https://www.gruposantamarta.com/search-funds/,genuine_correct,allocator,Search/ETA,True,"Allocator into the search-fund model: 'invest in searchers at the earliest stage — before a target is identified,' provides acquisition equity and equity-gap, and calls itself 'a permanent capital par",genuine_correct
hahnbeck,Hahnbeck,https://www.hahnbeck.com,junk_not_allocator,consultancy_or_advisor,none,False,"M&A advisor/broker, not a capital provider: offers 'Extensive support & valuable advice' and 'a strategic approach to close the deal at the highest price' for lower-middle-market e-commerce exits/dive",confirmed_ecosystem_nonallocator
halcyon,Halcyon,https://halcyonaccelerator.org/,junk_not_allocator,accelerator_no_capital,none,False,"Impact accelerator/fellowship offering 'space, community, and access' plus 'tailored business training for product-market fit, capital strategy, and leadership development' — provides training and res",rescued_allocator->LMV
hoban-family-office,Hoban Family Office,https://hobanfamilyoffice.com,genuine_correct,allocator,Patient Capital,True,Self-describes as 'a real estate investment and services-focused family office dedicated to creating value and income for ourselves and others' overseeing $5B+ in real estate assets — a single family ,genuine_correct
impact-fund-denmark-ifu,Impact Fund Denmark (IFU),https://impactfund.dk/,genuine_correct,allocator,Sovereign Capital,True,"Self-describes as Denmark's development finance institution that invests via equity, loans, venture capital and guarantees across 45+ countries ('We invest in sustainable growth... mobilising capital ",genuine_correct
indie-hacker-success-stories-database,Indie Hacker Success Stories Database,https://www.mrrstory.com/stories,junk_not_allocator,article_or_blog,none,False,"Page explicitly calls itself a database of indie hacker interviews ('Dive into our entire database of 38 indie hacker interviews and revenue breakdowns') — a content repository, not a capital allocato",removed_non_entity
innesto-partners,Innesto Partners,https://www.innestopartners.com/,genuine_correct,allocator,Search/ETA,True,"Describes itself as 'among the first funds focused on actively finding and investing in European search fund opportunities,' deploying capital into searchers who acquire SMEs.",genuine_correct
ireland-strategic-investment-fund-isif,Ireland Strategic Investment Fund (ISIF),https://isif.ie/,genuine_correct,allocator,Sovereign Capital,True,"Self-describes as 'a sovereign development fund with a unique mandate to invest on a commercial basis to support economic activity and employment in Ireland,' with named equity/fund commitments.",genuine_correct
legacy-holdings,Legacy Holdings,https://legacyholdings.us,genuine_correct,allocator,Patient Capital,True,"States it 'owns a permanent capital vehicle that acquires and operates family-owned American infrastructure businesses' — a permanent-capital holdco, consistent with Patient Capital.",genuine_correct
legacy-search-partners,Legacy Search Partners,https://www.legacy-partners.de/en/search-fund,genuine_correct,allocator,Search/ETA,True,"Describes itself as 'a European ETA investor' that 'partner[s] with talented entrepreneurs and empower[s] them to find and acquire enduringly profitable companies,' providing capital to searchers.",genuine_correct
maharlika-investment-corporation-mic,Maharlika Investment Corporation (MIC),https://mic.gov.ph/,genuine_correct,allocator,Sovereign Capital,True,Self-describes as 'dedicated to managing the Philippines' sovereign wealth fund' making strategic long-term investments for national development.,genuine_correct
milk-street-ventures,Milk Street Ventures,https://www.milkstreetventures.com/,genuine_correct,allocator,Search/ETA,True,"Founder 'committed all his investing time to search' by 2015; firm actively holds operating companies and search funds, deploying capital rather than advising — Search/ETA is defensible.",genuine_correct
moonbase-capital,Moonbase Capital,https://moonbasecapital.com/,genuine_correct,allocator,Search/ETA,True,Self-describes as 'a global investment firm' that backs 'search Fund Entrepreneurs to acquire and grow established businesses... with disciplined capital' — a fund of search funds.,genuine_correct
newton-equity-partners,Newton Equity Partners,https://www.newtonequity.com/,genuine_correct,allocator,Search/ETA,True,"Describes itself as 'a specialist global fund-of-search-funds focused on succession-driven B2B SMEs,' deploying capital into searchers acquiring SMEs.",genuine_correct
nigeria-sovereign-investment-authority-nsia,Nigeria Sovereign Investment Authority (NSIA),https://www.nsia.com.ng/,genuine_correct,allocator,Sovereign Capital,True,"Self-describes as 'an investment institution of the Federation set up to manage funds in excess of budgeted hydrocarbon revenues,' managing three funds and investing in infrastructure/strategic projec",genuine_correct
norfund-norwegian-investment-fund-for-developing-countries,Norfund (Norwegian Investment Fund for Developing Countries),https://www.norfund.no/,genuine_correct,allocator,Sovereign Capital,True,"State-owned DFI ('The Norwegian Investment Fund for Developing Countries') that invests as a minority financial investor in renewable energy, financial inclusion and green infrastructure across develo",genuine_correct
obran-cooperative,Obran Cooperative,https://www.obran.coop/,genuine_correct,allocator,Patient Capital,True,"Page: ""Obran is a worker-owned cooperative conglomerate corporation"" that acquires and operates businesses long-term (Legacy Program / ""Sell your Business""), a permanent worker-owned acquirer that fit",genuine_correct
on-deck-founder-fellowship-odf,On Deck Founder Fellowship (ODF),https://joinodf.com/,junk_not_allocator,accelerator_no_capital,none,False,"Page explicitly states ""We don't take any equity"" — a one-week non-dilutive founder fellowship/community that deploys no capital, so it is not an allocator and the LMV assignment (which requires fello",confirmed_ecosystem_nonallocator
patona-partners,Patona Partners,http://patonapartners.com,genuine_correct,allocator,Patient Capital,True,"Page: ""Patona Partners is a family investment firm"" and ""Investing our own capital means that we invest for the long haul"" — a family-office long-hold equity acquirer, squarely Patient Capital.",genuine_correct
project-equity,Project Equity,https://project-equity.org/,genuine_correct,allocator,Patient Capital,True,"Although a 501(c)3 EO-transition advisor, the page states ""Our fund can provide working and / or transaction capital before, during or after the transaction,"" so it does deploy its own employee-owners",genuine_correct
pula-fund-bank-of-botswana,Pula Fund (Bank of Botswana),https://www.bankofbotswana.bw/content/pula-fund,genuine_correct,allocator,Sovereign Capital,True,"Page describes it as Botswana's ""Sovereign Wealth Fund (SWF)"" / ""long-term investment portfolio"" established 1994 to preserve diamond-export income for future generations by investing excess FX reserv",genuine_correct
purpose-purpose-foundation-purpose-us,Purpose (Purpose Foundation / Purpose US),https://www.purpose-us.com/,junk_not_allocator,consultancy_or_advisor,Patient Capital,False,"Page: ""Purpose US supports business and community leaders to adopt steward-ownership"" and explicitly no longer handles transactions directly (refers clients to sister org Common Trust) — an educationa",confirmed_ecosystem_nonallocator
purpose-owned,Purpose Owned,https://www.purposeowned.com/,junk_not_allocator,consultancy_or_advisor,Patient Capital,False,"Page self-describes as ""a consultancy for ownership & leadership succession planning using Purpose Trusts"" that helps owners codify purpose in legal structures — pure advisory, deploys no capital, so ",confirmed_ecosystem_nonallocator
recurring-capital-partners,Recurring Capital Partners,https://recurring.capital/,genuine_correct,allocator,SMV,True,"Page: provides ""straight-forward growth debt financing... without the dilution or onerous governance of raising equity"" ($325M+ across 70+ B2B SaaS companies) — a direct non-dilutive growth-debt lende",genuine_correct
remote-first-capital,Remote First Capital,https://www.remotefirstcapital.com/,genuine_correct,allocator,LMV,True,"Page: ""A small fund by remote founders, operators and early investors"" writing first checks ($100-200k) at pre-seed/seed — an operator-led micro/solo fund (now Prototype Capital), consistent with LMV ",genuine_correct
roux-institute-founder-residency,Roux Institute Founder Residency,https://roux.northeastern.edu/entrepreneurship/founder-residency/,junk_not_allocator,accelerator_no_capital,none,False,"Page states the residency is ""free to attend, with no fees or equity requirements"" and provides ""no equity or financial cost"" (only mentorship and ~$300k in partner credits) — deploys no capital, so n",confirmed_ecosystem_nonallocator
smeventures,SMEVentures,https://www.smeventures.com/,genuine_correct,allocator,Search/ETA,True,"Page: an entrepreneur-led search/acquisition platform pairing ""searchers"" with patient capital to buy and operate APAC SMBs ($1.5-6M EBITDA, ""holding period? Forever"") — a Search/ETA allocator.",genuine_correct
spectra-investments,Spectra Investments,https://spectrainvest.com/en/search-funds-en/,genuine_correct,allocator,Search/ETA,True,"Page self-describes as a ""Leading Global Search Fund Investor"" — ""Since 2016, we have been investing in Search Funds"" (15+ deals across 23 countries), backing searchers with capital to acquire busines",genuine_correct
spectrum-equity,Spectrum Equity,https://www.spectrumequity.com/,genuine_correct,allocator,SMV,True,"Self-describes as 'a growth equity firm building value through... focused commitment' investing in recurring-revenue software companies, a genuine non-unicorn middle-market allocator; SMV is the least",genuine_correct
startx,StartX,https://web.startx.com/,junk_not_allocator,accelerator_no_capital,none,False,"Page states 'We take no equity and charge no fees... we invest in the potential of people' — an equity-free Stanford founder community/accelerator that deploys no capital, so not an allocator.",confirmed_ecosystem_nonallocator
startup-booted,Startup Booted,https://www.startupbooted.com/companies-succeeded-bootstrapping,junk_not_allocator,article_or_blog,none,False,"This is a 'One-stop Guide For Business Growth' listicle article about companies that grew without funding, not a fund or capital allocator.",removed_non_entity
steward-ownership,Steward Ownership,https://www.impactterms.org/steward-ownership,junk_not_allocator,article_or_blog,none,False,"An impactterms.org definitional glossary article ('Steward-ownership refers to a set of legal structures...'), explicitly disclaiming it is not legal advice — an explainer, not an allocator.",removed_non_entity
superangel-fund,SuperAngel.Fund,https://superangel.vc/,genuine_correct,allocator,LMV,True,"Self-describes as an 'Early-stage fund that invests in Consumer, PropTech & Future of Work' run by solo GP Ben Zises with $25M+ deployed across 150+ companies — a genuine solo-GP/micro fund = LMV.",genuine_correct
ttcer-partners,TTCER Partners,https://ttcerpartners.com/,genuine_correct,allocator,Search/ETA,True,States they 'partner with exceptional entrepreneurs' and have 'played a role in building over 200 search-acquired and other businesses' with a 'focus on search fund investing' — a genuine Search/ETA a,genuine_correct
tembo-search-partners,Tembo Search Partners,https://tembosearch.com/en/search-funds/,junk_not_allocator,consultancy_or_advisor,none,False,The /search-funds/ page explains the search-fund model and positions the firm as matching searchers with Mittelstand targets and providing transaction structuring/DD/valuation support 'as advisors wit,rescued_allocator->Search/ETA
tet-ventures,Tet Ventures,https://www.tet.vc/,genuine_misclassified,allocator,LMV,False,"Self-describes as a solo-GP foodtech micro-fund that 'invest[s] 50k - 250k at the earliest stages' — a genuine allocator but it is LMV (solo-GP micro fund), not Patient Capital as assigned.",genuine_flag_reclassify
the-rise-of-evergreen-fund-structures-for-private-credit,The Rise of Evergreen Fund Structures for Private Credit,https://channelcapital.io/evergreen-private-credit,junk_not_allocator,article_or_blog,none,False,"The entity is an article title; the page is an educational blog post ('As private credit evolves, fund managers are increasingly turning to evergreen structures...') on Channel Capital's site, not an ",removed_non_entity
vesta-software-group,Vesta Software Group,https://www.vestasoftwaregroup.com/,genuine_misclassified,allocator,Portfolio Capital,False,"States 'As a buy-and-hold acquirer of software businesses, we've never sold a single business' with 60+ vertical-market-software acquisitions — a Constellation-style VMS serial acquirer = Portfolio Ca",genuine_flag_reclassify
vibe-capital,Vibe Capital,https://vibe.vc/,genuine_correct,allocator,LMV,True,Solo-GP fund where founder Ankur Nagpal contributes one-third of capital personally and 'invest[s] in early-stage technology companies around the world' with no management fees — a genuine operator/so,genuine_correct
visible-hands-vhnyc-fellowship,Visible Hands (VHNYC Fellowship),https://www.visiblehands.vc/program-vhnyc,genuine_correct,allocator,LMV,True,"Program states founders 'receive $10,000 in non-dilutive funding as part of the VHNYC Fellowship—with the potential for future investments from Visible Hands' — a fellowship that deploys capital = LMV",genuine_correct
vistara-growth,Vistara Growth,https://vistaragrowth.com/,genuine_correct,allocator,SMV,True,"Homepage: 'we're unique in our ability to create tailored investment structures comprised of growth debt, growth equity, or any combinations thereof' for mid-late stage tech companies — a non-dilutive",genuine_correct
volition-capital,Volition Capital,https://www.volitioncapital.com/,genuine_correct,allocator,SMV,True,"Growth equity firm that leads minority/majority investments in founder-led, capital-efficient software businesses (e.g. $40M Keynes, $30M BusRight), consistent with the SMV capital-efficient-growth bu",genuine_correct
wad-capital,WAD Capital,https://wadcap.com/,genuine_correct,allocator,Search/ETA,True,"Self-describes as 'Europe's only institutional search fund focusing on succession and generation transitions,' acquiring SMEs and pairing them with CEOs-in-Residence — textbook institutionalized Searc",genuine_correct
zero-1,Zero 1,https://www.zero-1.co,genuine_correct,allocator,Portfolio Capital,True,"Self-describes as 'a venture builder that partners with leading corporations to build companies,' co-creating and operating ventures with 'skin in the game' — a venture studio/builder, fitting Portfol",genuine_correct
base-case-capital,base case capital,https://basecase.vc,genuine_correct,allocator,LMV,True,"Homepage: 'basecase writes the first check to builders' with '$1-5m checks, no board seat' pre-product, run by solo GP Alana Goyal — a solo-GP pre-seed fund, fitting LMV.",genuine_correct
alaska-permanent-fund-corporation,Alaska Permanent Fund Corporation,https://www.apfc.org/,genuine_correct,allocator,Sovereign Capital,True,"Self-describes as a state-owned corporation 'Managing Alaska's Sovereign Wealth Fund' across diversified asset classes — a sovereign wealth fund, fitting Sovereign Capital.",genuine_correct
align-collaborate,Align Collaborate,https://aligncollaborate.com/,genuine_correct,allocator,Search/ETA,True,"Homepage: 'backing independent sponsors with equity capital is our only focus,' investing $10-30M equity per deal — an equity backer of independent sponsors, fitting Search/ETA.",genuine_correct
alleyway-capital,Alleyway Capital,https://www.alleywaycapital.com/,genuine_misclassified,allocator,Portfolio Capital,False,"Homepage: 'We buy great little digital businesses,' taking controlling stakes and stating they 'do not look to flip the businesses we buy' — a buy-and-hold software holdco (Portfolio Capital), not an ",genuine_flag_reclassify
american-operator,American Operator,https://www.americanoperator.com/,genuine_correct,allocator,Search/ETA,True,Homepage: 'acquires small businesses from retiring owners and partners with the next-generation of proven industry operators to own and lead' via an Operate-to-Own equity model — an ETA-style SMB acqu,genuine_correct
apex-service-partners,Apex Service Partners,https://apexservicepartners.com/,genuine_misclassified,allocator,Portfolio Capital,False,Homepage states professionals are 'dedicated to sourcing and executing company acquisitions' across HVAC/plumbing/electrical brands — a roll-up/serial-acquirer consolidation platform (Portfolio Capita,genuine_flag_reclassify
avon-river-ventures,Avon River Ventures,https://avonriverventures.com/,genuine_correct,allocator,SMV,True,"Self-describes as 'a trusted global structured credit manager that directly deploys institutional-grade capital into small and medium-size businesses,' with $1-75M structured credit/venture debt — a n",genuine_correct
bahrain-mumtalakat-holding-company,Bahrain Mumtalakat Holding Company,https://www.mumtalakat.bh/,genuine_correct,allocator,Sovereign Capital,True,"Self-describes as 'the sovereign wealth fund of the Kingdom of Bahrain' managing a diversified portfolio of local, international, and government holdings — fitting Sovereign Capital.",genuine_correct
bay-grove,Bay Grove,https://www.bay-grove.com/,genuine_correct,allocator,Patient Capital,True,"Page: ""an Owner-Operator with a Simple Strategy"" that builds ""platform companies that can grow over long time horizons"" and makes ""decisions with a truly long-term outlook"" — a long-hold permanent-cap",genuine_correct
beacon-software,Beacon Software,https://beaconsoftware.com/,genuine_misclassified,allocator,Portfolio Capital,False,"Page: ""A long-term holding company that acquires essential software businesses"" / ""Unlike traditional private equity, our plan is not to resell"" — this is a buy-and-hold serial software acquirer (Port",genuine_flag_reclassify
big-band-software,Big Band Software,https://www.bigbandsoftware.com/,genuine_misclassified,allocator,Portfolio Capital,False,"Page: ""we harmonize capital, culture and teams to buy and grow SaaS companies"" and ""Unlike the private equity model, we buy companies we want to run long term"" — a buy-and-hold SaaS holdco (Portfolio ",genuine_flag_reclassify
blenheim-chalcot,Blenheim Chalcot,https://blenheimchalcot.com/,genuine_correct,allocator,Portfolio Capital,True,"Page: ""a leading global venture builder"" that ""originate[s] the ideas for the businesses ourselves, grow them from the ground up"" with £1.5b AUM — a venture studio, squarely Portfolio Capital.",genuine_correct
blue-like-an-orange-sustainable-capital,Blue like an Orange Sustainable Capital,https://bluelikeanorangecapital.com/,genuine_misclassified,allocator,Patient Capital,False,"Page: a private ""sustainable capital"" manager providing ""predominantly mezzanine debt"" for ""social and environmental impact"" in emerging markets — a mission/impact debt fund (Patient Capital), not a s",genuine_flag_reclassify
bluejay-capital,Bluejay Capital,https://bluejay-capital.com/,genuine_misclassified,allocator,Search/ETA,False,"Page: ex-industry operators who ""partner with founder-led T&L businesses and empower management teams with capital, strategy, and industry expertise"" — an operator-led independent sponsor (Search/ETA,",genuine_flag_reclassify
british-columbia-investment-management-corporation-bci,British Columbia Investment Management Corporation (BCI),https://www.bci.ca/,genuine_correct,allocator,Patient Capital,True,"Page: ""one of Canada's largest institutional investors, trusted by 32 public sector and institutional clients"" managing ~$295B across private equity, infrastructure and real estate — a long-horizon pu",genuine_correct
cpc,CPC,https://www.cpc.llc/,genuine_correct,allocator,Patient Capital,True,"Page: mission to ""buy, build, and hold™ great businesses for the long term,"" owned by ""large family offices and successful entrepreneurs"" and ""does not use enterprise leverage"" — a family-office-backe",genuine_correct
cake-ventures,Cake Ventures,https://cake.vc/,genuine_misclassified,allocator,LMV,False,"Page: ""We invest at seed and pre-seed into companies that reflect changing demographics"" — an early-stage solo-GP/micro venture fund (LMV, matching its own entity_type), not permanent/evergreen Patien",genuine_flag_reclassify
camelback-ventures,Camelback Ventures,https://www.camelbackventures.org,genuine_correct,allocator,LMV,True,"Page: ""a rigorous venture accelerator, the Camelback Fellowship, providing capital & community,"" citing ""$10M"" invested in Fellows and ""$432M"" follow-on — an accelerator/fellowship that actually deplo",genuine_correct
catalytic-climate-finance-facility-cc-facility,Catalytic Climate Finance Facility (CC Facility),https://www.ccfacility.org/,junk_not_allocator,accelerator_no_capital,none,False,"Page: ""helps the most innovative blended climate finance structures become investable solutions"" via ""grants ... of up to USD 500,000"" and technical assistance — it accelerates/funds OTHER vehicles' f",confirmed_ecosystem_nonallocator
cephas-partners,Cephas Partners,https://www.cephaspartners.com/,genuine_correct,allocator,Patient Capital,True,"Page: ""a private equity firm specializing in alternative investments"" emphasizing ""patient and disciplined investing"" with $5B+ managed — a faith-based long-hold alternatives investor, defensibly Pati",genuine_correct
cicero-capital,Cicero Capital,https://www.cicero-capital.in/,genuine_correct,allocator,Search/ETA,True,"Page calls itself ""a 'Search Fund'"" that raised funds from 15+ investors to ""search for, acquire, and lead a privately held company for the medium to long term"" in India.",genuine_correct
climate-fund-managers,Climate Fund Managers,https://climatefundmanagers.com/,genuine_correct,allocator,Sovereign Capital,True,"Self-describes as blending ""private and public capital"" via funds (Climate Investor One/Two/Three, GAIA) deploying ""private equity and private credit facilities"" for climate mitigation — classic blend",genuine_correct
co-op-cincy,Co-op Cincy,https://coopcincy.org/,junk_not_allocator,accelerator_no_capital,none,False,"Nonprofit that ""nurtures a network of worker-owned businesses"" and provides training/transition support; it does not deploy its own capital, instead facilitating ""loans, grants, and equity... through ",confirmed_ecosystem_nonallocator
coho-growth-capital,Coho Growth Capital,https://cohogrowth.com/,genuine_correct,allocator,SMV,True,"Self-describes as ""Growth Debt for Software Companies,"" investing ""$1 - 10 million"" with ""$225 million in loan facilities"" — non-dilutive growth lending fits SMV.",genuine_correct
continua,Continua,https://www.continuagroup.co/,genuine_correct,allocator,Portfolio Capital,True,"States it ""is a holding company that acquires and operates established businesses across Australia and New Zealand. We use our own capital"" — a permanent-capital holdco.",genuine_correct
convergence,Convergence,https://www.convergence.finance/,junk_not_allocator,network_or_membership,none,False,"Calls itself ""The Global Network for Blended Finance"" offering ""Data, Intelligence, & Deal Flow"" and matching investors to deals; it convenes/provides data rather than deploying its own or LPs' capita",confirmed_ecosystem_nonallocator
cornisa-capital,Cornisa Capital,https://cornisacapital.com/,genuine_correct,allocator,Search/ETA,True,"A ""sociedad privada"" backed by 20+ investors seeking ""adquirir una única empresa en Chile"" with active operational involvement — a Chilean search fund.",genuine_correct
cottonwood-acquisitions,Cottonwood Acquisitions,https://cottonwoodacquisitions.com/,genuine_correct,allocator,Patient Capital,True,"Describes itself as ""a family office partnership focused on investing in small to mid-sized businesses"" with ""a long term investment horizon"" — family-office long-hold fits Patient Capital.",genuine_correct
define-capital,Define Capital,https://definecapital.ca/,genuine_misclassified,allocator,Portfolio Capital,False,"Self-describes as ""operators, buyers, and long-term stewards"" who ""buy and hold forever"" with ""no reselling"" — a permanent-capital software acquirer/holdco (Portfolio Capital), not SMV revenue-based/n",genuine_flag_reclassify
diagram,Diagram,https://diagram.vc/,genuine_correct,allocator,Portfolio Capital,True,"Self-describes as a venture builder that has ""launched 25+ ventures, building them from the ground up"" while also investing — a venture studio fits Portfolio Capital.",genuine_correct
duke-university-management-company-dumac,Duke University Management Company (DUMAC),https://www.dumac.duke.edu/,genuine_correct,allocator,Patient Capital,True,"States it ""manages Duke University's endowment assets"" and affiliated pension/health-system assets with a long-term real-return target — a university endowment manager fits Patient Capital.",genuine_correct
eta,ETA,https://www.searchfund.org/search,junk_not_allocator,article_or_blog,none,False,"searchfund.org/search is a ""directory, community, and resource site"" whose mission is ""to act as an educational resource for entrepreneurs & investors"" — not a firm that acquires companies.",removed_non_entity
empowered-ventures,Empowered Ventures,https://empowered.ventures/,unverifiable,other,none,False,"https://empowered.ventures/ (and www variant) returned HTTP 403 Forbidden to WebFetch, so no page content could be reviewed and nothing can be confirmed from the page itself.",unverifiable_keep_flag
encore-one,Encore One,https://encoreone.com/,genuine_correct,allocator,Search/ETA,True,"Page states it 'makes direct equity co-investments of $2 million to $10 million alongside high-quality sponsors leading change of control transactions in the lower middle market,' partnering with lead",genuine_correct
exa-capital,Exa Capital,https://exacapital.co/,unverifiable,other,none,False,"https://exacapital.co/ and /about both returned HTTP 403 Forbidden to WebFetch, so no page content was reviewable and the buy-and-hold-software-holdco claim cannot be confirmed from the page.",unverifiable_keep_flag
forum-family-office,FORUM Family Office,https://en.forumgruppe.de/,genuine_correct,allocator,Patient Capital,True,"Page states its strategy is '100% focused on equity investments... in listed and private companies' and that it 'always assumes that an investment will be permanent,' managing a Munich family's assets",genuine_correct
faith-driven-vc,Faith Driven VC,https://faithdriven.vc/,genuine_correct,allocator,Patient Capital,True,"Page describes a faith-aligned fund that gives 'Christian investors confidence that their capital is being deployed' with LPs, a Tech Fund, portfolio companies, due diligence and 'long-term portfolio ",genuine_correct
fenix-holdco,Fenix Holdco,https://www.fnxholdco.com/,genuine_correct,allocator,Portfolio Capital,True,Page states 'Fenix Holdco acquires and operates essential businesses that generate consistent cash flow and long-term value growth' targeting $2-$6M EBITDA companies — an acquire-and-operate holdco th,genuine_correct
foundation-investment-partners,Foundation Investment Partners,https://foundationpartners.net/,genuine_misclassified,allocator,Search/ETA,False,"Page self-describes as 'a different kind of private equity investor' that 'specialize[s] in acquiring small businesses in specific, niche sectors' (entity_type = independent sponsor), with no permanen",genuine_flag_reclassify
founder-programs,Founder Programs,https://500.co/founders,genuine_misclassified,allocator,LMV,False,"This is 500 Global's founder-programs page; its flagship accelerator 'invests in early-stage tech startups' (e.g. a US$300,000 investment offering), making it an accelerator/early-stage investor (LMV/",genuine_flag_reclassify
fullsteam,Fullsteam,https://www.fullsteam.com/,genuine_misclassified,allocator,Portfolio Capital,False,"Page calls Fullsteam 'a growth-oriented software acquirer' rolling up many acquired vertical-software brands (Maestro, Commerce7, RICS, etc.) with no revenue-based/non-dilutive financing mentioned, so",genuine_flag_reclassify
fundsquire,Fundsquire,https://fundsquire.co.uk/,genuine_correct,allocator,SMV,True,"Page offers 'non-dilutive funding' via R&D tax-credit loans, revenue-based finance ('access your future monthly recurring revenue today'), and grant advances to UK SMEs — a direct revenue-based/non-di",genuine_correct
greybull-stewardship,Greybull Stewardship,https://greybullstewardship.com/,genuine_correct,allocator,Patient Capital,True,"Page states 'We invest in established smaller businesses with the potential to grow' through a 'Long term partnership' (registered investment adviser, name 'Stewardship'), consistent with a long-hold ",genuine_correct
guardians-of-new-zealand-superannuation-nz-super-fund,Guardians of New Zealand Superannuation (NZ Super Fund),https://nzsuperfund.nz/,genuine_correct,allocator,Sovereign Capital,True,"Page states the fund 'invests Government capital contributions, and the returns from those investments, to contribute to the Government's cost of paying superannuation' — a national/sovereign pension ",genuine_correct
hanover-partners,Hanover Partners,https://hanoverpartners.com/,genuine_correct,allocator,Patient Capital,True,"Site: ""Founded in 1994, Hanover Partners invests in small-to-medium size proprietary product & engineered equipment companies"" as a ""long-term, partnership oriented investor with a patient capital bas",genuine_correct
hashed-health,Hashed Health,https://www.hashedhealth.com/,genuine_correct,allocator,Portfolio Capital,True,"Self-describes as a ""Venture Studio"" that aims to ""conceive, de-risk, build, & re-build companies"" and lists a portfolio it created (GownCard, Bramble Health, ProCredEx), matching the Portfolio Capita",genuine_correct
hassan-equity,Hassan Equity,https://hassanequity.com/,genuine_correct,allocator,Patient Capital,True,"Site: ""A family-owned holding company. We operate businesses — permanently"" with ""100% balance sheet capital"" and ""no exit timeline"" — textbook permanent/Patient Capital.",genuine_correct
hawk-infinity-software,Hawk Infinity Software,https://hawkinfinity.com/,genuine_correct,allocator,Portfolio Capital,True,"Holding company that buys cash-generating founder-led businesses and uses ""surplus cash flow from the companies to acquire more profitable businesses"" — a compounding serial acquirer fitting Portfolio",genuine_correct
healthcare-of-ontario-pension-plan-hoopp,Healthcare of Ontario Pension Plan (HOOPP),https://hoopp.com/,genuine_misclassified,allocator,Patient Capital,False,"It is a $132B defined-benefit healthcare pension investing ""across public and private markets"" with a ""liability-aware"" long-term mandate — a genuine institutional allocator, but a healthcare pension ",genuine_flag_reclassify
hum-capital,Hum Capital,https://humcapital.com/,junk_not_allocator,marketplace_or_broker,none,False,"Primarily self-describes as ""the funding platform connecting great companies with the right capital"" via an ""Intelligent Marketplace"" matching 6,000+ companies with 900+ institutional lenders/investor",rescued_allocator->SMV
indus-holding-ag,INDUS Holding AG,https://indus.eu/,genuine_correct,allocator,Patient Capital,True,"Site: ""generating sustained growth from a diversified portfolio of Mittelstand companies since 1989"" with an explicit ""evergreen perspective as long-term investors"" — evergreen/Patient Capital is defe",genuine_correct
iconbusinessadvisors,Iconbusinessadvisors,https://iconbusinessadvisors.com/esop-exit-strategy,junk_not_allocator,consultancy_or_advisor,none,False,"Self-describes as ""Tech-enabled M&A and capital advisory for lower middle market business owners"" (sell-side M&A, ESOP/exit planning) — an advisory intermediary with no indication it deploys its own c",confirmed_ecosystem_nonallocator
incofin-investment-management,Incofin Investment Management,https://www.incofin.com/,genuine_misclassified,allocator,Patient Capital,False,"Self-describes as ""a global leader in impact investing"" — a private impact fund manager deploying debt/equity in inclusive finance, food and water ($1.1B AUM); per the known Sovereign-vs-impact overla",genuine_flag_reclassify
invictus-growth-partners,Invictus Growth Partners,https://www.invictusgrowth.com/,genuine_misclassified,allocator,UVC,False,"Self-describes as a growth-equity investor making ""$20 Million+ Equity Investments"" in $10M+ ARR SaaS via ""buyout and growth structures"" — that is dilutive equity, not the revenue-based/non-dilutive S",genuine_flag_reclassify
iroquois-valley-farmland-reit,Iroquois Valley Farmland REIT,https://iroquoisvalley.com/,genuine_correct,allocator,Patient Capital,True,"""The original farmland REIT"" providing capital to organic/regenerative farmers via REIT equity, Regeneration Notes and leases as a Certified B Corp impact vehicle — fits Patient Capital (mission/impac",genuine_correct
ithmar-capital,Ithmar Capital,https://www.ithmar.gov.ma/,genuine_correct,allocator,Sovereign Capital,True,"Self-describes as ""a strategic investment fund with the primary mission of supporting Morocco's economic development,"" a Santiago-Principles-adhering IFSWF member — a textbook sovereign wealth/strateg",genuine_correct
llr-partners,LLR Partners,https://www.llrpartners.com/,genuine_misclassified,allocator,none,False,Self-describes as 'a lower middle market private equity firm focused on investing in software and tech-enabled companies' providing 'flexible capital' equity — a growth-equity/buyout PE shop ($7.5B ac,genuine_flag_reclassify
lvo-industries,LVO Industries,https://lvoglobal.com/,genuine_correct,allocator,Patient Capital,True,LVO Industries 'provides operational support and patient capital to private companies' as an investment firm partnering with entrepreneurs and industrial families — explicit patient-capital match.,genuine_correct
lakefield-veterinary-group,Lakefield Veterinary Group,https://lakefieldvet.com/,genuine_correct,allocator,Patient Capital,True,"A 'family-owned company building a community of like-minded veterinarians' that acquires practices and pledges to 'keep your approach, your philosophy... and your identity intact' — a long-hold family",genuine_correct
leo-software-group,Leo Software Group,https://www.leosoftwaregroup.com/,genuine_correct,allocator,Portfolio Capital,True,"States its strategy is 'to buy and operate software businesses that we want to own forever,' a buy-and-hold serial acquirer running 12+ B2B software portfolio companies — squarely Portfolio Capital.",genuine_correct
local-enterprise-assistance-fund-leaf,Local Enterprise Assistance Fund (LEAF),https://leaffund.org/,genuine_correct,allocator,Patient Capital,True,A 'nonprofit CDFI' that 'provides financing and advisory services to cooperatives' and social-purpose ventures ($32M loaned/leveraged) — a mission/impact community-development lender fitting Patient C,genuine_correct
m2o,M2O,https://www.m2oinc.com/,genuine_correct,allocator,Search/ETA,True,An LA family office that 'invests in entrepreneurial business builders with patient capital' across three vehicles including 'Search Funds' and 'Independent Sponsors' — explicitly backs search/ETA ent,genuine_correct
mit-investment-management-company-mitimco,MIT Investment Management Company (MITIMCo),https://www.mitimco.org/,genuine_correct,allocator,Patient Capital,True,States it invests 'MIT's endowment and pension portfolios' for 'outstanding long-term investment returns' — an endowment allocator matching the Patient Capital (endowments) bucket.,genuine_correct
maple-vc,Maple VC,https://maplevc.com/,genuine_correct,allocator,LMV,True,"A small operator-led early-stage fund — 'we don't just invest early — we invest first' (first checks, e.g. Clay 2017), partners who were 'Uber #25' / 'Early Shopify' — an indie/micro operator VC fitti",genuine_correct
multiplier-capital,Multiplier Capital,https://www.multipliercapital.com/,genuine_correct,allocator,SMV,True,A '$1.1B+ growth financing platform' making 'term loan investments in tech-enabled and professionally backed growth companies' via 'tailored debt solutions' — non-dilutive growth-capital lending consi,genuine_correct
newlab-founder-fellowship,Newlab Founder Fellowship,https://www.newlab.com,junk_not_allocator,accelerator_no_capital,none,False,"A membership innovation platform that 'unblocks commercialization... through infrastructure, projects, and capital' but only via an 'aligned network of venture & non-dilutive capital' — it connects st",confirmed_ecosystem_nonallocator
nordstjernan,Nordstjernan,https://nordstjernan.se/,genuine_correct,allocator,Patient Capital,True,"A foundation-owned, family-controlled 'investment house' (SEK ~50bn) acting as 'active, responsible owners' that may 'be a partner for decades,' with foundations holding 99% of votes — textbook perman",genuine_correct
northspring-partners,Northspring Partners,https://www.northspringpartners.com/,genuine_correct,allocator,Search/ETA,True,"Describes itself as 'a U.S.-based private equity firm focused on partnering with driven search fund entrepreneurs,' making minority investments alongside searchers to acquire micro-cap companies — a S",genuine_correct
novastone-capital-advisors,Novastone Capital Advisors,https://novastone-ca.com/,genuine_correct,allocator,Search/ETA,True,"Page describes 'our Operator-Led Search Fund Program' that funds and partners with searchers to acquire SMEs and 'facilitates co-investor participation' in those acquisitions, fitting the Search/ETA s",genuine_correct
optrust,OPTrust,https://www.optrust.com/,genuine_correct,allocator,Patient Capital,True,"Self-describes as managing 'one of Canada's largest pension funds' with '$27.2 billion in net assets' and 'a globally diversified portfolio of assets' for long-term value creation, a permanent/long-ho",genuine_correct
ownerbridge,OwnerBridge,https://ownerbridge.eu/,junk_not_allocator,marketplace_or_broker,none,False,"Page explicitly states 'This is an introduction platform, not a brokerage service' that connects owners with capital (search funds, PE, independent buyers) and deploys no capital of its own.",confirmed_ecosystem_nonallocator
psp-investments,PSP Investments,https://www.investpsp.com/en/,genuine_correct,allocator,Sovereign Capital,True,"Describes itself as 'one of Canada's largest pension investors' deploying ~$299.7B across private equity, infrastructure, credit and real estate ('we use our capital and influence'), a public-sector p",genuine_correct
pyxis-software-group,PYXiS Software Group,https://www.pyxissoftware.com/,genuine_correct,allocator,Portfolio Capital,True,"Self-describes as an 'Acquirer of Software Businesses' that follows 'Buy and Hold Forever' and 'has never sold a business,' a permanent VMS acquirer (Jonas/Constellation operating group) fitting Portf",genuine_correct
partners-for-growth,Partners for Growth,https://www.pfgrowth.com/,genuine_correct,allocator,SMV,True,"Describes itself as providing 'growth debt and asset-backed financing' and structuring 'flexible growth debt' / venture debt for innovative companies, a non-dilutive growth lender fitting SMV.",genuine_correct
pearl-street-holdings,Pearl Street Holdings,https://pearlstreetholdingsllc.net/,genuine_correct,allocator,Search/ETA,True,Explicitly identifies as an 'independent sponsor' that sources and structures 'acquisitions of lower middle market manufacturing and industrial businesses' and is 'not a traditional private equity fun,genuine_correct
penntech-holdings,PennTech Holdings,https://www.penn-tech.com/,genuine_misclassified,allocator,Patient Capital,False,"Self-describes as 'a holding company backed by long-term capital' that acquires and grows B2B software/services companies and 'don't buy to sell' for 'decades, not quarters' — a permanent-capital buy-",genuine_flag_reclassify
pentagreen-capital,Pentagreen Capital,https://pentagreen.com/,genuine_correct,allocator,Sovereign Capital,True,"Describes itself as 'a debt financing platform' deploying 'blended finance reaching scale of near US$1 billion' to 'crowd in commercial capital' for clean infrastructure (HSBC/Temasek backed), a catal",genuine_correct
proparco,Proparco,https://www.proparco.fr/,genuine_correct,allocator,Sovereign Capital,True,"Self-describes as a DFI (AFD subsidiary) financing/supporting 'entreprises et établissements financiers' via loans, equity investments and guarantees; DFI fits Sovereign Capital, and assigned Patient ",genuine_correct
quadshift,Quadshift,https://www.quadshift.com/,genuine_correct,allocator,Portfolio Capital,True,"Self-describes as 'A New Kind of Vertical Software Company' that 'acquires and builds durable... vertical platform businesses' and 'We Buy and Hold Forever,' a buy-and-hold VMS serial acquirer/holdco ",genuine_correct
raven-indigenous-capital-partners,Raven Indigenous Capital Partners,https://www.ravencapitalpartners.com/,genuine_correct,allocator,LMV,True,Self-describes as 'an impact-driven venture capital firm' providing 'patient capital' with 'first checks of $250k-$3M' seed-to-Series B and named portfolio investments; a micro/impact VC (LMV) that ex,genuine_correct
recur-software,Recur Software,https://www.recursoftware.com/,genuine_misclassified,allocator,Patient Capital,False,Page says they 'partner with mission-critical software companies' and have 'deployed over $650M' acquiring vertical SaaS as 'an enduring home' with 'patient capital' — a VMS serial acquirer/holdco (Po,genuine_flag_reclassify
redemptive-capital,Redemptive Capital,https://redemptivecapital.co/,genuine_correct,allocator,Patient Capital,True,"Self-describes as 'Alternative Impact Investments' deploying capital across private equity, real estate, private credit and a hedge fund to 'restore what's broken,' a faith-driven mission/impact alloc",genuine_correct
redesign-health,Redesign Health,https://www.redesignhealth.com/,genuine_correct,allocator,Portfolio Capital,True,Calls itself 'a global venture and applied technology platform focused on building next-generation healthcare companies' that funds and builds firms from inception through exit — a venture studio/comp,genuine_correct
redwood-services,Redwood Services,https://redwoodservices.com/,genuine_misclassified,allocator,Portfolio Capital,False,"Page describes acquiring/partnering with HVAC, plumbing and electrical companies via 'strategic investments' where 'owners retain equity' — a home-services roll-up (Portfolio Capital), not the permane",genuine_flag_reclassify
riverbound-partners,Riverbound Partners,https://www.riverboundpartners.com/,genuine_correct,allocator,Patient Capital,True,Self-describes as a 'Faith-Driven Private Equity Firm' that acquires a business for 'long-term hold' ownership that 'endures for generations' rather than 3-5 year exits — a mission-driven permanent/lo,genuine_correct
sage-capital-partners,Sage Capital Partners,https://sagecapfund.com/,genuine_correct,allocator,Search/ETA,True,Page says they 'partner with search funds and talented entrepreneurs in their quest to acquire and grow Canadian-based' SMEs and run their own funds (Sage Fund 2/3) — a search-fund/ETA investor matchi,genuine_correct
sartor-capital,Sartor Capital,https://www.sartor.mx/,genuine_correct,allocator,Search/ETA,True,Describes 'un grupo de inversionistas y emprendedores con el objetivo de adquirir una empresa' with a structured search-and-acquire process to operate a Mexican company — a search fund matching Search,genuine_correct
satori-capital,Satori Capital,https://www.satoricapital.com/,genuine_correct,allocator,Patient Capital,True,"Page says their partnership structure lets them 'hold investments indefinitely' under a 'conscious capitalism' long-term, all-stakeholder philosophy — an evergreen long-hold allocator consistent with ",genuine_correct
search-fund-ventures,Search Fund Ventures,https://www.searchfundventures.co/,genuine_correct,allocator,Search/ETA,True,Explicitly 'a private equity firm focused on acquiring enduringly profitable small businesses through the Entrepreneurship Through Acquisition (ETA) model' — a direct match for Search/ETA.,genuine_correct
searchright,SearchRight,https://searchright.eu/,genuine_correct,allocator,Search/ETA,True,"Self-describes as giving investors 'access to high-performing, entrepreneur-led acquisitions of small, profitable businesses through the proven Search Fund investment model,' co-investing in searchers",genuine_correct
seed-commons,Seed Commons,https://seedcommons.org/,genuine_correct,allocator,Patient Capital,True,Describes itself as 'a cooperative network for non-extractive finance' and a 501(c)(3) CDFI that has made '489 loans' / '$127M invested since 2011' directly to worker cooperatives — a mission-driven n,genuine_correct
serafin-unternehmensgruppe,Serafin Unternehmensgruppe,https://www.serafin-gruppe.de/en/,genuine_correct,allocator,Patient Capital,True,Page states 'We invest exclusively our own funds in established companies' and 'act and think in generations' with the Haindl family behind it — a family-backed evergreen permanent-capital holding com,genuine_correct
solo-founder-ai-tools,Solo Founder AI Tools,https://entrepreneurloop.com/solo-founder-ai-tools,junk_not_allocator,article_or_blog,none,False,"Page is an editorial article on Entrepreneur Loop, self-described as 'a global online magazine to fuel innovation and empower entrepreneurs' — a media/content site, not a capital allocator.",removed_non_entity
stanford-management-company,Stanford Management Company,https://smc.stanford.edu/,genuine_correct,allocator,Patient Capital,True,"Site states they 'invest the Endowment and other financial assets to provide long-term support to the University' via the Merged Pool — a perpetual endowment allocator, squarely Patient Capital.",genuine_correct
state-of-wisconsin-investment-board-swib,State of Wisconsin Investment Board (SWIB),https://www.swib.state.wi.us/,genuine_correct,allocator,Patient Capital,True,Site describes a public pension/trust manager overseeing $178B for the Wisconsin Retirement System across diversified private and public markets — a long-horizon institutional allocator consistent wit,genuine_correct
steward,Steward,https://gosteward.com/,junk_not_allocator,marketplace_or_broker,none,False,Self-described as a 'community-lending platform' that 'empowers individuals to support' farms via secured 7.5% APY loans with a $100 minimum — a crowdlending marketplace matching third-party lenders t,rescued_allocator->SMV
stewardship-partners,Stewardship Partners,https://www.stewardship-partners.com/,genuine_correct,allocator,Patient Capital,True,"Founder 'seeks to acquire one company and steward it into its next phase of growth,' explicitly 'not private equity nor a strategic buyer' — a permanent steward-ownership acquirer, which the Patient C",genuine_correct
stryber,Stryber,https://www.stryber.com/,junk_not_allocator,consultancy_or_advisor,none,False,"Self-described as combining 'strategy consulting, corporate innovation, venture capital and venture operations' to 'build and execute high-impact programs' for corporate/government clients — an adviso",confirmed_ecosystem_nonallocator
swedfund,Swedfund,https://www.swedfund.se/,genuine_misclassified,allocator,Sovereign Capital,False,"Site identifies Swedfund as Sweden's state-owned development financier making direct equity and fund investments in developing countries — a DFI that belongs in Sovereign Capital, not LMV.",genuine_flag_reclassify
symbiotics,Symbiotics,https://symbioticsgroup.com/,genuine_misclassified,allocator,Patient Capital,False,"Self-described 'leading market access platform for impact investing' that also manages 'USD 2.5 billion across 19 funds and mandates' — a private impact/microfinance asset manager (mission long-hold, ",genuine_flag_reclassify
the-awesome-foundation,The Awesome Foundation,https://www.awesomefoundation.org,junk_not_allocator,other,none,False,"Awards $1,000 no-strings micro-grants and states 'Your idea is yours alone. We don't want a stake in it' — a philanthropic grant-maker giving non-repayable gifts with no financial return, not a capita",confirmed_ecosystem_nonallocator
the-cambria-group,The Cambria Group,https://www.cambriagroup.com/,genuine_correct,allocator,Search/ETA,True,"Self-described 'private equity firm which acquires and invests in small and mid-sized businesses' that also operates 'from leading transactions as a private equity sponsor, to backing high-potential e",genuine_correct
the-ica-group,The ICA Group,https://www.icagroup.org/,genuine_correct,allocator,Patient Capital,True,"Beyond consulting, ICA operates 'The Fund for Jobs Worth Owning,' a 'worker-centered impact fund expanding access to capital for businesses owned and led by workers' — a mission/worker-ownership impac",genuine_correct
the-lightsmith-group,The Lightsmith Group,https://www.lightsmithgp.com/,genuine_misclassified,allocator,Patient Capital,False,Self-described 'world's first growth equity investor in adaptation and resilience' running a 'dedicated growth equity fund' investing in revenue-generating climate-resilience companies — a private com,genuine_flag_reclassify
the-university-of-texas-texas-a-m-investment-management-company-utimco,The University of Texas/Texas A&M Investment Management Company (UTIMCO),https://www.utimco.org/,genuine_correct,allocator,Patient Capital,True,"Page: 'We generate superior long-term investment returns to support The University of Texas and Texas A&M University Systems' — the largest U.S. public university endowment manager, a textbook Patient",genuine_correct
thesis-capital,Thesis Capital,https://www.thesiscapital.com/,genuine_correct,allocator,Patient Capital,True,"Page: 'Thesis Capital exists to acquire and hold lower middle-market businesses for the long term,' explicitly using permanent equity and rejecting the PE three-year exit model — squarely Patient Capi",genuine_correct
torana-group,Torana Group,https://www.toranagroup.com/,genuine_correct,allocator,Patient Capital,True,"Its Essential Owners Fund 'invest[s] through equity or debt' in essential industries and 'use[s] employee ownership ... to create economic stability for essential workers,' a steward/employee-ownershi",genuine_correct
union-software-group,Union Software Group,https://unionsoftwaregroup.com/,genuine_correct,allocator,Patient Capital,True,"Page: 'an operator-led acquirer of software businesses with a focus on long-term value creation and preserving the legacy of our acquired businesses' (buy-and-hold, no intent to sell); permanent-hold ",genuine_correct
verlinvest,Verlinvest,https://www.verlinvest.com/,genuine_correct,allocator,Patient Capital,True,"Page describes 'patient, permanent capital' deployed across Growth, Platform & Venture strategies to back consumer brands — an evergreen long-hold investment company, i.e. Patient Capital.",genuine_correct
viceversa,Viceversa,https://goviceversa.com/,genuine_correct,allocator,SMV,True,"Page: a 'growth platform for scaling digital business' offering 'equity-free investments' (Growth/Working Capital) — revenue-based, non-dilutive financing deploying its own capital, exactly SMV.",genuine_correct
waterequity,WaterEquity,https://waterequity.org/,genuine_misclassified,allocator,Patient Capital,False,Page: 'WaterEquity is an asset manager dedicated to directing private investment into the water and sanitation sector' in emerging/frontier markets — a private impact asset manager (mission/impact lon,genuine_flag_reclassify
wayfinder-capital,WayFinder Capital,https://www.wayfindercapital.com.au/,genuine_correct,allocator,Search/ETA,True,"Page: ""Australia's first institutional fund to exclusively focus on investing in Search Funds and Searcher-led transactions,"" deploying capital to searchers and acquired companies — squarely Search/ET",genuine_correct
workhorse-capital,Workhorse Capital,https://workhorsegrowth.com/,genuine_misclassified,allocator,none,False,"Page describes itself as 'growth equity' that generates returns 'through profitable revenue growth rather than through revenue-based or non-dilutive financing' — a dilutive growth-equity allocator, wh",genuine_flag_reclassify
workshop-ventures,Workshop Ventures,https://www.workshop.dev/,genuine_correct,allocator,Portfolio Capital,True,"Page: 'Workshop is a Venture Studio that invests and builds alongside founders in climate and education,' with a pre-seed/seed investment arm — a capital-deploying venture studio, which is Portfolio C",genuine_correct
wrench-group,Wrench Group,https://www.wrenchgroup.com/,genuine_misclassified,allocator,Portfolio Capital,False,Page describes a multi-brand home-services acquisition platform serving '26 markets and 15 states through best-in-class market leaders' (a serial-acquirer roll-up/holdco = Portfolio Capital); shows no,genuine_flag_reclassify
xo-capital,XO Capital,https://www.xo.capital/,genuine_misclassified,allocator,Portfolio Capital,False,"Page: 'We buy & operate SaaS companies' — a micro-PE buy-and-operate acquirer/holdco (Portfolio Capital), not a provider of revenue-based/non-dilutive growth capital, so the assigned SMV class is inco",genuine_flag_reclassify
gbeta,gBETA,https://www.gener8tor.com/gbeta,junk_not_allocator,accelerator_no_capital,none,False,"Page states ""gBETA is a free 7-week accelerator... We don't take any fees or equity"" and offers mentorship/pitch opportunities, deploying no capital, so it is not an allocator and the LMV (investing-a",confirmed_ecosystem_nonallocator
responsability-investments,responsAbility Investments,https://www.responsability.com/,genuine_correct,allocator,Patient Capital,True,"Page describes ""Impact investments for a sustainable world"" via a private asset manager that invests ""where capital is scarce"" across Financial Inclusion, Climate Finance, and Sustainable Food, so it ",genuine_correct
