entity_id,name,primary_asset_class,secondary_asset_classes,entity_type,website,active_status,source_tier,geography,sector_focus,capital_model,instrument_types,target_company_profile,non_unicorn_thesis,ecosystem_role,fit_score,evidence_status,last_verified_at,notes
tinyseed,TinySeed,SMV,Instrument;LMV,accelerator/fund,https://tinyseed.com/,active,public_web,United States,B2B SaaS,revenue-based / bootstrapped SaaS capital,revenue_share,B2B SaaS founders seeking growth without classic VC pressure,candidate supports industry mapping outside or adjacent to classic unicorn VC,accelerator and capital provider,93,verified_fact,2026-05-22,Atlas seed row; verify source text before using as paper-ready evidence.
calm-company-fund,Calm Company Fund,Patient Capital,Instrument;Camel Modifier,capital provider,https://calmfund.com/,active,public_web,United States,calm companies / SaaS,shared earnings / founder-friendly capital,shared_earnings,founders building durable companies without hypergrowth pressure,candidate supports industry mapping outside or adjacent to classic unicorn VC,capital provider and instrument pioneer,91,candidate_evidence,2026-05-22,Atlas seed row; verify source text before using as paper-ready evidence.
earnest-capital,Earnest Capital,Patient Capital,Instrument;Camel Modifier,historical fund,https://earnestcapital.com/,historical,public_web,United States,bootstrapped software,shared earnings agreement,shared_earnings,bootstrapped founders seeking aligned capital,candidate supports industry mapping outside or adjacent to classic unicorn VC,historical capital experiment,82,candidate_evidence,2026-05-22,Atlas seed row; verify source text before using as paper-ready evidence.
indie-vc,Indie.vc,Patient Capital,Instrument;Camel Modifier,historical fund,https://www.indie.vc/,inactive,public_web,United States,independent startups,alternative VC / revenue-linked experimentation,revenue_share;capped_return,founders pursuing profitability and optionality,candidate supports industry mapping outside or adjacent to classic unicorn VC,historical capital experiment,82,candidate_evidence,2026-05-22,Atlas seed row; verify source text before using as paper-ready evidence.
lighter-capital,Lighter Capital,SMV,Instrument,capital provider,https://www.lightercapital.com/,active,public_web,United States,SaaS / tech,revenue-based financing,revenue_based_financing,revenue-stage technology companies,candidate supports industry mapping outside or adjacent to classic unicorn VC,capital provider,88,candidate_evidence,2026-05-22,Atlas seed row; verify source text before using as paper-ready evidence.
capchase,Capchase,SMV,Instrument,capital platform,https://www.capchase.com/,active,public_web,United States / Europe,B2B SaaS,non-dilutive SaaS financing / payment terms,contract_financing;non_dilutive_capital,B2B SaaS companies with recurring revenue,candidate supports industry mapping outside or adjacent to classic unicorn VC,capital platform,86,candidate_evidence,2026-05-22,Atlas seed row; verify source text before using as paper-ready evidence.
founderpath,Founderpath,SMV,Instrument,capital provider,https://founderpath.com/,active,public_web,United States,B2B SaaS,non-dilutive SaaS capital,non_dilutive_capital,bootstrapped and revenue-stage SaaS founders,candidate supports industry mapping outside or adjacent to classic unicorn VC,capital provider,87,candidate_evidence,2026-05-22,Atlas seed row; verify source text before using as paper-ready evidence.
pipe,Pipe,SMV,Instrument,capital platform,https://pipe.com/,active,public_web,United States,recurring revenue businesses,embedded capital / revenue financing,revenue_based_financing,companies with predictable revenue,candidate supports industry mapping outside or adjacent to classic unicorn VC,capital platform,82,candidate_evidence,2026-05-22,Atlas seed row; verify source text before using as paper-ready evidence.
clearco,Clearco,SMV,Instrument,capital provider,https://clear.co/,active,public_web,Canada / United States,ecommerce / recurring revenue,non-dilutive growth capital,revenue_based_financing,ecommerce and digital businesses,candidate supports industry mapping outside or adjacent to classic unicorn VC,capital provider,82,candidate_evidence,2026-05-22,Atlas seed row; verify source text before using as paper-ready evidence.
wayflyer,Wayflyer,SMV,Instrument,capital provider,https://wayflyer.com/,active,public_web,Ireland / Global,ecommerce / consumer brands,revenue-based and inventory financing,revenue_based_financing;inventory_financing,consumer and ecommerce companies,candidate supports industry mapping outside or adjacent to classic unicorn VC,capital provider,81,candidate_evidence,2026-05-22,Atlas seed row; verify source text before using as paper-ready evidence.
uncapped,Uncapped,SMV,Instrument,capital provider,https://www.weareuncapped.com/,active,public_web,United Kingdom / Europe,digital businesses,non-dilutive growth capital,revenue_based_financing,online and recurring-revenue companies,candidate supports industry mapping outside or adjacent to classic unicorn VC,capital provider,79,candidate_evidence,2026-05-22,Atlas seed row; verify source text before using as paper-ready evidence.
outfund,Outfund,SMV,Instrument,capital provider,https://www.out.fund/,active,public_web,United Kingdom,online businesses,revenue-based financing,revenue_based_financing,online and ecommerce companies,candidate supports industry mapping outside or adjacent to classic unicorn VC,capital provider,76,candidate_evidence,2026-05-22,Atlas seed row; verify source text before using as paper-ready evidence.
decathlon-capital-partners,Decathlon Capital Partners,SMV,Instrument,capital provider,https://decathloncapital.com/,active,public_web,United States,growth companies,revenue-based financing,revenue_based_financing,revenue-stage companies,candidate supports industry mapping outside or adjacent to classic unicorn VC,capital provider,80,candidate_evidence,2026-05-22,Atlas seed row; verify source text before using as paper-ready evidence.
saas-capital,SaaS Capital,SMV,Instrument,capital provider,https://www.saas-capital.com/,active,public_web,United States,B2B SaaS,growth debt for SaaS,growth_debt,B2B SaaS companies,candidate supports industry mapping outside or adjacent to classic unicorn VC,capital provider,80,candidate_evidence,2026-05-22,Atlas seed row; verify source text before using as paper-ready evidence.
novel-capital,Novel Capital,SMV,Instrument,capital provider,https://www.novelcapital.com/,active,public_web,United States,B2B software,revenue-based and non-dilutive capital,revenue_based_financing,B2B software and recurring revenue companies,candidate supports industry mapping outside or adjacent to classic unicorn VC,capital provider,79,candidate_evidence,2026-05-22,Atlas seed row; verify source text before using as paper-ready evidence.
bigfoot-capital,Bigfoot Capital,SMV,Instrument,capital provider,https://bigfootcap.com/,active,public_web,United States,B2B SaaS,growth debt / revenue-based capital,growth_debt,SaaS and recurring-revenue companies,candidate supports industry mapping outside or adjacent to classic unicorn VC,capital provider,76,candidate_evidence,2026-05-22,Atlas seed row; verify source text before using as paper-ready evidence.
espresso-capital,Espresso Capital,SMV,Instrument,capital provider,https://www.espressocapital.com/,active,public_web,Canada / United States,technology companies,venture debt / growth capital,venture_debt,technology and SaaS companies,candidate supports industry mapping outside or adjacent to classic unicorn VC,capital provider,75,candidate_evidence,2026-05-22,Atlas seed row; verify source text before using as paper-ready evidence.
timia-capital,TIMIA Capital,SMV,Instrument,capital provider,https://timiacapital.com/,active,public_web,Canada,SaaS,revenue-based financing,revenue_based_financing,software companies with recurring revenue,candidate supports industry mapping outside or adjacent to classic unicorn VC,capital provider,76,candidate_evidence,2026-05-22,Atlas seed row; verify source text before using as paper-ready evidence.
flow-capital,Flow Capital,SMV,Instrument,capital provider,https://flowcap.com/,active,public_web,Canada / United States,technology companies,revenue-linked growth capital,revenue_based_financing;venture_debt,growth-stage technology companies,candidate supports industry mapping outside or adjacent to classic unicorn VC,capital provider,75,candidate_evidence,2026-05-22,Atlas seed row; verify source text before using as paper-ready evidence.
corl,Corl,SMV,Instrument,capital provider,https://corl.io/,active,public_web,Canada,digital businesses,revenue-based financing,revenue_based_financing,digital and recurring-revenue companies,candidate supports industry mapping outside or adjacent to classic unicorn VC,capital provider,72,candidate_evidence,2026-05-22,Atlas seed row; verify source text before using as paper-ready evidence.
braavo-capital,Braavo Capital,LMV,Instrument,capital provider,https://www.getbraavo.com/,active,public_web,United States,mobile apps / games,non-dilutive app financing,non_dilutive_capital,mobile app and game businesses,candidate supports industry mapping outside or adjacent to classic unicorn VC,capital provider,74,candidate_evidence,2026-05-22,Atlas seed row; verify source text before using as paper-ready evidence.
vitt,Vitt,SMV,Instrument,capital provider,https://www.vitt.com/,active,public_web,United Kingdom,recurring revenue companies,non-dilutive financing,non_dilutive_capital,SaaS and recurring-revenue companies,candidate supports industry mapping outside or adjacent to classic unicorn VC,capital provider,70,candidate_evidence,2026-05-22,Atlas seed row; verify source text before using as paper-ready evidence.
levenue,Levenue,SMV,Instrument,capital marketplace,https://www.levenue.com/,active,public_web,Europe,recurring revenue companies,revenue-based financing marketplace,revenue_based_financing,recurring-revenue companies,candidate supports industry mapping outside or adjacent to classic unicorn VC,capital marketplace,73,candidate_evidence,2026-05-22,Atlas seed row; verify source text before using as paper-ready evidence.
arc,Arc,SMV,Instrument,capital platform,https://www.arc.tech/,active,public_web,United States,software startups,startup banking and non-dilutive capital,non_dilutive_capital,software startups and recurring revenue businesses,candidate supports industry mapping outside or adjacent to classic unicorn VC,capital platform,74,candidate_evidence,2026-05-22,Atlas seed row; verify source text before using as paper-ready evidence.
stripe-capital,Stripe Capital,SMV,Instrument,embedded capital provider,https://stripe.com/capital,active,public_web,Global,Stripe merchants,embedded merchant financing,embedded_finance,businesses processing payments through Stripe,candidate supports industry mapping outside or adjacent to classic unicorn VC,embedded capital provider,70,candidate_evidence,2026-05-22,Atlas seed row; verify source text before using as paper-ready evidence.
shopify-capital,Shopify Capital,SMV,Instrument,embedded capital provider,https://www.shopify.com/capital,active,public_web,Global,commerce,merchant cash advances / loans,embedded_finance,Shopify merchants,candidate supports industry mapping outside or adjacent to classic unicorn VC,embedded capital provider,70,candidate_evidence,2026-05-22,Atlas seed row; verify source text before using as paper-ready evidence.
paypal-working-capital,PayPal Working Capital,SMV,Instrument,embedded capital provider,https://www.paypal.com/us/business/financial-services/working-capital,active,public_web,Global,small businesses,working capital,embedded_finance,businesses using PayPal,candidate supports industry mapping outside or adjacent to classic unicorn VC,embedded capital provider,68,candidate_evidence,2026-05-22,Atlas seed row; verify source text before using as paper-ready evidence.
youlend,YouLend,SMV,Instrument,embedded finance provider,https://www.youlend.com/,active,public_web,United Kingdom / Global,platform businesses,embedded revenue-based finance,embedded_finance,platforms and merchants,candidate supports industry mapping outside or adjacent to classic unicorn VC,embedded capital provider,72,candidate_evidence,2026-05-22,Atlas seed row; verify source text before using as paper-ready evidence.
liberis,Liberis,SMV,Instrument,embedded finance provider,https://www.liberis.com/,active,public_web,United Kingdom / Global,small businesses,embedded business finance,embedded_finance,small businesses and platforms,candidate supports industry mapping outside or adjacent to classic unicorn VC,embedded capital provider,70,candidate_evidence,2026-05-22,Atlas seed row; verify source text before using as paper-ready evidence.
parafin,Parafin,SMV,Instrument,embedded finance provider,https://www.parafin.com/,active,public_web,United States,platform businesses,embedded capital,embedded_finance,platforms and merchants,candidate supports industry mapping outside or adjacent to classic unicorn VC,embedded capital provider,70,candidate_evidence,2026-05-22,Atlas seed row; verify source text before using as paper-ready evidence.
getvantage,GetVantage,SMV,Instrument,capital provider,https://www.getvantage.co/,active,public_web,India,digital businesses,revenue-based financing,revenue_based_financing,digital businesses in India and emerging markets,candidate supports industry mapping outside or adjacent to classic unicorn VC,capital provider,76,candidate_evidence,2026-05-22,Atlas seed row; verify source text before using as paper-ready evidence.
velocity,Velocity,SMV,Instrument,capital provider,https://velocity.in/,active,public_web,India,digital businesses,revenue-based financing,revenue_based_financing,Indian ecommerce and digital businesses,candidate supports industry mapping outside or adjacent to classic unicorn VC,capital provider,74,candidate_evidence,2026-05-22,Atlas seed row; verify source text before using as paper-ready evidence.
klub,Klub,SMV,Instrument,capital provider,https://klubworks.com/,active,public_web,India,consumer and digital businesses,revenue-based financing,revenue_based_financing,Indian brands and digital businesses,candidate supports industry mapping outside or adjacent to classic unicorn VC,capital provider,74,candidate_evidence,2026-05-22,Atlas seed row; verify source text before using as paper-ready evidence.
recur-club,Recur Club,SMV,Instrument,capital marketplace,https://www.recurclub.com/,active,public_web,India,recurring revenue businesses,revenue financing marketplace,revenue_based_financing,subscription and recurring-revenue businesses,candidate supports industry mapping outside or adjacent to classic unicorn VC,capital marketplace,73,candidate_evidence,2026-05-22,Atlas seed row; verify source text before using as paper-ready evidence.
sv8,SV8,SMV,Instrument,fund/syndicate,https://sv8.vc/,active,public_web,United States,early-stage startups,acquisition-first venture,equity;strategic_acquisition,startups designed with M&A pathways in mind,candidate supports industry mapping outside or adjacent to classic unicorn VC,SMV capital provider,92,candidate_evidence,2026-05-22,Atlas seed row; verify source text before using as paper-ready evidence.
tangle-ventures,Tangle Ventures,SMV,Patient Capital;Portfolio Capital,venture studio/acquirer,https://tangleventures.io/,active,public_web,United States,profitable digital businesses,acquire and compound overlooked businesses,permanent_equity,profitable overlooked digital businesses,candidate supports industry mapping outside or adjacent to classic unicorn VC,SMV acquirer and operator,90,candidate_evidence,2026-05-22,Atlas seed row; verify source text before using as paper-ready evidence.
dwp-capital,DWP Capital,SMV,Patient Capital;Portfolio Capital,growth equity firm,https://dwpcapital.com/,active,public_web,United States,vertical software / tech-enabled services,early-stage growth equity with flexible hold periods,growth_equity;patient_capital,capital-efficient vertical software and tech-enabled services companies,candidate supports industry mapping outside or adjacent to classic unicorn VC,SMV capital provider,88,candidate_evidence,2026-05-22,Atlas seed row; verify source text before using as paper-ready evidence.
union-group-fund,Union Group Fund,SMV,Patient Capital;Camel Modifier,development and investment firm,https://www.uniongroupfund.com/,active,public_web,United States,vertical SaaS,development and growth partnerships for small bootstrapped vertical SaaS,growth_equity;patient_capital,small bootstrapped vertical SaaS companies and solopreneurs,candidate supports industry mapping outside or adjacent to classic unicorn VC,SMV capital provider,87,candidate_evidence,2026-05-22,Atlas seed row; verify source text before using as paper-ready evidence.
tvc-capital,TVC Capital,SMV,Portfolio Capital,software growth equity firm,https://tvccapital.com/fund-focus/,active,public_web,United States,B2B software,software growth equity for capital-efficient companies,growth_equity;recapitalization,B2B software companies between classic VC and large growth equity focus,candidate supports industry mapping outside or adjacent to classic unicorn VC,SMV growth equity provider,86,candidate_evidence,2026-05-22,Atlas seed row; verify source text before using as paper-ready evidence.
d2-fund,D2 Fund,SMV,Patient Capital;Camel Modifier,venture fund,https://www.d2.fund/,active,public_web,United Kingdom / Europe,B2B software,capital for efficient software businesses,equity;secondary;debt_support,capital-efficient B2B software businesses in the UK and Europe,candidate supports industry mapping outside or adjacent to classic unicorn VC,SMV capital provider,84,candidate_evidence,2026-05-22,Atlas seed row; verify source text before using as paper-ready evidence.
seedtwo-capital,SeedTwo Capital,SMV,LMV;Portfolio Capital,growth fund,https://www.seedtwo.com/,active,public_web,United States,vertical SaaS / AI,funding for vertical SaaS and AI companies between seed and Series A,growth_equity;equity,founder-led vertical SaaS and AI companies with traction,candidate supports industry mapping outside or adjacent to classic unicorn VC,SMV capital provider,82,candidate_evidence,2026-05-22,Atlas seed row; verify source text before using as paper-ready evidence.
sequel-capital,Sequel Capital,SMV,Portfolio Capital,growth equity investor,https://www.sequel-capital.com/,active,public_web,United Kingdom / Europe,agentic B2B SaaS,exit-focused growth equity for bootstrapped capital-efficient B2B SaaS,growth_equity;strategic_exit,bootstrapped and capital-efficient B2B SaaS companies with clear exit paths,candidate supports industry mapping outside or adjacent to classic unicorn VC,SMV capital provider,84,candidate_evidence,2026-05-22,Atlas seed row; verify source text before using as paper-ready evidence.
mainsail-partners,Mainsail Partners,SMV,Portfolio Capital,growth equity firm,https://mainsailpartners.com/,active,public_web,United States,B2B software / AI-enabled software,growth equity for bootstrapped B2B software companies,growth_equity;founder_liquidity,founder-led bootstrapped B2B software companies,candidate supports industry mapping outside or adjacent to classic unicorn VC,SMV growth equity provider,86,candidate_evidence,2026-05-22,Atlas seed row; verify source text before using as paper-ready evidence.
serent-capital,Serent Capital,SMV,Portfolio Capital,growth equity firm,https://serentcapital.com/why-serent/,active,public_web,United States,B2B software,growth equity and operating support for founder-led bootstrapped software,growth_equity;operating_support,founder-led and bootstrapped B2B software companies,candidate supports industry mapping outside or adjacent to classic unicorn VC,SMV growth equity provider,86,candidate_evidence,2026-05-22,Atlas seed row; verify source text before using as paper-ready evidence.
mamba-growth,Mamba Growth,SMV,Portfolio Capital,growth equity firm,https://www.mambagrowth.com/investment-criteria/,active,public_web,United States,B2B software / technology,minority growth equity for capital-efficient founder-led software companies,growth_equity;minority_equity,bootstrapped or lightly capitalized B2B technology companies,candidate supports industry mapping outside or adjacent to classic unicorn VC,SMV growth equity provider,83,candidate_evidence,2026-05-22,Atlas seed row; verify source text before using as paper-ready evidence.
five-elms-capital,Five Elms Capital,SMV,Portfolio Capital,software growth equity firm,https://www.fiveelms.com/,active,public_web,United States / Global,B2B software,growth capital and founder liquidity for founder-owned software businesses,growth_equity;founder_liquidity,founder-owned B2B software companies,candidate supports industry mapping outside or adjacent to classic unicorn VC,SMV growth equity provider,84,candidate_evidence,2026-05-22,Atlas seed row; verify source text before using as paper-ready evidence.
elsewhere-partners,Elsewhere Partners,SMV,Portfolio Capital,lower middle-market software investor,https://elsewhere.partners/,active,public_web,United States / Global,B2B software,lower middle-market software private equity for bootstrapped or lightly capitalized companies,growth_equity;majority_recap,bootstrapped or lightly capitalized software companies outside traditional capital hubs,candidate supports industry mapping outside or adjacent to classic unicorn VC,SMV software investor,85,candidate_evidence,2026-05-22,Atlas seed row; verify source text before using as paper-ready evidence.
sunstone-partners,Sunstone Partners,SMV,Portfolio Capital,growth private equity firm,https://sunstonepartners.com/,active,public_web,United States,software / tech-enabled services,majority and minority investments in capital-efficient technology companies,growth_equity;majority_equity;minority_equity,technology-enabled services and software businesses with capital-efficient histories,candidate supports industry mapping outside or adjacent to classic unicorn VC,SMV growth equity provider,82,candidate_evidence,2026-05-22,Atlas seed row; verify source text before using as paper-ready evidence.
expedition-growth-capital,Expedition Growth Capital,SMV,Portfolio Capital,software growth equity firm,https://expedition.capital/,active,public_web,United Kingdom / Europe,software,growth equity for ambitious bootstrapped software companies,growth_equity,bootstrapped software companies seeking growth capital,candidate supports industry mapping outside or adjacent to classic unicorn VC,SMV growth equity provider,82,candidate_evidence,2026-05-22,Atlas seed row; verify source text before using as paper-ready evidence.
silversmith-capital-partners,Silversmith Capital Partners,SMV,Portfolio Capital,growth equity firm,https://www.silversmith.com/,active,public_web,United States,technology and healthcare,growth equity for profitable founder-led companies,growth_equity,profitable founder-led technology and healthcare companies,candidate supports industry mapping outside or adjacent to classic unicorn VC,SMV growth equity provider,82,candidate_evidence,2026-05-22,Atlas seed row; verify source text before using as paper-ready evidence.
level-equity,Level Equity,SMV,Portfolio Capital,growth equity firm,https://www.levelequity.com/,active,public_web,United States,software / technology-enabled businesses,lower middle-market growth equity for capital-efficient technology businesses,growth_equity,capital-efficient software and technology-enabled businesses,candidate supports industry mapping outside or adjacent to classic unicorn VC,SMV growth equity provider,81,candidate_evidence,2026-05-22,Atlas seed row; verify source text before using as paper-ready evidence.
sureswift-capital,SureSwift Capital,Portfolio Capital,SMV;Patient Capital,SaaS holding company,https://www.sureswiftcapital.com/,active,public_web,Canada / United States,bootstrapped SaaS,acquire and operate SaaS businesses,acquisition_capital,bootstrapped SaaS founders seeking exits,candidate supports industry mapping outside or adjacent to classic unicorn VC,SaaS acquirer,88,candidate_evidence,2026-05-22,Atlas seed row; verify source text before using as paper-ready evidence.
tiny,Tiny,Portfolio Capital,SMV;Patient Capital,holding company,https://www.tiny.com/,active,public_web,Canada / Global,internet businesses,holding company acquisition and operation,permanent_equity,internet business founders and sellers,candidate supports industry mapping outside or adjacent to classic unicorn VC,holding company,86,candidate_evidence,2026-05-22,Atlas seed row; verify source text before using as paper-ready evidence.
constellation-software,Constellation Software,Portfolio Capital,SMV;Patient Capital,software holding company,https://www.csisoftware.com/,active,public_web,Canada / Global,vertical market software,acquire and hold vertical market software,permanent_equity;acquisition_capital,vertical market software companies,candidate supports industry mapping outside or adjacent to classic unicorn VC,software acquirer,93,candidate_evidence,2026-05-22,Atlas seed row; verify source text before using as paper-ready evidence.
volaris-group,Volaris Group,Portfolio Capital,SMV,software acquirer,https://www.volarisgroup.com/,active,public_web,Global,vertical market software,acquire and strengthen software businesses,acquisition_capital,software companies in vertical markets,candidate supports industry mapping outside or adjacent to classic unicorn VC,software acquirer,91,candidate_evidence,2026-05-22,Atlas seed row; verify source text before using as paper-ready evidence.
valsoft,Valsoft,Portfolio Capital,SMV;Patient Capital,software holding company,https://www.valsoftcorp.com/,active,public_web,Canada / Global,vertical software,buy and hold software businesses,permanent_equity,vertical software companies,candidate supports industry mapping outside or adjacent to classic unicorn VC,software acquirer,90,candidate_evidence,2026-05-22,Atlas seed row; verify source text before using as paper-ready evidence.
banyan-software,Banyan Software,Portfolio Capital,SMV;Patient Capital,software holding company,https://www.banyansoftware.com/,active,public_web,United States,enterprise software,permanent home for software businesses,permanent_equity,software founders seeking long-term home,candidate supports industry mapping outside or adjacent to classic unicorn VC,software acquirer,90,candidate_evidence,2026-05-22,Atlas seed row; verify source text before using as paper-ready evidence.
saas-group,saas.group,Portfolio Capital,SMV,SaaS holding company,https://saas.group/,active,public_web,Germany / Global,SaaS,acquire and grow SaaS companies,acquisition_capital,SaaS founders seeking exits,candidate supports industry mapping outside or adjacent to classic unicorn VC,SaaS acquirer,86,candidate_evidence,2026-05-22,Atlas seed row; verify source text before using as paper-ready evidence.
everfield,Everfield,Portfolio Capital,SMV,software acquirer,https://everfield.com/,active,public_web,Europe,B2B software,acquire and grow B2B software companies,acquisition_capital,European B2B software companies,candidate supports industry mapping outside or adjacent to classic unicorn VC,software acquirer,85,candidate_evidence,2026-05-22,Atlas seed row; verify source text before using as paper-ready evidence.
lumine-group,Lumine Group,Portfolio Capital,SMV,software holding company,https://www.luminegroup.com/,active,public_web,Global,communications and media software,buy and hold vertical software businesses,permanent_equity,communications and media software companies,candidate supports industry mapping outside or adjacent to classic unicorn VC,software acquirer,86,candidate_evidence,2026-05-22,Atlas seed row; verify source text before using as paper-ready evidence.
topicus,Topicus,Portfolio Capital,SMV,software holding company,https://www.topicus.com/,active,public_web,Europe,vertical software,software acquisition and operation,acquisition_capital,vertical software businesses,candidate supports industry mapping outside or adjacent to classic unicorn VC,software acquirer,80,candidate_evidence,2026-05-22,Atlas seed row; verify source text before using as paper-ready evidence.
aspire-software,Aspire Software,Portfolio Capital,SMV,software operating group,https://www.aspiresoftware.com/,active,public_web,Global,software,acquire and operate software businesses,acquisition_capital,software companies,candidate supports industry mapping outside or adjacent to classic unicorn VC,software operating group,84,candidate_evidence,2026-05-22,Atlas seed row; verify source text before using as paper-ready evidence.
jonas-software,Jonas Software,Portfolio Capital,SMV,software operating group,https://www.jonassoftware.com/,active,public_web,Global,vertical software,acquire and operate software companies,acquisition_capital,vertical market software companies,candidate supports industry mapping outside or adjacent to classic unicorn VC,software operating group,84,candidate_evidence,2026-05-22,Atlas seed row; verify source text before using as paper-ready evidence.
harris-computer,Harris Computer,Portfolio Capital,SMV,software operating group,https://www.harriscomputer.com/,active,public_web,Global,vertical software,acquire and operate software companies,acquisition_capital,vertical market software companies,candidate supports industry mapping outside or adjacent to classic unicorn VC,software operating group,84,candidate_evidence,2026-05-22,Atlas seed row; verify source text before using as paper-ready evidence.
perseus-group,Perseus Group,Portfolio Capital,SMV,software operating group,https://www.csiperseus.com/,active,public_web,Global,software,acquire and operate software companies,acquisition_capital,software businesses,candidate supports industry mapping outside or adjacent to classic unicorn VC,software operating group,82,candidate_evidence,2026-05-22,Atlas seed row; verify source text before using as paper-ready evidence.
esw-capital,ESW Capital,Portfolio Capital,SMV,software acquirer,https://www.eswcapital.com/,active,public_web,United States / Global,enterprise software,acquire and operate software companies,acquisition_capital,software companies,candidate supports industry mapping outside or adjacent to classic unicorn VC,software acquirer,82,candidate_evidence,2026-05-22,Atlas seed row; verify source text before using as paper-ready evidence.
alpine-software-group,Alpine Software Group,Portfolio Capital,SMV,software holding company,https://www.alpinesg.com/,active,public_web,United States,vertical SaaS,buy and build software businesses,acquisition_capital,vertical SaaS companies,candidate supports industry mapping outside or adjacent to classic unicorn VC,software acquirer,84,candidate_evidence,2026-05-22,Atlas seed row; verify source text before using as paper-ready evidence.
scaleworks,Scaleworks,Portfolio Capital,SMV,venture equity / operator,https://scaleworks.com/,active,public_web,United States,B2B SaaS,acquire and operate B2B SaaS companies,acquisition_capital,B2B SaaS companies,candidate supports industry mapping outside or adjacent to classic unicorn VC,operator-investor,84,candidate_evidence,2026-05-22,Atlas seed row; verify source text before using as paper-ready evidence.
greater-sum-ventures,Greater Sum Ventures,Portfolio Capital,SMV,growth equity / acquirer,https://greatersumventures.com/,active,public_web,United States,business software,invest in and scale business software,growth_equity,business software companies,candidate supports industry mapping outside or adjacent to classic unicorn VC,software investor,78,candidate_evidence,2026-05-22,Atlas seed row; verify source text before using as paper-ready evidence.
arcadea-group,Arcadea Group,Portfolio Capital,SMV;Patient Capital,software acquirer,https://www.arcadeagroup.com/,active,public_web,Canada / Global,B2B software,long-duration software acquisition,permanent_equity,software founders seeking permanent capital,candidate supports industry mapping outside or adjacent to classic unicorn VC,software acquirer,88,candidate_evidence,2026-05-22,Atlas seed row; verify source text before using as paper-ready evidence.
tag-software-group,TAG Software Group,Portfolio Capital,SMV;Patient Capital,software acquirer,https://www.tagsoftwaregroup.com/,active,public_web,Global,mission-critical software,permanent home for software businesses,permanent_equity,mission-critical software companies,candidate supports industry mapping outside or adjacent to classic unicorn VC,software acquirer,86,candidate_evidence,2026-05-22,Atlas seed row; verify source text before using as paper-ready evidence.
vertus-group,Vertus Group,Portfolio Capital,SMV,software acquirer,https://www.vertusgroup.com/,active,public_web,Europe,software,acquire and develop software companies,acquisition_capital,software companies,candidate supports industry mapping outside or adjacent to classic unicorn VC,software acquirer,80,candidate_evidence,2026-05-22,Atlas seed row; verify source text before using as paper-ready evidence.
software-circle,Software Circle,Portfolio Capital,SMV,software acquirer,https://www.softwarecircle.com/,active,public_web,United Kingdom,software,software acquisition and operation,acquisition_capital,software businesses,candidate supports industry mapping outside or adjacent to classic unicorn VC,software acquirer,78,candidate_evidence,2026-05-22,Atlas seed row; verify source text before using as paper-ready evidence.
chapters-group,Chapters Group,Portfolio Capital,SMV,holding company,https://www.chaptersgroup.com/,active,public_web,Germany / Europe,software and digital businesses,acquisition holding company,acquisition_capital,small and medium software/digital businesses,candidate supports industry mapping outside or adjacent to classic unicorn VC,holding company,78,candidate_evidence,2026-05-22,Atlas seed row; verify source text before using as paper-ready evidence.
visma,Visma,Portfolio Capital,SMV,software company/acquirer,https://www.visma.com/,active,public_web,Europe,business software,software acquisition and operation,acquisition_capital,business software companies,candidate supports industry mapping outside or adjacent to classic unicorn VC,software acquirer,78,candidate_evidence,2026-05-22,Atlas seed row; verify source text before using as paper-ready evidence.
main-capital-partners,Main Capital Partners,Portfolio Capital,SMV,software investor,https://main.nl/,active,public_web,Europe / United States,enterprise software,software private equity,growth_equity;acquisition_capital,software companies,candidate supports industry mapping outside or adjacent to classic unicorn VC,software investor,78,candidate_evidence,2026-05-22,Atlas seed row; verify source text before using as paper-ready evidence.
searchfunder,Searchfunder,Search/ETA,Portfolio Capital,community/platform,https://www.searchfunder.com/,active,public_web,Global,search funds,search fund community and resources,search_capital,searchers and ETA investors,candidate supports industry mapping outside or adjacent to classic unicorn VC,community platform,88,candidate_evidence,2026-05-22,Atlas seed row; verify source text before using as paper-ready evidence.
search-fund-alliance,Search Fund Alliance,Search/ETA,Portfolio Capital,industry association,https://www.searchfundalliance.org/,active,public_web,United States,search funds,search fund investor/member network,search_capital,search fund investors and searchers,candidate supports industry mapping outside or adjacent to classic unicorn VC,industry network,84,candidate_evidence,2026-05-22,Atlas seed row; verify source text before using as paper-ready evidence.
stanford-search-fund-center,Stanford Search Fund Center,Search/ETA,Search/ETA,research center,https://www.gsb.stanford.edu/experience/about/centers-institutes/ces/research/search-funds,active,public_web,United States,search funds,research and education,search_capital,searchers and investors,candidate supports industry mapping outside or adjacent to classic unicorn VC,research institution,84,candidate_evidence,2026-05-22,Atlas seed row; verify source text before using as paper-ready evidence.
pacific-lake-partners,Pacific Lake Partners,Search/ETA,Patient Capital,search fund investor,https://www.pacificlake.com/,active,public_web,United States,search funds,search fund investing,search_capital,search fund entrepreneurs,candidate supports industry mapping outside or adjacent to classic unicorn VC,search fund investor,84,candidate_evidence,2026-05-22,Atlas seed row; verify source text before using as paper-ready evidence.
relay-investments,Relay Investments,Search/ETA,Patient Capital,search fund investor,https://www.relayinvestments.com/,active,public_web,United States,search funds,search fund investing,search_capital,search fund entrepreneurs,candidate supports industry mapping outside or adjacent to classic unicorn VC,search fund investor,82,candidate_evidence,2026-05-22,Atlas seed row; verify source text before using as paper-ready evidence.
anacapa-partners,Anacapa Partners,Search/ETA,Patient Capital,search fund investor,https://www.anacapapartners.com/,active,public_web,United States,search funds,search fund investing,search_capital,search fund entrepreneurs,candidate supports industry mapping outside or adjacent to classic unicorn VC,search fund investor,82,candidate_evidence,2026-05-22,Atlas seed row; verify source text before using as paper-ready evidence.
search-fund-partners,Search Fund Partners,Search/ETA,Patient Capital,search fund investor,https://www.searchfunds.net/,active,public_web,United States,search funds,search fund investing,search_capital,search fund entrepreneurs,candidate supports industry mapping outside or adjacent to classic unicorn VC,search fund investor,82,candidate_evidence,2026-05-22,Atlas seed row; verify source text before using as paper-ready evidence.
trilogy-search-partners,Trilogy Search Partners,Search/ETA,Patient Capital,search fund investor,https://www.trilogysearch.com/,active,public_web,United States,search funds,search fund investing,search_capital,search fund entrepreneurs,candidate supports industry mapping outside or adjacent to classic unicorn VC,search fund investor,82,candidate_evidence,2026-05-22,Atlas seed row; verify source text before using as paper-ready evidence.
next-coast-eta,Next Coast ETA,Search/ETA,Patient Capital,search fund investor,https://www.nextcoasteta.com/,active,public_web,United States,search funds,entrepreneurship through acquisition,search_capital,ETA entrepreneurs,candidate supports industry mapping outside or adjacent to classic unicorn VC,search fund investor,80,candidate_evidence,2026-05-22,Atlas seed row; verify source text before using as paper-ready evidence.
wsc-company,WSC & Company,Search/ETA,Patient Capital,search fund investor,https://www.wscandcompany.com/,active,public_web,United States,search funds,search fund investing,search_capital,search fund entrepreneurs,candidate supports industry mapping outside or adjacent to classic unicorn VC,search fund investor,80,candidate_evidence,2026-05-22,Atlas seed row; verify source text before using as paper-ready evidence.
ambit-partners,Ambit Partners,Search/ETA,Patient Capital,search fund investor,https://www.ambit.partners/,active,public_web,United States,search funds,search fund investing,search_capital,search fund entrepreneurs,candidate supports industry mapping outside or adjacent to classic unicorn VC,search fund investor,78,candidate_evidence,2026-05-22,Atlas seed row; verify source text before using as paper-ready evidence.
miramar-equity-partners,Miramar Equity Partners,Search/ETA,Patient Capital,search fund investor,https://www.miramarequity.com/,active,public_web,United States,search funds / SMB,operator-led investing,search_capital,entrepreneur-led acquisitions,candidate supports industry mapping outside or adjacent to classic unicorn VC,search/ETA investor,76,candidate_evidence,2026-05-22,Atlas seed row; verify source text before using as paper-ready evidence.
hunter-search-capital,Hunter Search Capital,Search/ETA,Patient Capital,search fund investor,https://www.huntersearchcapital.com/,active,public_web,United States,search funds,search fund investing,search_capital,search fund entrepreneurs,candidate supports industry mapping outside or adjacent to classic unicorn VC,search fund investor,76,candidate_evidence,2026-05-22,Atlas seed row; verify source text before using as paper-ready evidence.
alza-capital-partners,Alza Capital Partners,Search/ETA,Patient Capital,search fund investor,https://www.alzacapital.com/,active,public_web,Latin America / Global,search funds,search fund investing,search_capital,search fund entrepreneurs,candidate supports industry mapping outside or adjacent to classic unicorn VC,search fund investor,76,candidate_evidence,2026-05-22,Atlas seed row; verify source text before using as paper-ready evidence.
acquira,Acquira,Search/ETA,Portfolio Capital,acquisition platform,https://www.acquira.com/,active,public_web,United States / Global,SMB acquisition,acquisition entrepreneurship platform,acquisition_capital,entrepreneurs acquiring businesses,candidate supports industry mapping outside or adjacent to classic unicorn VC,acquisition platform,76,candidate_evidence,2026-05-22,Atlas seed row; verify source text before using as paper-ready evidence.
mainshares,Mainshares,Search/ETA,Patient Capital,acquisition platform/investor,https://mainshares.com/,active,public_web,United States,small business acquisition,entrepreneur-led acquisition investing,acquisition_capital,operators acquiring small businesses,candidate supports industry mapping outside or adjacent to classic unicorn VC,acquisition platform,78,candidate_evidence,2026-05-22,Atlas seed row; verify source text before using as paper-ready evidence.
teamshares,Teamshares,Patient Capital,Search/ETA,ownership platform,https://www.teamshares.com/,active,public_web,United States,small businesses,employee ownership acquisition model,patient_capital,small business owners and employees,candidate supports industry mapping outside or adjacent to classic unicorn VC,ownership transition platform,78,candidate_evidence,2026-05-22,Atlas seed row; verify source text before using as paper-ready evidence.
permanent-equity,Permanent Equity,Patient Capital,Search/ETA;Portfolio Capital,private equity firm,https://www.permanentequity.com/,active,public_web,United States,small and medium businesses,long-duration private equity,permanent_equity,durable private businesses,candidate supports industry mapping outside or adjacent to classic unicorn VC,patient capital investor,84,candidate_evidence,2026-05-22,Atlas seed row; verify source text before using as paper-ready evidence.
capitalpad,CapitalPad,Search/ETA,Instrument,investment platform,https://capitalpad.com/,active,public_web,United States,search funds / independent sponsors,private investment platform,search_capital,accredited investors and search fund sponsors,candidate supports industry mapping outside or adjacent to classic unicorn VC,investment platform,72,candidate_evidence,2026-05-22,Atlas seed row; verify source text before using as paper-ready evidence.
acquire-com,Acquire.com,SMV,Search/ETA;Instrument,acquisition marketplace,https://acquire.com/,active,public_web,Global,startups and internet businesses,startup acquisition marketplace,marketplace,startup founders and buyers,candidate supports industry mapping outside or adjacent to classic unicorn VC,acquisition marketplace,88,candidate_evidence,2026-05-22,Atlas seed row; verify source text before using as paper-ready evidence.
flippa,Flippa,SMV,Search/ETA,acquisition marketplace,https://flippa.com/,active,public_web,Global,online businesses,online business marketplace,marketplace,buyers and sellers of online businesses,candidate supports industry mapping outside or adjacent to classic unicorn VC,acquisition marketplace,80,candidate_evidence,2026-05-22,Atlas seed row; verify source text before using as paper-ready evidence.
empire-flippers,Empire Flippers,SMV,Search/ETA,acquisition marketplace,https://empireflippers.com/,active,public_web,Global,online businesses,vetted online business marketplace,marketplace,buyers and sellers of online businesses,candidate supports industry mapping outside or adjacent to classic unicorn VC,acquisition marketplace,80,candidate_evidence,2026-05-22,Atlas seed row; verify source text before using as paper-ready evidence.
fe-international,FE International,SMV,Search/ETA,M&A advisor,https://feinternational.com/,active,public_web,Global,SaaS / ecommerce / content,technology business M&A advisory,marketplace;m_and_a_advisory,technology business buyers and sellers,candidate supports industry mapping outside or adjacent to classic unicorn VC,M&A advisor,78,candidate_evidence,2026-05-22,Atlas seed row; verify source text before using as paper-ready evidence.
quiet-light,Quiet Light,SMV,Search/ETA,M&A advisor,https://quietlight.com/,active,public_web,United States / Global,online businesses,online business brokerage,marketplace;m_and_a_advisory,online business buyers and sellers,candidate supports industry mapping outside or adjacent to classic unicorn VC,M&A advisor,76,candidate_evidence,2026-05-22,Atlas seed row; verify source text before using as paper-ready evidence.
bizbuysell,BizBuySell,Search/ETA,SMV,business marketplace,https://www.bizbuysell.com/,active,public_web,United States,small businesses,business-for-sale marketplace,marketplace,business buyers and sellers,candidate supports industry mapping outside or adjacent to classic unicorn VC,acquisition marketplace,75,candidate_evidence,2026-05-22,Atlas seed row; verify source text before using as paper-ready evidence.
bizquest,BizQuest,Search/ETA,SMV,business marketplace,https://www.bizquest.com/,active,public_web,United States,small businesses,business-for-sale marketplace,marketplace,business buyers and sellers,candidate supports industry mapping outside or adjacent to classic unicorn VC,acquisition marketplace,72,candidate_evidence,2026-05-22,Atlas seed row; verify source text before using as paper-ready evidence.
axial,Axial,SMV,Search/ETA;Instrument,deal network,https://www.axial.net/,active,public_web,United States,lower middle market,private deal network,marketplace,"lower middle market buyers, sellers, and advisors",candidate supports industry mapping outside or adjacent to classic unicorn VC,deal marketplace,74,candidate_evidence,2026-05-22,Atlas seed row; verify source text before using as paper-ready evidence.
bitsfordigits,BitsForDigits,SMV,Search/ETA,acquisition marketplace,https://bitsfordigits.com/,active,public_web,Global,internet businesses,partial/full acquisition marketplace,marketplace,internet business owners and buyers,candidate supports industry mapping outside or adjacent to classic unicorn VC,acquisition marketplace,72,candidate_evidence,2026-05-22,Atlas seed row; verify source text before using as paper-ready evidence.
microns,Microns,LMV,SMV,micro-startup marketplace,https://www.microns.io/,active,public_web,Global,micro-startups,micro-startup acquisition marketplace,marketplace,micro-startup buyers and sellers,candidate supports industry mapping outside or adjacent to classic unicorn VC,acquisition marketplace,70,candidate_evidence,2026-05-22,Atlas seed row; verify source text before using as paper-ready evidence.
acumen,Acumen,Patient Capital,Sovereign Capital,impact investor,https://acumen.org/,active,public_web,Global,social enterprise,patient capital impact investing,patient_capital,social enterprises and mission-driven companies,candidate supports industry mapping outside or adjacent to classic unicorn VC,patient capital investor,82,candidate_evidence,2026-05-22,Atlas seed row; verify source text before using as paper-ready evidence.
founders-first-capital-partners,Founders First Capital Partners,Patient Capital,Instrument;SMV,revenue-based investor,https://foundersfirstcapitalpartners.com/,active,public_web,United States,service businesses / diverse founders,revenue-based growth capital,revenue_based_financing,founder-led companies,candidate supports industry mapping outside or adjacent to classic unicorn VC,patient/growth capital provider,78,candidate_evidence,2026-05-22,Atlas seed row; verify source text before using as paper-ready evidence.
purpose-ventures,Purpose Ventures,Patient Capital,Camel Modifier,venture fund,https://purpose.ventures/,active,public_web,United States,purpose-driven founders,patient venture capital,equity,mission-driven founders,candidate supports industry mapping outside or adjacent to classic unicorn VC,patient capital investor,72,candidate_evidence,2026-05-22,Atlas seed row; verify source text before using as paper-ready evidence.
candide-group,Candide Group,Patient Capital,Sovereign Capital,impact investment advisor,https://candidegroup.com/,active,public_web,United States,impact investing,mission-aligned capital,patient_capital,impact-oriented companies and funds,candidate supports industry mapping outside or adjacent to classic unicorn VC,impact capital advisor,70,candidate_evidence,2026-05-22,Atlas seed row; verify source text before using as paper-ready evidence.
rsf-social-finance,RSF Social Finance,Patient Capital,Instrument,social finance provider,https://rsfsocialfinance.org/,active,public_web,United States,social enterprises,loans and social finance,patient_capital,mission-driven organizations,candidate supports industry mapping outside or adjacent to classic unicorn VC,patient capital provider,72,candidate_evidence,2026-05-22,Atlas seed row; verify source text before using as paper-ready evidence.
common-future,Common Future,Patient Capital,Instrument,community finance organization,https://www.commonfuture.co/,active,public_web,United States,community wealth,community-rooted capital,patient_capital,community-led enterprises and funds,candidate supports industry mapping outside or adjacent to classic unicorn VC,ecosystem organization,68,candidate_evidence,2026-05-22,Atlas seed row; verify source text before using as paper-ready evidence.
zebras-unite,Zebras Unite,Patient Capital,Camel Modifier,community/cooperative,https://www.zebrasunite.org/,active,public_web,Global,zebra companies,movement and capital ecosystem,community,founders building for profit and purpose,candidate supports industry mapping outside or adjacent to classic unicorn VC,community and discourse node,82,candidate_evidence,2026-05-22,Atlas seed row; verify source text before using as paper-ready evidence.
village-capital,Village Capital,Patient Capital,Sovereign Capital,accelerator/investor,https://vilcap.com/,active,public_web,Global,impact startups,entrepreneur support and investment,equity;ecosystem_capital,impact-oriented entrepreneurs,candidate supports industry mapping outside or adjacent to classic unicorn VC,accelerator and ecosystem builder,74,candidate_evidence,2026-05-22,Atlas seed row; verify source text before using as paper-ready evidence.
collab-capital,Collab Capital,Patient Capital,SMV,investment fund,https://collab.capital/,active,public_web,United States,Black founders,founder-friendly capital,equity;patient_capital,Black founders building scalable businesses,candidate supports industry mapping outside or adjacent to classic unicorn VC,founder-friendly investor,72,candidate_evidence,2026-05-22,Atlas seed row; verify source text before using as paper-ready evidence.
boston-impact-initiative,Boston Impact Initiative,Patient Capital,Instrument,impact investor,https://bostonimpact.org/,active,public_web,United States,local impact businesses,integrated capital / impact investing,patient_capital,local impact enterprises,candidate supports industry mapping outside or adjacent to classic unicorn VC,impact capital provider,70,candidate_evidence,2026-05-22,Atlas seed row; verify source text before using as paper-ready evidence.
temasek,Temasek,Sovereign Capital,UVC,state-owned investment company,https://www.temasek.com.sg/,active,public_web,Singapore / Global,global investment,sovereign-linked strategic capital,equity,global growth and innovation companies,candidate supports industry mapping outside or adjacent to classic unicorn VC,sovereign-linked investor,78,candidate_evidence,2026-05-22,Atlas seed row; verify source text before using as paper-ready evidence.
gic,GIC,Sovereign Capital,UVC,sovereign wealth fund,https://www.gic.com.sg/,active,public_web,Singapore / Global,global investment,sovereign wealth investment,equity,global public and private investments,candidate supports industry mapping outside or adjacent to classic unicorn VC,sovereign wealth investor,76,candidate_evidence,2026-05-22,Atlas seed row; verify source text before using as paper-ready evidence.
mubadala,Mubadala,Sovereign Capital,UVC,sovereign investor,https://www.mubadala.com/,active,public_web,United Arab Emirates / Global,strategic sectors,sovereign investment,equity,global strategic sectors,candidate supports industry mapping outside or adjacent to classic unicorn VC,sovereign investor,78,candidate_evidence,2026-05-22,Atlas seed row; verify source text before using as paper-ready evidence.
sanabil-investments,Sanabil Investments,Sovereign Capital,UVC,investment company,https://www.sanabil.com/,active,public_web,Saudi Arabia / Global,private investments,sovereign-backed private investment,equity,global private companies and funds,candidate supports industry mapping outside or adjacent to classic unicorn VC,sovereign-backed investor,76,candidate_evidence,2026-05-22,Atlas seed row; verify source text before using as paper-ready evidence.
public-investment-fund,Public Investment Fund,Sovereign Capital,UVC,sovereign wealth fund,https://www.pif.gov.sa/,active,public_web,Saudi Arabia / Global,strategic sectors,sovereign wealth investment,equity,strategic national and global investments,candidate supports industry mapping outside or adjacent to classic unicorn VC,sovereign wealth investor,76,candidate_evidence,2026-05-22,Atlas seed row; verify source text before using as paper-ready evidence.
qatar-investment-authority,Qatar Investment Authority,Sovereign Capital,UVC,sovereign wealth fund,https://www.qia.qa/,active,public_web,Qatar / Global,global investment,sovereign wealth investment,equity,global private and public assets,candidate supports industry mapping outside or adjacent to classic unicorn VC,sovereign wealth investor,74,candidate_evidence,2026-05-22,Atlas seed row; verify source text before using as paper-ready evidence.
bpifrance,Bpifrance,Sovereign Capital,SMV,public investment bank,https://www.bpifrance.com/,active,public_web,France,innovation / SMEs,state-backed innovation capital,equity;debt;grants,French startups and companies,candidate supports industry mapping outside or adjacent to classic unicorn VC,public innovation investor,82,candidate_evidence,2026-05-22,Atlas seed row; verify source text before using as paper-ready evidence.
british-business-bank,British Business Bank,Sovereign Capital,SMV,public development bank,https://www.british-business-bank.co.uk/,active,public_web,United Kingdom,SMEs / venture,state-backed business finance,equity;debt;fund_of_funds,UK smaller businesses and funds,candidate supports industry mapping outside or adjacent to classic unicorn VC,public capital institution,78,candidate_evidence,2026-05-22,Atlas seed row; verify source text before using as paper-ready evidence.
eic-fund,EIC Fund,Sovereign Capital,UVC;SMV,EU innovation fund,https://eic.ec.europa.eu/eic-fund_en,active,public_web,European Union,deep tech / innovation,EU-backed equity capital,equity,European innovation companies,candidate supports industry mapping outside or adjacent to classic unicorn VC,public innovation fund,82,candidate_evidence,2026-05-22,Atlas seed row; verify source text before using as paper-ready evidence.
european-investment-fund,European Investment Fund,Sovereign Capital,UVC;SMV,public fund-of-funds,https://www.eif.org/,active,public_web,European Union,SMEs / venture,EU-backed SME and venture financing,fund_of_funds;guarantees,European SMEs and fund managers,candidate supports industry mapping outside or adjacent to classic unicorn VC,public capital institution,82,candidate_evidence,2026-05-22,Atlas seed row; verify source text before using as paper-ready evidence.
nato-innovation-fund,NATO Innovation Fund,Sovereign Capital,UVC,multinational venture fund,https://www.nif.fund/,active,public_web,NATO countries,deep tech / defense,strategic deep-tech venture capital,equity,deep-tech companies relevant to allied security,candidate supports industry mapping outside or adjacent to classic unicorn VC,strategic innovation fund,82,candidate_evidence,2026-05-22,Atlas seed row; verify source text before using as paper-ready evidence.
kfw-capital,KfW Capital,Sovereign Capital,UVC;SMV,public fund investor,https://www.kfw-capital.de/,active,public_web,Germany,venture / growth,public-backed venture fund investment,fund_of_funds,German and European venture funds,candidate supports industry mapping outside or adjacent to classic unicorn VC,public capital institution,78,candidate_evidence,2026-05-22,Atlas seed row; verify source text before using as paper-ready evidence.
edbi,EDBI,Sovereign Capital,UVC,strategic investment arm,https://www.edbi.com/,active,public_web,Singapore / Global,strategic growth sectors,strategic government-linked investment,equity,high-growth technology companies,candidate supports industry mapping outside or adjacent to classic unicorn VC,strategic investor,76,candidate_evidence,2026-05-22,Atlas seed row; verify source text before using as paper-ready evidence.
sginnovate,SGInnovate,Sovereign Capital,UVC,deep tech investor/ecosystem,https://www.sginnovate.com/,active,public_web,Singapore,deep tech,state-linked deep tech ecosystem capital,equity;ecosystem_capital,deep tech founders,candidate supports industry mapping outside or adjacent to classic unicorn VC,public ecosystem investor,76,candidate_evidence,2026-05-22,Atlas seed row; verify source text before using as paper-ready evidence.
khazanah-nasional,Khazanah Nasional,Sovereign Capital,UVC,sovereign wealth fund,https://www.khazanah.com.my/,active,public_web,Malaysia / Global,strategic investment,sovereign wealth investment,equity,strategic Malaysian and global investments,candidate supports industry mapping outside or adjacent to classic unicorn VC,sovereign investor,74,candidate_evidence,2026-05-22,Atlas seed row; verify source text before using as paper-ready evidence.
israel-innovation-authority,Israel Innovation Authority,Sovereign Capital,SMV,public innovation agency,https://innovationisrael.org.il/en/,active,public_web,Israel,innovation / technology,public innovation grants and support,grants;ecosystem_capital,Israeli technology companies,candidate supports industry mapping outside or adjacent to classic unicorn VC,public innovation agency,78,candidate_evidence,2026-05-22,Atlas seed row; verify source text before using as paper-ready evidence.
innovate-uk,Innovate UK,Sovereign Capital,SMV,public innovation agency,https://www.ukri.org/councils/innovate-uk/,active,public_web,United Kingdom,innovation / technology,public innovation grants and support,grants;ecosystem_capital,UK innovation companies,candidate supports industry mapping outside or adjacent to classic unicorn VC,public innovation agency,76,candidate_evidence,2026-05-22,Atlas seed row; verify source text before using as paper-ready evidence.
in-q-tel,In-Q-Tel,Sovereign Capital,UVC,strategic venture investor,https://www.iqt.org/,active,public_web,United States,national security technology,strategic venture capital,equity;strategic_capital,technology companies relevant to national security,candidate supports industry mapping outside or adjacent to classic unicorn VC,strategic investor,80,candidate_evidence,2026-05-22,Atlas seed row; verify source text before using as paper-ready evidence.
high-alpha,High Alpha,Portfolio Capital,UVC,venture studio,https://www.highalpha.com/,active,public_web,United States,B2B SaaS,venture studio and venture fund,studio_equity,B2B SaaS company formation,candidate supports industry mapping outside or adjacent to classic unicorn VC,venture studio,84,candidate_evidence,2026-05-22,Atlas seed row; verify source text before using as paper-ready evidence.
atomic,Atomic,Portfolio Capital,UVC,venture studio,https://atomic.vc/,active,public_web,United States,venture studio,company creation platform,studio_equity,founders building companies from studio concepts,candidate supports industry mapping outside or adjacent to classic unicorn VC,venture studio,82,candidate_evidence,2026-05-22,Atlas seed row; verify source text before using as paper-ready evidence.
expa,Expa,Portfolio Capital,UVC,startup studio/fund,https://www.expa.com/,active,public_web,United States / Global,startup creation,startup studio and early capital,studio_equity,founders building new startups,candidate supports industry mapping outside or adjacent to classic unicorn VC,startup studio,80,candidate_evidence,2026-05-22,Atlas seed row; verify source text before using as paper-ready evidence.
betaworks,Betaworks,Portfolio Capital,UVC,startup studio,https://betaworks.com/,active,public_web,United States,internet / media / AI,startup studio and investment,studio_equity,early internet and AI companies,candidate supports industry mapping outside or adjacent to classic unicorn VC,startup studio,78,candidate_evidence,2026-05-22,Atlas seed row; verify source text before using as paper-ready evidence.
hexa,Hexa,Portfolio Capital,UVC,startup studio,https://www.hexa.com/,active,public_web,France / Europe,startup studio,startup studio / company builder,studio_equity,founders joining studio-built companies,candidate supports industry mapping outside or adjacent to classic unicorn VC,startup studio,82,candidate_evidence,2026-05-22,Atlas seed row; verify source text before using as paper-ready evidence.
rocket-internet,Rocket Internet,Portfolio Capital,UVC,venture builder,https://www.rocket-internet.com/,active,public_web,Germany / Global,internet companies,venture builder,studio_equity,internet company formation,candidate supports industry mapping outside or adjacent to classic unicorn VC,venture builder,78,candidate_evidence,2026-05-22,Atlas seed row; verify source text before using as paper-ready evidence.
idealab,Idealab,Portfolio Capital,UVC,startup studio,https://www.idealab.com/,active,public_web,United States,technology startups,startup studio,studio_equity,technology startup formation,candidate supports industry mapping outside or adjacent to classic unicorn VC,startup studio,78,candidate_evidence,2026-05-22,Atlas seed row; verify source text before using as paper-ready evidence.
pioneer-square-labs,Pioneer Square Labs,Portfolio Capital,UVC,startup studio,https://www.psl.com/,active,public_web,United States,technology startups,startup studio and venture fund,studio_equity,technology startup founders,candidate supports industry mapping outside or adjacent to classic unicorn VC,startup studio,78,candidate_evidence,2026-05-22,Atlas seed row; verify source text before using as paper-ready evidence.
human-ventures,Human Ventures,Portfolio Capital,UVC,startup studio,https://human.vc/,active,public_web,United States,consumer / technology,startup studio and fund,studio_equity,founders building technology companies,candidate supports industry mapping outside or adjacent to classic unicorn VC,startup studio,76,candidate_evidence,2026-05-22,Atlas seed row; verify source text before using as paper-ready evidence.
science-inc,Science Inc.,Portfolio Capital,UVC,startup studio,https://www.science-inc.com/,active,public_web,United States,digital businesses,startup studio,studio_equity,digital company founders,candidate supports industry mapping outside or adjacent to classic unicorn VC,startup studio,74,candidate_evidence,2026-05-22,Atlas seed row; verify source text before using as paper-ready evidence.
wilbur-labs,Wilbur Labs,Portfolio Capital,UVC,startup studio,https://www.wilburlabs.com/,active,public_web,United States,startup creation,startup studio,studio_equity,operators building studio companies,candidate supports industry mapping outside or adjacent to classic unicorn VC,startup studio,76,candidate_evidence,2026-05-22,Atlas seed row; verify source text before using as paper-ready evidence.
juxtapose,Juxtapose,Portfolio Capital,UVC,creation-oriented investment firm,https://www.juxtapose.com/,active,public_web,United States,company creation,company creation and investment,studio_equity,founders building new companies,candidate supports industry mapping outside or adjacent to classic unicorn VC,company creation platform,76,candidate_evidence,2026-05-22,Atlas seed row; verify source text before using as paper-ready evidence.
founders-factory,Founders Factory,Portfolio Capital,UVC,venture studio/accelerator,https://foundersfactory.com/,active,public_web,United Kingdom / Global,startup creation,venture studio and accelerator,studio_equity,founders building with studio support,candidate supports industry mapping outside or adjacent to classic unicorn VC,venture studio,78,candidate_evidence,2026-05-22,Atlas seed row; verify source text before using as paper-ready evidence.
entrepreneur-first,Entrepreneur First,Portfolio Capital,UVC;LMV,talent investor,https://www.joinef.com/,active,public_web,Global,founder formation,talent investing and company formation,equity,pre-company founders,candidate supports industry mapping outside or adjacent to classic unicorn VC,talent investor,78,candidate_evidence,2026-05-22,Atlas seed row; verify source text before using as paper-ready evidence.
antler,Antler,Portfolio Capital,UVC;LMV,startup generator/investor,https://www.antler.co/,active,public_web,Global,founder formation,company formation and early investment,equity,pre-seed founders,candidate supports industry mapping outside or adjacent to classic unicorn VC,startup generator,78,candidate_evidence,2026-05-22,Atlas seed row; verify source text before using as paper-ready evidence.
enhance-ventures,Enhance Ventures,Portfolio Capital,UVC,venture studio,https://enhance.online/,active,public_web,MENA,digital businesses,venture studio,studio_equity,founders building with studio infrastructure,candidate supports industry mapping outside or adjacent to classic unicorn VC,venture studio,74,candidate_evidence,2026-05-22,Atlas seed row; verify source text before using as paper-ready evidence.
team8,Team8,Portfolio Capital,UVC;Sovereign Capital,venture group,https://team8.vc/,active,public_web,Israel / United States,cybersecurity / fintech / data,company creation and venture capital,studio_equity;equity,founders building in strategic technology sectors,candidate supports industry mapping outside or adjacent to classic unicorn VC,venture group,78,candidate_evidence,2026-05-22,Atlas seed row; verify source text before using as paper-ready evidence.
fractal-software,Fractal Software,Portfolio Capital,SMV,vertical SaaS studio,https://www.fractalsoftware.com/,active,public_web,United States,vertical SaaS,vertical SaaS company creation,studio_equity,operators building vertical SaaS companies,candidate supports industry mapping outside or adjacent to classic unicorn VC,vertical SaaS studio,76,candidate_evidence,2026-05-22,Atlas seed row; verify source text before using as paper-ready evidence.
weekend-fund,Weekend Fund,LMV,UVC,venture fund,https://weekend.fund/,active,public_web,United States / Global,early-stage startups,small early-stage investing,equity,early founders and makers,candidate supports industry mapping outside or adjacent to classic unicorn VC,micro fund,68,candidate_evidence,2026-05-22,Atlas seed row; verify source text before using as paper-ready evidence.
pioneer,Pioneer,LMV,UVC,founder platform,https://pioneer.app/,active,public_web,Global,early founders,remote startup tournament / funding,grants;equity,early founders and internet-native builders,candidate supports industry mapping outside or adjacent to classic unicorn VC,founder platform,70,candidate_evidence,2026-05-22,Atlas seed row; verify source text before using as paper-ready evidence.
ai-grant,AI Grant,LMV,UVC,grant/fund,https://aigrant.org/,active,public_web,Global,AI startups,AI startup grants and investment,grants;equity,AI founders,candidate supports industry mapping outside or adjacent to classic unicorn VC,grant and capital program,72,candidate_evidence,2026-05-22,Atlas seed row; verify source text before using as paper-ready evidence.
hf0,HF0,LMV,UVC,AI residency/fund,https://www.hf0.com/,active,public_web,United States,AI startups,AI founder residency and funding,equity,AI-native founders,candidate supports industry mapping outside or adjacent to classic unicorn VC,AI startup program,72,candidate_evidence,2026-05-22,Atlas seed row; verify source text before using as paper-ready evidence.
indie-hackers,Indie Hackers,LMV,Camel Modifier,community,https://www.indiehackers.com/,active,public_web,Global,indie startups,founder community and discourse,community,independent internet founders,candidate supports industry mapping outside or adjacent to classic unicorn VC,community and discourse node,74,candidate_evidence,2026-05-22,Atlas seed row; verify source text before using as paper-ready evidence.
microconf,MicroConf,LMV,Camel Modifier,community/conference,https://microconf.com/,active,public_web,Global,bootstrapped SaaS,bootstrapped founder community,community,self-funded and bootstrapped SaaS founders,candidate supports industry mapping outside or adjacent to classic unicorn VC,community and discourse node,76,candidate_evidence,2026-05-22,Atlas seed row; verify source text before using as paper-ready evidence.
venture10x,Venture10X,SMV,Unknown Candidate,venture growth firm,https://www.venture10x.co,unknown,public_web,Unknown,Unknown,Unknown,unknown,venture growth firm,candidate supports industry mapping outside or adjacent to classic unicorn VC,venture growth firm,62,candidate_evidence,2026-05-23,Promoted from entity_intake_queue by intake verification agent; human review required before paper use.
curious,Curious,SMV,Unknown Candidate,software holding company / acquirer,https://www.curiousholdings.com,unknown,public_web,Unknown,Unknown,Unknown,unknown,software holding company / acquirer,candidate supports industry mapping outside or adjacent to classic unicorn VC,software holding company / acquirer,62,candidate_evidence,2026-05-23,Promoted from entity_intake_queue by intake verification agent; human review required before paper use.
apex-point-equity,Apex Point Equity,SMV,Unknown Candidate,micro private equity firm,https://apexpointequity.com,unknown,public_web,Unknown,Unknown,Unknown,unknown,micro private equity firm,candidate supports industry mapping outside or adjacent to classic unicorn VC,micro private equity firm,62,candidate_evidence,2026-05-23,Promoted from entity_intake_queue by intake verification agent; human review required before paper use.
alley-street,Alley & Street,SMV,Unknown Candidate,micro private equity firm,https://www.alleyandstreet.com,unknown,public_web,Unknown,Unknown,Unknown,unknown,micro private equity firm,candidate supports industry mapping outside or adjacent to classic unicorn VC,micro private equity firm,62,candidate_evidence,2026-05-23,Promoted from entity_intake_queue by intake verification agent; human review required before paper use.
soft-equities,Soft Equities,SMV,Unknown Candidate,capital provider / fund / acquirer / platform,https://softequities.com,unknown,public_web,Unknown,Unknown,Unknown,unknown,capital provider / fund / acquirer / platform,candidate supports industry mapping outside or adjacent to classic unicorn VC,capital provider / fund / acquirer / platform,62,candidate_evidence,2026-05-24,Promoted from entity_intake_queue by intake verification agent; human review required before paper use.
river-saas-capital,River Saas Capital,SMV,Unknown Candidate,capital provider / fund / acquirer / platform,https://www.riversaascapital.com,unknown,public_web,Unknown,Unknown,Unknown,unknown,capital provider / fund / acquirer / platform,candidate supports industry mapping outside or adjacent to classic unicorn VC,capital provider / fund / acquirer / platform,62,candidate_evidence,2026-05-24,Promoted from entity_intake_queue by intake verification agent; human review required before paper use.
bigthinkcapital,Bigthinkcapital,SMV,Unknown Candidate,capital provider / fund / acquirer / platform,https://bigthinkcapital.com/revenue-based-financing-companies,unknown,public_web,Unknown,Unknown,Unknown,unknown,capital provider / fund / acquirer / platform,candidate supports industry mapping outside or adjacent to classic unicorn VC,capital provider / fund / acquirer / platform,62,candidate_evidence,2026-05-24,Promoted from entity_intake_queue by intake verification agent; human review required before paper use.
saas-growth-ventures,SaaS Growth Ventures,SMV,Unknown Candidate,capital provider / fund / acquirer / platform,https://saasgrowthventures.com,unknown,public_web,Unknown,Unknown,Unknown,unknown,capital provider / fund / acquirer / platform,candidate supports industry mapping outside or adjacent to classic unicorn VC,capital provider / fund / acquirer / platform,62,candidate_evidence,2026-05-24,Promoted from entity_intake_queue by intake verification agent; human review required before paper use.
golden-section,Golden Section,SMV,Unknown Candidate,growth equity firm,https://www.goldensection.com,unknown,public_web,Unknown,Unknown,Unknown,unknown,growth equity firm,candidate supports industry mapping outside or adjacent to classic unicorn VC,growth equity firm,62,candidate_evidence,2026-05-24,Promoted from entity_intake_queue by intake verification agent; human review required before paper use.
b2b-bnpl,B2B BNPL,SMV,Unknown Candidate,capital provider / fund / acquirer / platform,https://www.ratiotech.com,unknown,public_web,Unknown,Unknown,Unknown,unknown,capital provider / fund / acquirer / platform,candidate supports industry mapping outside or adjacent to classic unicorn VC,capital provider / fund / acquirer / platform,62,candidate_evidence,2026-05-25,Promoted from entity_intake_queue by intake verification agent; human review required before paper use.
novaspark-holdings,NovaSpark Holdings,SMV,Unknown Candidate,holding company,https://www.novasparkholdings.com,unknown,public_web,Unknown,Unknown,Unknown,unknown,holding company,candidate supports industry mapping outside or adjacent to classic unicorn VC,holding company,62,candidate_evidence,2026-05-26,Promoted from entity_intake_queue by intake verification agent; human review required before paper use.
entrepreneurship-through-acquisition-and-search-fund-resource-library,Entrepreneurship Through Acquisition and Search Fund Resource Library,Search/ETA,Unknown Candidate,software acquisition firm,https://nextgengp.com/resources,unknown,public_web,Unknown,Unknown,Unknown,unknown,software acquisition firm,candidate supports industry mapping outside or adjacent to classic unicorn VC,software acquisition firm,62,candidate_evidence,2026-05-26,Promoted from entity_intake_queue by intake verification agent; human review required before paper use.
ai-startup-investment-roundups-2026,AI Startup Investment Roundups 2026,SMV,Unknown Candidate,capital provider / fund / acquirer / platform,https://aifundingtracker.com,unknown,public_web,Unknown,Unknown,Unknown,unknown,capital provider / fund / acquirer / platform,candidate supports industry mapping outside or adjacent to classic unicorn VC,capital provider / fund / acquirer / platform,62,candidate_evidence,2026-05-28,Promoted from entity_intake_queue by intake verification agent; human review required before paper use.
ifi-patient-capital-manifesto,IFI Patient Capital Manifesto,Patient Capital,Unknown Candidate,patient capital provider / evergreen fund / holding company,https://www.innovative.finance/patient,unknown,public_web,Unknown,Unknown,Unknown,unknown,patient capital provider / evergreen fund / holding company,candidate supports industry mapping outside or adjacent to classic unicorn VC,patient capital provider / evergreen fund / holding company,62,candidate_evidence,2026-05-28,Promoted from entity_intake_queue by intake verification agent; human review required before paper use.
b2b-software-company-buyers,B2B Software Company Buyers,Portfolio Capital,Unknown Candidate,software acquisition firm,https://softwareexit.com/b2b-software-buyers,unknown,public_web,Unknown,Unknown,Unknown,unknown,software acquisition firm,candidate supports industry mapping outside or adjacent to classic unicorn VC,software acquisition firm,62,candidate_evidence,2026-05-28,Promoted from entity_intake_queue by intake verification agent; human review required before paper use.
eta,ETA,Search/ETA,Unknown Candidate,software acquisition firm,https://www.searchfund.org/search,unknown,public_web,Unknown,Unknown,Unknown,unknown,software acquisition firm,candidate supports industry mapping outside or adjacent to classic unicorn VC,software acquisition firm,62,candidate_evidence,2026-05-28,Promoted from entity_intake_queue by intake verification agent; human review required before paper use.
eta-london,ETA London,Search/ETA,Unknown Candidate,software acquisition firm,https://acquisition-entrepreneurs.com,unknown,public_web,Unknown,Unknown,Unknown,unknown,software acquisition firm,candidate supports industry mapping outside or adjacent to classic unicorn VC,software acquisition firm,62,candidate_evidence,2026-05-28,Promoted from entity_intake_queue by intake verification agent; human review required before paper use.
evergreen-evergreensg-com,Evergreen (evergreensg.com),Patient Capital,Unknown Candidate,permanent home for businesses,https://www.evergreensg.com/,active,public_web,Unknown,Unknown,Unknown,unknown,permanent home for businesses,candidate supports industry mapping outside or adjacent to classic unicorn VC,permanent home for businesses,62,candidate_evidence,2026-05-28,Promoted from entity_intake_queue by intake verification agent; human review required before paper use.
everhold,Everhold,Patient Capital,Unknown Candidate,permanent-equity holding company,https://www.everhold.com/,active,public_web,Unknown,Unknown,Unknown,unknown,permanent-equity holding company,candidate supports industry mapping outside or adjacent to classic unicorn VC,permanent-equity holding company,62,candidate_evidence,2026-05-28,Promoted from entity_intake_queue by intake verification agent; human review required before paper use.
fund-for-employee-ownership,Fund for Employee Ownership,Patient Capital,Unknown Candidate,patient-capital employee-ownership acquirer,https://www.evgoh.com/tfeo,active,public_web,Unknown,Unknown,Unknown,unknown,patient-capital employee-ownership acquirer,candidate supports industry mapping outside or adjacent to classic unicorn VC,patient-capital employee-ownership acquirer,62,candidate_evidence,2026-05-28,Promoted from entity_intake_queue by intake verification agent; human review required before paper use.
gt-entrepreneurs,GT Entrepreneurs,Search/ETA,Unknown Candidate,search fund investor / ETA platform / acquisition community,https://www.gtentrepreneurs.com,unknown,public_web,Unknown,Unknown,Unknown,unknown,search fund investor / ETA platform / acquisition community,candidate supports industry mapping outside or adjacent to classic unicorn VC,search fund investor / ETA platform / acquisition community,62,candidate_evidence,2026-05-28,Promoted from entity_intake_queue by intake verification agent; human review required before paper use.
gtm-venture-studio,GTM Venture Studio,Portfolio Capital,Unknown Candidate,venture studio,https://www.gtmventurestudio.io,unknown,public_web,Unknown,Unknown,Unknown,unknown,venture studio,candidate supports industry mapping outside or adjacent to classic unicorn VC,venture studio,62,candidate_evidence,2026-05-28,Promoted from entity_intake_queue by intake verification agent; human review required before paper use.
hold-co,HOLD.co,Patient Capital,Unknown Candidate,permanent-capital holding company,https://hold.co/,active,public_web,Unknown,Unknown,Unknown,unknown,permanent-capital holding company,candidate supports industry mapping outside or adjacent to classic unicorn VC,permanent-capital holding company,62,candidate_evidence,2026-05-28,Promoted from entity_intake_queue by intake verification agent; human review required before paper use.
indie-hacker-success-stories-database,Indie Hacker Success Stories Database,LMV,Unknown Candidate,LMV capital provider / indie fund / AI-native micro venture platform,https://www.mrrstory.com/stories,unknown,public_web,Unknown,Unknown,Unknown,unknown,LMV capital provider / indie fund / AI-native micro venture platform,candidate supports industry mapping outside or adjacent to classic unicorn VC,LMV capital provider / indie fund / AI-native micro venture platform,62,candidate_evidence,2026-05-28,Promoted from entity_intake_queue by intake verification agent; human review required before paper use.
investments,Investments,Sovereign Capital,Unknown Candidate,sovereign or public strategic capital provider,https://www.whitehouse.gov/investments,unknown,public_web,Unknown,Unknown,Unknown,unknown,sovereign or public strategic capital provider,candidate supports industry mapping outside or adjacent to classic unicorn VC,sovereign or public strategic capital provider,62,candidate_evidence,2026-05-28,Promoted from entity_intake_queue by intake verification agent; human review required before paper use.
perpetual,Perpetual,Patient Capital,Unknown Candidate,patient capital provider / evergreen fund / holding company,https://www.prptl.com,unknown,public_web,Unknown,Unknown,Unknown,unknown,patient capital provider / evergreen fund / holding company,candidate supports industry mapping outside or adjacent to classic unicorn VC,patient capital provider / evergreen fund / holding company,62,candidate_evidence,2026-05-28,Promoted from entity_intake_queue by intake verification agent; human review required before paper use.
perpetual-capital,Perpetual Capital,Patient Capital,Unknown Candidate,patient capital provider / evergreen fund / holding company,https://perpetualcapitalpartners.com/about-us,unknown,public_web,Unknown,Unknown,Unknown,unknown,patient capital provider / evergreen fund / holding company,candidate supports industry mapping outside or adjacent to classic unicorn VC,patient capital provider / evergreen fund / holding company,62,candidate_evidence,2026-05-28,Promoted from entity_intake_queue by intake verification agent; human review required before paper use.
purpose-evergreen-capital,Purpose Evergreen Capital,Patient Capital,Unknown Candidate,evergreen / steward-ownership fund,https://purpose-economy.org/en/pec/,active,public_web,Unknown,Unknown,Unknown,unknown,evergreen / steward-ownership fund,candidate supports industry mapping outside or adjacent to classic unicorn VC,evergreen / steward-ownership fund,62,candidate_evidence,2026-05-28,Promoted from entity_intake_queue by intake verification agent; human review required before paper use.
roll-up-strategy-2026,Roll-Up Strategy 2026,Search/ETA,Unknown Candidate,venture studio / startup studio / software holding company,https://ctacquisitions.com/roll-up-strategy-guide-2026,unknown,public_web,Unknown,Unknown,Unknown,unknown,venture studio / startup studio / software holding company,candidate supports industry mapping outside or adjacent to classic unicorn VC,venture studio / startup studio / software holding company,62,candidate_evidence,2026-05-28,Promoted from entity_intake_queue by intake verification agent; human review required before paper use.
saas-valuation-multiples-2026,SaaS Valuation Multiples 2026,SMV,Unknown Candidate,capital provider / fund / acquirer / platform,https://windsordrake.com/saas-valuation-multiples,unknown,public_web,Unknown,Unknown,Unknown,unknown,capital provider / fund / acquirer / platform,candidate supports industry mapping outside or adjacent to classic unicorn VC,capital provider / fund / acquirer / platform,62,candidate_evidence,2026-05-28,Promoted from entity_intake_queue by intake verification agent; human review required before paper use.
search-fund-accelerator,Search Fund Accelerator,Search/ETA,Unknown Candidate,search fund investor / ETA platform / acquisition community,https://www.searchfundaccelerator.com,unknown,public_web,Unknown,Unknown,Unknown,unknown,search fund investor / ETA platform / acquisition community,candidate supports industry mapping outside or adjacent to classic unicorn VC,search fund investor / ETA platform / acquisition community,62,candidate_evidence,2026-05-28,Promoted from entity_intake_queue by intake verification agent; human review required before paper use.
search-fund-resources,Search Fund Resources,Search/ETA,Unknown Candidate,search fund investor / ETA platform / acquisition community,https://smash.vc/search-fund,unknown,public_web,Unknown,Unknown,Unknown,unknown,search fund investor / ETA platform / acquisition community,candidate supports industry mapping outside or adjacent to classic unicorn VC,search fund investor / ETA platform / acquisition community,62,candidate_evidence,2026-05-28,Promoted from entity_intake_queue by intake verification agent; human review required before paper use.
search-funds,Search Funds,Search/ETA,Unknown Candidate,search fund investor / ETA platform / acquisition community,https://www.petersonpartners.com/search,unknown,public_web,Unknown,Unknown,Unknown,unknown,search fund investor / ETA platform / acquisition community,candidate supports industry mapping outside or adjacent to classic unicorn VC,search fund investor / ETA platform / acquisition community,62,candidate_evidence,2026-05-28,Promoted from entity_intake_queue by intake verification agent; human review required before paper use.
solo-founder-ai-tools,Solo Founder AI Tools,LMV,Unknown Candidate,LMV capital provider / indie fund / AI-native micro venture platform,https://entrepreneurloop.com/solo-founder-ai-tools,unknown,public_web,Unknown,Unknown,Unknown,unknown,LMV capital provider / indie fund / AI-native micro venture platform,candidate supports industry mapping outside or adjacent to classic unicorn VC,LMV capital provider / indie fund / AI-native micro venture platform,62,candidate_evidence,2026-05-28,Promoted from entity_intake_queue by intake verification agent; human review required before paper use.
springwater,Springwater,SMV,Unknown Candidate,capital provider / fund / acquirer / platform,https://springwater.tech,unknown,public_web,Unknown,Unknown,Unknown,unknown,capital provider / fund / acquirer / platform,candidate supports industry mapping outside or adjacent to classic unicorn VC,capital provider / fund / acquirer / platform,62,candidate_evidence,2026-05-28,Promoted from entity_intake_queue by intake verification agent; human review required before paper use.
sundance-growth,Sundance Growth,SMV,Unknown Candidate,growth equity firm,https://www.sundancegrowth.com,unknown,public_web,Unknown,Unknown,Unknown,unknown,growth equity firm,candidate supports industry mapping outside or adjacent to classic unicorn VC,growth equity firm,62,candidate_evidence,2026-05-28,Promoted from entity_intake_queue by intake verification agent; human review required before paper use.
the-quiet-rise-of-profitable-indie-hackers-in-2026,The Quiet Rise of Profitable Indie Hackers in 2026,LMV,Unknown Candidate,LMV capital provider / indie fund / AI-native micro venture platform,https://upstartzen.com/quiet-rise-profitable-indie-hackers,unknown,public_web,Unknown,Unknown,Unknown,unknown,LMV capital provider / indie fund / AI-native micro venture platform,candidate supports industry mapping outside or adjacent to classic unicorn VC,LMV capital provider / indie fund / AI-native micro venture platform,62,candidate_evidence,2026-05-28,Promoted from entity_intake_queue by intake verification agent; human review required before paper use.
uk-sovereign-ai-fund,UK Sovereign AI Fund,Sovereign Capital,Unknown Candidate,sovereign or public strategic capital provider,https://sovereignai.gov.uk,unknown,public_web,Unknown,Unknown,Unknown,unknown,sovereign or public strategic capital provider,candidate supports industry mapping outside or adjacent to classic unicorn VC,sovereign or public strategic capital provider,62,candidate_evidence,2026-05-28,Promoted from entity_intake_queue by intake verification agent; human review required before paper use.
upliift,Upliift,Patient Capital,Unknown Candidate,permanent-equity acquirer,https://upliift.com/,active,public_web,Unknown,Unknown,Unknown,unknown,permanent-equity acquirer,candidate supports industry mapping outside or adjacent to classic unicorn VC,permanent-equity acquirer,62,candidate_evidence,2026-05-28,Promoted from entity_intake_queue by intake verification agent; human review required before paper use.
vibe-coding-for-solo-founders-and-indie-hackers,Vibe Coding for Solo Founders and Indie Hackers,LMV,Unknown Candidate,LMV capital provider / indie fund / AI-native micro venture platform,https://vibecodingauthority.com/vibe-coding-for-solo-founders,unknown,public_web,Unknown,Unknown,Unknown,unknown,LMV capital provider / indie fund / AI-native micro venture platform,candidate supports industry mapping outside or adjacent to classic unicorn VC,LMV capital provider / indie fund / AI-native micro venture platform,62,candidate_evidence,2026-05-28,Promoted from entity_intake_queue by intake verification agent; human review required before paper use.
what-is-a-venture-studio-the-venture-studio-model-explained,What Is a Venture Studio? The Venture Studio Model Explained,Portfolio Capital,Unknown Candidate,venture studio,https://futuresight.ventures/what-is-a-venture-studio,unknown,public_web,Unknown,Unknown,Unknown,unknown,venture studio,candidate supports industry mapping outside or adjacent to classic unicorn VC,venture studio,62,candidate_evidence,2026-05-28,Promoted from entity_intake_queue by intake verification agent; human review required before paper use.
7-actionable-bootstrapped-saas-success-stories-playbooks-for-2025,7 Actionable Bootstrapped SaaS Success Stories & Playbooks for 2025,LMV,Unknown Candidate,LMV capital provider / indie fund / AI-native micro venture platform,https://saasoperations.com/bootstrapped-saas-success-stories,unknown,public_web,Unknown,Unknown,Unknown,unknown,LMV capital provider / indie fund / AI-native micro venture platform,candidate supports industry mapping outside or adjacent to classic unicorn VC,LMV capital provider / indie fund / AI-native micro venture platform,62,candidate_evidence,2026-05-28,Promoted from entity_intake_queue by intake verification agent; human review required before paper use.
argentumgroup,Argentumgroup,SMV,Unknown Candidate,capital provider / fund / acquirer / platform,https://argentumgroup.com/about,unknown,public_web,Unknown,Unknown,Unknown,unknown,capital provider / fund / acquirer / platform,candidate supports industry mapping outside or adjacent to classic unicorn VC,capital provider / fund / acquirer / platform,62,candidate_evidence,2026-05-28,Promoted from entity_intake_queue by intake verification agent; human review required before paper use.
danantara-sovereign-ai-fund-launching,Danantara Sovereign AI Fund Launching,Sovereign Capital,Unknown Candidate,sovereign or public strategic capital provider,https://blog.hi-fella.com/danantara-sovereign-ai-fund,unknown,public_web,Unknown,Unknown,Unknown,unknown,sovereign or public strategic capital provider,candidate supports industry mapping outside or adjacent to classic unicorn VC,sovereign or public strategic capital provider,62,candidate_evidence,2026-05-28,Promoted from entity_intake_queue by intake verification agent; human review required before paper use.
founders-first-cdc,Founders First CDC,Sovereign Capital,Unknown Candidate,capital provider / fund / acquirer / platform,https://foundersfirstcdc.org,unknown,public_web,Unknown,Unknown,Unknown,unknown,capital provider / fund / acquirer / platform,candidate supports industry mapping outside or adjacent to classic unicorn VC,capital provider / fund / acquirer / platform,62,candidate_evidence,2026-05-28,Promoted from entity_intake_queue by intake verification agent; human review required before paper use.
meritholdings,Meritholdings,Portfolio Capital,Unknown Candidate,holding company,https://www.meritholdings.com,unknown,public_web,Unknown,Unknown,Unknown,unknown,holding company,candidate supports industry mapping outside or adjacent to classic unicorn VC,holding company,62,candidate_evidence,2026-05-28,Promoted from entity_intake_queue by intake verification agent; human review required before paper use.
mosaic,Mosaic,SMV,Unknown Candidate,capital provider / fund / acquirer / platform,https://www.mosaicsoftwaregroup.com,unknown,public_web,Unknown,Unknown,Unknown,unknown,capital provider / fund / acquirer / platform,candidate supports industry mapping outside or adjacent to classic unicorn VC,capital provider / fund / acquirer / platform,62,candidate_evidence,2026-05-28,Promoted from entity_intake_queue by intake verification agent; human review required before paper use.
office-of-strategic-capital-osc,Office of Strategic Capital (OSC),Sovereign Capital,Unknown Candidate,sovereign or public strategic capital provider,https://www.cto.mil/osc,unknown,public_web,Unknown,Unknown,Unknown,unknown,sovereign or public strategic capital provider,candidate supports industry mapping outside or adjacent to classic unicorn VC,sovereign or public strategic capital provider,62,candidate_evidence,2026-05-28,Promoted from entity_intake_queue by intake verification agent; human review required before paper use.
software-valuation-multiples,Software Valuation Multiples,SMV,Unknown Candidate,capital provider / fund / acquirer / platform,https://aventis-advisors.com/software-valuation-multiples,unknown,public_web,Unknown,Unknown,Unknown,unknown,capital provider / fund / acquirer / platform,candidate supports industry mapping outside or adjacent to classic unicorn VC,capital provider / fund / acquirer / platform,62,candidate_evidence,2026-05-28,Promoted from entity_intake_queue by intake verification agent; human review required before paper use.
startupbootcamp,Startupbootcamp,Sovereign Capital,Unknown Candidate,capital provider / fund / acquirer / platform,https://startupbootcamp.org,unknown,public_web,Unknown,Unknown,Unknown,unknown,capital provider / fund / acquirer / platform,candidate supports industry mapping outside or adjacent to classic unicorn VC,capital provider / fund / acquirer / platform,62,candidate_evidence,2026-05-28,Promoted from entity_intake_queue by intake verification agent; human review required before paper use.
view-portfolio,view portfolio,Portfolio Capital,Unknown Candidate,directory-listed Portfolio Capital candidate,https://velasoftwaregroup.com/,unknown,public_web,Unknown,Unknown,Unknown,unknown,directory-listed Portfolio Capital candidate,candidate supports industry mapping outside or adjacent to classic unicorn VC,directory-listed Portfolio Capital candidate,62,candidate_evidence,2026-05-28,Promoted from entity_intake_queue by intake verification agent; human review required before paper use.
clearlyacquired,ClearlyAcquired,Search/ETA,Unknown Candidate,search-fund resource + marketplace,https://www.clearlyacquired.com/,active,public_web,Unknown,Unknown,Unknown,unknown,search-fund resource + marketplace,candidate supports industry mapping outside or adjacent to classic unicorn VC,search-fund resource + marketplace,62,candidate_evidence,2026-05-28,Promoted from entity_intake_queue by intake verification agent; human review required before paper use.
float-finance,Float Finance,SMV,Unknown Candidate,non-dilutive capital,https://www.floatfinance.com/,active,public_web,Unknown,Unknown,Unknown,unknown,non-dilutive capital,candidate supports industry mapping outside or adjacent to classic unicorn VC,non-dilutive capital,62,candidate_evidence,2026-05-28,Promoted from entity_intake_queue by intake verification agent; human review required before paper use.
hawk-infinity-software,Hawk Infinity Software,SMV,Unknown Candidate,article-listed Portfolio Capital candidate,https://hawkinfinity.com/,unknown,public_web,Unknown,Unknown,Unknown,unknown,article-listed Portfolio Capital candidate,candidate supports industry mapping outside or adjacent to classic unicorn VC,article-listed Portfolio Capital candidate,62,candidate_evidence,2026-05-28,Promoted from entity_intake_queue by intake verification agent; human review required before paper use.
re-cap,Re:cap,SMV,Unknown Candidate,recurring-revenue financing,https://re-cap.com/,active,public_web,Unknown,Unknown,Unknown,unknown,recurring-revenue financing,candidate supports industry mapping outside or adjacent to classic unicorn VC,recurring-revenue financing,62,candidate_evidence,2026-05-28,Promoted from entity_intake_queue by intake verification agent; human review required before paper use.
red-forest-capital,Red Forest Capital,Search/ETA,Unknown Candidate,search fund investor,https://www.redforestcapital.com/,active,public_web,Unknown,Unknown,Unknown,unknown,search fund investor,candidate supports industry mapping outside or adjacent to classic unicorn VC,search fund investor,62,candidate_evidence,2026-05-28,Promoted from entity_intake_queue by intake verification agent; human review required before paper use.
salesforce,Salesforce,SMV,Unknown Candidate,article-listed Portfolio Capital candidate,https://www.salesforce.com/,unknown,public_web,Unknown,Unknown,Unknown,unknown,article-listed Portfolio Capital candidate,candidate supports industry mapping outside or adjacent to classic unicorn VC,article-listed Portfolio Capital candidate,62,candidate_evidence,2026-05-28,Promoted from entity_intake_queue by intake verification agent; human review required before paper use.
trustmrr,TrustMRR,LMV,Unknown Candidate,article-listed LMV candidate,https://trustmrr.com/,unknown,public_web,Unknown,Unknown,Unknown,unknown,article-listed LMV candidate,candidate supports industry mapping outside or adjacent to classic unicorn VC,article-listed LMV candidate,62,candidate_evidence,2026-05-28,Promoted from entity_intake_queue by intake verification agent; human review required before paper use.
baremetrics,Baremetrics,LMV,Unknown Candidate,article-mentioned candidate (target LMV),https://baremetrics.com/,unknown,public_web,Unknown,Unknown,Unknown,unknown,article-mentioned candidate (target LMV),candidate supports industry mapping outside or adjacent to classic unicorn VC,article-mentioned candidate (target LMV),62,candidate_evidence,2026-05-28,Promoted from entity_intake_queue by intake verification agent; human review required before paper use.
blue-owl-capital,Blue Owl Capital,Patient Capital,Unknown Candidate,alternative asset manager,https://www.blueowl.com/,active,public_web,Unknown,Unknown,Unknown,unknown,alternative asset manager,candidate supports industry mapping outside or adjacent to classic unicorn VC,alternative asset manager,62,candidate_evidence,2026-05-28,Promoted from entity_intake_queue by intake verification agent; human review required before paper use.
bootstrappers,Bootstrappers,LMV,Unknown Candidate,article-mentioned candidate (target LMV),https://bootstrappers.com/,unknown,public_web,Unknown,Unknown,Unknown,unknown,article-mentioned candidate (target LMV),candidate supports industry mapping outside or adjacent to classic unicorn VC,article-mentioned candidate (target LMV),62,candidate_evidence,2026-05-28,Promoted from entity_intake_queue by intake verification agent; human review required before paper use.
capshift,CapShift,Sovereign Capital,Unknown Candidate,values-driven investment platform,https://capshift.com/,active,public_web,Unknown,Unknown,Unknown,unknown,values-driven investment platform,candidate supports industry mapping outside or adjacent to classic unicorn VC,values-driven investment platform,62,candidate_evidence,2026-05-28,Promoted from entity_intake_queue by intake verification agent; human review required before paper use.
eta-equity,ETA Equity,Search/ETA,Unknown Candidate,ETA private equity firm,https://etaequity.com/,active,public_web,Unknown,Unknown,Unknown,unknown,ETA private equity firm,candidate supports industry mapping outside or adjacent to classic unicorn VC,ETA private equity firm,62,candidate_evidence,2026-05-28,Promoted from entity_intake_queue by intake verification agent; human review required before paper use.
faith-driven-investor,Faith Driven Investor,Sovereign Capital,Unknown Candidate,faith-based investor community,https://faithdriveninvestor.org/,active,public_web,Unknown,Unknown,Unknown,unknown,faith-based investor community,candidate supports industry mapping outside or adjacent to classic unicorn VC,faith-based investor community,62,candidate_evidence,2026-05-28,Promoted from entity_intake_queue by intake verification agent; human review required before paper use.
golub-capital,Golub Capital,SMV,Unknown Candidate,middle-market direct lender,https://www.golubcapital.com/,active,public_web,Unknown,Unknown,Unknown,unknown,middle-market direct lender,candidate supports industry mapping outside or adjacent to classic unicorn VC,middle-market direct lender,62,candidate_evidence,2026-05-28,Promoted from entity_intake_queue by intake verification agent; human review required before paper use.
nobody-studios,Nobody Studios,Portfolio Capital,Unknown Candidate,high-volume venture studio,https://nobodystudios.com/,active,public_web,Unknown,Unknown,Unknown,unknown,high-volume venture studio,candidate supports industry mapping outside or adjacent to classic unicorn VC,high-volume venture studio,62,candidate_evidence,2026-05-28,Promoted from entity_intake_queue by intake verification agent; human review required before paper use.
peter-lohmann,Peter Lohmann,SMV,Unknown Candidate,mini-Berkshires commentator + operator,https://www.peterlohmann.com/,active,public_web,Unknown,Unknown,Unknown,unknown,mini-Berkshires commentator + operator,candidate supports industry mapping outside or adjacent to classic unicorn VC,mini-Berkshires commentator + operator,62,candidate_evidence,2026-05-28,Promoted from entity_intake_queue by intake verification agent; human review required before paper use.
saasplaybook,Saasplaybook,LMV,Unknown Candidate,article-mentioned candidate (target LMV),https://saasplaybook.com/,unknown,public_web,Unknown,Unknown,Unknown,unknown,article-mentioned candidate (target LMV),candidate supports industry mapping outside or adjacent to classic unicorn VC,article-mentioned candidate (target LMV),62,candidate_evidence,2026-05-28,Promoted from entity_intake_queue by intake verification agent; human review required before paper use.
wildfront,Wildfront,Portfolio Capital,Unknown Candidate,bootstrapped SaaS acquirer,https://wildfront.co/,active,public_web,Unknown,Unknown,Unknown,unknown,bootstrapped SaaS acquirer,candidate supports industry mapping outside or adjacent to classic unicorn VC,bootstrapped SaaS acquirer,62,candidate_evidence,2026-05-28,Promoted from entity_intake_queue by intake verification agent; human review required before paper use.
itrinity,itrinity,SMV,Unknown Candidate,European SaaS acquirer,https://www.itrinity.com/,active,public_web,Unknown,Unknown,Unknown,unknown,European SaaS acquirer,candidate supports industry mapping outside or adjacent to classic unicorn VC,European SaaS acquirer,62,candidate_evidence,2026-05-28,Promoted from entity_intake_queue by intake verification agent; human review required before paper use.
alliance-venture,Alliance Venture,SMV,Unknown Candidate,Nordic global ambition seed,https://alliance.vc/,active,public_web,Unknown,Unknown,Unknown,unknown,Nordic global ambition seed,candidate supports industry mapping outside or adjacent to classic unicorn VC,Nordic global ambition seed,62,candidate_evidence,2026-05-28,Promoted from entity_intake_queue by intake verification agent; human review required before paper use.
asseco-group,Asseco Group,Patient Capital,Unknown Candidate,European software federation,https://www.asseco.com/,active,public_web,Unknown,Unknown,Unknown,unknown,European software federation,candidate supports industry mapping outside or adjacent to classic unicorn VC,European software federation,62,candidate_evidence,2026-05-28,Promoted from entity_intake_queue by intake verification agent; human review required before paper use.
carlson-private-capital-partners,Carlson Private Capital Partners,Patient Capital,Unknown Candidate,family direct investing firm,https://www.carlsonprivatecapital.com/,active,public_web,Unknown,Unknown,Unknown,unknown,family direct investing firm,candidate supports industry mapping outside or adjacent to classic unicorn VC,family direct investing firm,62,candidate_evidence,2026-05-28,Promoted from entity_intake_queue by intake verification agent; human review required before paper use.
codelaunch,CodeLaunch,Patient Capital,Unknown Candidate,regional pre-seed accelerator,https://codelaunch.com/,active,public_web,Unknown,Unknown,Unknown,unknown,regional pre-seed accelerator,candidate supports industry mapping outside or adjacent to classic unicorn VC,regional pre-seed accelerator,62,candidate_evidence,2026-05-28,Promoted from entity_intake_queue by intake verification agent; human review required before paper use.
elobau,Elobau,Patient Capital,Unknown Candidate,steward-owned operating company,https://www.elobau.com/,active,public_web,Unknown,Unknown,Unknown,unknown,steward-owned operating company,candidate supports industry mapping outside or adjacent to classic unicorn VC,steward-owned operating company,62,candidate_evidence,2026-05-28,Promoted from entity_intake_queue by intake verification agent; human review required before paper use.
foundry,Foundry,Patient Capital,Unknown Candidate,venture studio / startup studio / software holding company,https://hbsfoundry.org,unknown,public_web,Unknown,Unknown,Unknown,unknown,venture studio / startup studio / software holding company,candidate supports industry mapping outside or adjacent to classic unicorn VC,venture studio / startup studio / software holding company,62,candidate_evidence,2026-05-28,Promoted from entity_intake_queue by intake verification agent; human review required before paper use.
funds-for-good,Funds For Good,Patient Capital,Unknown Candidate,Belgian impact fund,https://www.fundsforgood.eu/,active,public_web,Unknown,Unknown,Unknown,unknown,Belgian impact fund,candidate supports industry mapping outside or adjacent to classic unicorn VC,Belgian impact fund,62,candidate_evidence,2026-05-28,Promoted from entity_intake_queue by intake verification agent; human review required before paper use.
halcyon-incubator,Halcyon Incubator,Patient Capital,Unknown Candidate,social entrepreneur fellowship,https://halcyonincubator.org/,active,public_web,Unknown,Unknown,Unknown,unknown,social entrepreneur fellowship,candidate supports industry mapping outside or adjacent to classic unicorn VC,social entrepreneur fellowship,62,candidate_evidence,2026-05-28,Promoted from entity_intake_queue by intake verification agent; human review required before paper use.
ibm,IBM,Patient Capital,Unknown Candidate,article-listed Portfolio Capital candidate,https://www.ibm.com/,unknown,public_web,Unknown,Unknown,Unknown,unknown,article-listed Portfolio Capital candidate,candidate supports industry mapping outside or adjacent to classic unicorn VC,article-listed Portfolio Capital candidate,62,candidate_evidence,2026-05-28,Promoted from entity_intake_queue by intake verification agent; human review required before paper use.
kaszek-ventures,Kaszek Ventures,Patient Capital,Unknown Candidate,LatAm early-stage investor,https://kaszek.com/,active,public_web,Unknown,Unknown,Unknown,unknown,LatAm early-stage investor,candidate supports industry mapping outside or adjacent to classic unicorn VC,LatAm early-stage investor,62,candidate_evidence,2026-05-28,Promoted from entity_intake_queue by intake verification agent; human review required before paper use.
local-government-software,Local Government Software,Patient Capital,Unknown Candidate,capital provider / fund / acquirer / platform,https://opengov.com,unknown,public_web,Unknown,Unknown,Unknown,unknown,capital provider / fund / acquirer / platform,candidate supports industry mapping outside or adjacent to classic unicorn VC,capital provider / fund / acquirer / platform,62,candidate_evidence,2026-05-28,Promoted from entity_intake_queue by intake verification agent; human review required before paper use.
macarthur-foundation,MacArthur Foundation,Patient Capital,Unknown Candidate,impact-investing foundation,https://www.macfound.org/,active,public_web,Unknown,Unknown,Unknown,unknown,impact-investing foundation,candidate supports industry mapping outside or adjacent to classic unicorn VC,impact-investing foundation,62,candidate_evidence,2026-05-28,Promoted from entity_intake_queue by intake verification agent; human review required before paper use.
mahle,Mahle,Patient Capital,Unknown Candidate,steward-owned automotive supplier,https://www.mahle.com/,active,public_web,Unknown,Unknown,Unknown,unknown,steward-owned automotive supplier,candidate supports industry mapping outside or adjacent to classic unicorn VC,steward-owned automotive supplier,62,candidate_evidence,2026-05-28,Promoted from entity_intake_queue by intake verification agent; human review required before paper use.
michigan-founders-fund,Michigan Founders Fund,Patient Capital,Unknown Candidate,regional pre-accelerator,https://michiganfoundersfund.org/,active,public_web,Unknown,Unknown,Unknown,unknown,regional pre-accelerator,candidate supports industry mapping outside or adjacent to classic unicorn VC,regional pre-accelerator,62,candidate_evidence,2026-05-28,Promoted from entity_intake_queue by intake verification agent; human review required before paper use.
mission-driven-finance,Mission Driven Finance,Patient Capital,Unknown Candidate,community impact lender,https://www.missiondrivenfinance.com/,active,public_web,Unknown,Unknown,Unknown,unknown,community impact lender,candidate supports industry mapping outside or adjacent to classic unicorn VC,community impact lender,62,candidate_evidence,2026-05-28,Promoted from entity_intake_queue by intake verification agent; human review required before paper use.
motorola-solutions,Motorola Solutions,Patient Capital,Unknown Candidate,article-listed Portfolio Capital candidate,https://www.motorolasolutions.com/,unknown,public_web,Unknown,Unknown,Unknown,unknown,article-listed Portfolio Capital candidate,candidate supports industry mapping outside or adjacent to classic unicorn VC,article-listed Portfolio Capital candidate,62,candidate_evidence,2026-05-28,Promoted from entity_intake_queue by intake verification agent; human review required before paper use.
mozilla-foundation,Mozilla Foundation,Patient Capital,Unknown Candidate,purpose-trust non-profit owner,https://foundation.mozilla.org/,active,public_web,Unknown,Unknown,Unknown,unknown,purpose-trust non-profit owner,candidate supports industry mapping outside or adjacent to classic unicorn VC,purpose-trust non-profit owner,62,candidate_evidence,2026-05-28,Promoted from entity_intake_queue by intake verification agent; human review required before paper use.
novo-nordisk-foundation,Novo Nordisk Foundation,Patient Capital,Unknown Candidate,perpetual charitable foundation,https://novonordiskfonden.dk/,active,public_web,Unknown,Unknown,Unknown,unknown,perpetual charitable foundation,candidate supports industry mapping outside or adjacent to classic unicorn VC,perpetual charitable foundation,62,candidate_evidence,2026-05-28,Promoted from entity_intake_queue by intake verification agent; human review required before paper use.
perpetual-wealth-ag,Perpetual Wealth AG,Patient Capital,Unknown Candidate,patient capital provider / evergreen fund / holding company,https://perpetual-wealth.ch,unknown,public_web,Unknown,Unknown,Unknown,unknown,patient capital provider / evergreen fund / holding company,candidate supports industry mapping outside or adjacent to classic unicorn VC,patient capital provider / evergreen fund / holding company,62,candidate_evidence,2026-05-28,Promoted from entity_intake_queue by intake verification agent; human review required before paper use.
pohlad-companies,Pohlad Companies,Patient Capital,Unknown Candidate,family operating company,https://www.pohladcompanies.com/,active,public_web,Unknown,Unknown,Unknown,unknown,family operating company,candidate supports industry mapping outside or adjacent to classic unicorn VC,family operating company,62,candidate_evidence,2026-05-28,Promoted from entity_intake_queue by intake verification agent; human review required before paper use.
pritzker-group,Pritzker Group,Patient Capital,Unknown Candidate,family office direct investment,https://www.pritzkergroup.com/,active,public_web,Unknown,Unknown,Unknown,unknown,family office direct investment,candidate supports industry mapping outside or adjacent to classic unicorn VC,family office direct investment,62,candidate_evidence,2026-05-28,Promoted from entity_intake_queue by intake verification agent; human review required before paper use.
qubit-capital,Qubit Capital,Patient Capital,Unknown Candidate,alternative startup capital advisor,https://qubit.capital/,active,public_web,Unknown,Unknown,Unknown,unknown,alternative startup capital advisor,candidate supports industry mapping outside or adjacent to classic unicorn VC,alternative startup capital advisor,62,candidate_evidence,2026-05-28,Promoted from entity_intake_queue by intake verification agent; human review required before paper use.
theanna,Theanna,Patient Capital,Unknown Candidate,equity-free accelerator platform,https://theanna.io/,active,public_web,Unknown,Unknown,Unknown,unknown,equity-free accelerator platform,candidate supports industry mapping outside or adjacent to classic unicorn VC,equity-free accelerator platform,62,candidate_evidence,2026-05-28,Promoted from entity_intake_queue by intake verification agent; human review required before paper use.
bending-spoons,Bending Spoons,Portfolio Capital,Unknown Candidate,acquire-and-hold software operator,https://bendingspoons.com/,active,public_web,Unknown,Unknown,Unknown,unknown,acquire-and-hold software operator,candidate supports industry mapping outside or adjacent to classic unicorn VC,acquire-and-hold software operator,62,candidate_evidence,2026-05-28,Promoted from entity_intake_queue by intake verification agent; human review required before paper use.
better-ventures,Better Ventures,Sovereign Capital,Unknown Candidate,mission-driven impact fund,https://www.better.vc/,active,public_web,Unknown,Unknown,Unknown,unknown,mission-driven impact fund,candidate supports industry mapping outside or adjacent to classic unicorn VC,mission-driven impact fund,62,candidate_evidence,2026-05-28,Promoted from entity_intake_queue by intake verification agent; human review required before paper use.
hoxton-ventures,Hoxton Ventures,Portfolio Capital,Unknown Candidate,European deep-tech seed,https://hoxtonventures.com/,active,public_web,Unknown,Unknown,Unknown,unknown,European deep-tech seed,candidate supports industry mapping outside or adjacent to classic unicorn VC,European deep-tech seed,62,candidate_evidence,2026-05-28,Promoted from entity_intake_queue by intake verification agent; human review required before paper use.
the-giin,The GIIN,Sovereign Capital,Unknown Candidate,Global Impact Investing Network,https://thegiin.org/,active,public_web,Unknown,Unknown,Unknown,unknown,Global Impact Investing Network,candidate supports industry mapping outside or adjacent to classic unicorn VC,Global Impact Investing Network,62,candidate_evidence,2026-05-28,Promoted from entity_intake_queue by intake verification agent; human review required before paper use.
forum-ventures,Forum Ventures,LMV,Unknown Candidate,early-stage B2B accelerator,https://www.forumvc.com/,active,public_web,Unknown,Unknown,Unknown,unknown,early-stage B2B accelerator,candidate supports industry mapping outside or adjacent to classic unicorn VC,early-stage B2B accelerator,62,candidate_evidence,2026-05-28,Promoted from entity_intake_queue by intake verification agent; human review required before paper use.
south-park-commons,South Park Commons,LMV,Unknown Candidate,founder community + fund,https://www.southparkcommons.com/,active,public_web,Unknown,Unknown,Unknown,unknown,founder community + fund,candidate supports industry mapping outside or adjacent to classic unicorn VC,founder community + fund,62,candidate_evidence,2026-05-28,Promoted from entity_intake_queue by intake verification agent; human review required before paper use.
vc-lab,VC Lab,LMV,Unknown Candidate,capital provider / fund / acquirer / platform,https://govclab.com,unknown,public_web,Unknown,Unknown,Unknown,unknown,capital provider / fund / acquirer / platform,candidate supports industry mapping outside or adjacent to classic unicorn VC,capital provider / fund / acquirer / platform,62,candidate_evidence,2026-05-28,Promoted from entity_intake_queue by intake verification agent; human review required before paper use.
freed-fellowship,Freed Fellowship,LMV,Unknown Candidate,monthly micro-grant fellowship,https://www.freedfellowship.com/,active,public_web,Unknown,Unknown,Unknown,unknown,monthly micro-grant fellowship,candidate supports industry mapping outside or adjacent to classic unicorn VC,monthly micro-grant fellowship,62,candidate_evidence,2026-05-28,Promoted from entity_intake_queue by intake verification agent; human review required before paper use.
smb-investor-network,SMB Investor Network,Search/ETA,Unknown Candidate,SMB co-investment platform,https://www.smbinvestornetwork.com/,active,public_web,Unknown,Unknown,Unknown,unknown,SMB co-investment platform,candidate supports industry mapping outside or adjacent to classic unicorn VC,SMB co-investment platform,62,candidate_evidence,2026-05-28,Promoted from entity_intake_queue by intake verification agent; human review required before paper use.
sky9-capital,Sky9 Capital,Patient Capital,Unknown Candidate,China-focused pre-seed,https://www.sky9capital.com/,active,public_web,Unknown,Unknown,Unknown,unknown,China-focused pre-seed,candidate supports industry mapping outside or adjacent to classic unicorn VC,China-focused pre-seed,62,candidate_evidence,2026-05-28,Promoted from entity_intake_queue by intake verification agent; human review required before paper use.
sovereign-tech-fund,Sovereign Tech Fund,Sovereign Capital,Unknown Candidate,German public open-source fund,https://www.sovereign.tech/,active,public_web,Unknown,Unknown,Unknown,unknown,German public open-source fund,candidate supports industry mapping outside or adjacent to classic unicorn VC,German public open-source fund,62,candidate_evidence,2026-05-28,Promoted from entity_intake_queue by intake verification agent; human review required before paper use.
tiff-investment-management,TIFF Investment Management,Patient Capital,Unknown Candidate,endowment impact manager,https://www.tiff.org/,active,public_web,Unknown,Unknown,Unknown,unknown,endowment impact manager,candidate supports industry mapping outside or adjacent to classic unicorn VC,endowment impact manager,62,candidate_evidence,2026-05-28,Promoted from entity_intake_queue by intake verification agent; human review required before paper use.
the-builders-fund,The Builders Fund,Patient Capital,Unknown Candidate,mission-aligned growth equity,https://www.thebuildersfund.com/,active,public_web,Unknown,Unknown,Unknown,unknown,mission-aligned growth equity,candidate supports industry mapping outside or adjacent to classic unicorn VC,mission-aligned growth equity,62,candidate_evidence,2026-05-28,Promoted from entity_intake_queue by intake verification agent; human review required before paper use.
the-fundless-sponsor-explained,The Fundless Sponsor Explained,Search/ETA,Unknown Candidate,search fund investor / ETA platform / acquisition community,https://1719partners.com/the-fundless-sponsor-how-it-works,unknown,public_web,Unknown,Unknown,Unknown,unknown,search fund investor / ETA platform / acquisition community,candidate supports industry mapping outside or adjacent to classic unicorn VC,search fund investor / ETA platform / acquisition community,62,candidate_evidence,2026-05-28,Promoted from entity_intake_queue by intake verification agent; human review required before paper use.
aligned-climate-capital,Aligned Climate Capital,Sovereign Capital,Unknown Candidate,climate impact investor,https://www.alignedclimatecapital.com/,active,public_web,Unknown,Unknown,Unknown,unknown,climate impact investor,candidate supports industry mapping outside or adjacent to classic unicorn VC,climate impact investor,62,candidate_evidence,2026-05-28,Promoted from entity_intake_queue by intake verification agent; human review required before paper use.
lowercarbon-capital,Lowercarbon Capital,Sovereign Capital,Unknown Candidate,climate technology fund,https://www.lowercarbon.com/,active,public_web,Unknown,Unknown,Unknown,unknown,climate technology fund,candidate supports industry mapping outside or adjacent to classic unicorn VC,climate technology fund,62,candidate_evidence,2026-05-28,Promoted from entity_intake_queue by intake verification agent; human review required before paper use.
risefi,RiseFi,SMV,Unknown Candidate,capital provider / fund / acquirer / platform,https://risefi.com,unknown,public_web,Unknown,Unknown,Unknown,unknown,capital provider / fund / acquirer / platform,candidate supports industry mapping outside or adjacent to classic unicorn VC,capital provider / fund / acquirer / platform,62,candidate_evidence,2026-05-28,Promoted from entity_intake_queue by intake verification agent; human review required before paper use.
settle,Settle,SMV,Unknown Candidate,working capital / B2B BNPL,https://www.settle.com/,active,public_web,Unknown,Unknown,Unknown,unknown,working capital / B2B BNPL,candidate supports industry mapping outside or adjacent to classic unicorn VC,working capital / B2B BNPL,62,candidate_evidence,2026-05-28,Promoted from entity_intake_queue by intake verification agent; human review required before paper use.
83k-capital,83K Capital,Patient Capital,Unknown Candidate,patient capital provider / evergreen fund / holding company,https://83kcapital.com,unknown,public_web,Unknown,Unknown,Unknown,unknown,patient capital provider / evergreen fund / holding company,candidate supports industry mapping outside or adjacent to classic unicorn VC,patient capital provider / evergreen fund / holding company,62,candidate_evidence,2026-05-28,Promoted from entity_intake_queue by intake verification agent; human review required before paper use.
andromeda,Andromeda,Patient Capital,Unknown Candidate,capital provider / fund / acquirer / platform,https://www.csiandromeda.com,unknown,public_web,Unknown,Unknown,Unknown,unknown,capital provider / fund / acquirer / platform,candidate supports industry mapping outside or adjacent to classic unicorn VC,capital provider / fund / acquirer / platform,62,candidate_evidence,2026-05-28,Promoted from entity_intake_queue by intake verification agent; human review required before paper use.
atlasview-equity,Atlasview Equity,Patient Capital,Unknown Candidate,micro PE acquirer,https://www.atlasviewequity.com/,active,public_web,Unknown,Unknown,Unknown,unknown,micro PE acquirer,candidate supports industry mapping outside or adjacent to classic unicorn VC,micro PE acquirer,62,candidate_evidence,2026-05-28,Promoted from entity_intake_queue by intake verification agent; human review required before paper use.
bain-capital,Bain Capital,Patient Capital,Unknown Candidate,article-listed SMV candidate,https://www.baincapital.com/,unknown,public_web,Unknown,Unknown,Unknown,unknown,article-listed SMV candidate,candidate supports industry mapping outside or adjacent to classic unicorn VC,article-listed SMV candidate,62,candidate_evidence,2026-05-28,Promoted from entity_intake_queue by intake verification agent; human review required before paper use.
brex-capital,Brex Capital,Sovereign Capital,Unknown Candidate,working capital provider,https://www.brex.com/product/capital,active,public_web,Unknown,Unknown,Unknown,unknown,working capital provider,candidate supports industry mapping outside or adjacent to classic unicorn VC,working capital provider,62,candidate_evidence,2026-05-28,Promoted from entity_intake_queue by intake verification agent; human review required before paper use.
broadtree-partners,Broadtree Partners,Patient Capital,Unknown Candidate,search fund investor,https://www.broadtreepartners.com/,active,public_web,Unknown,Unknown,Unknown,unknown,search fund investor,candidate supports industry mapping outside or adjacent to classic unicorn VC,search fund investor,62,candidate_evidence,2026-05-28,Promoted from entity_intake_queue by intake verification agent; human review required before paper use.
brydon-group,Brydon Group,Patient Capital,Unknown Candidate,vertical software holding company,https://www.brydongroup.com/,active,public_web,Unknown,Unknown,Unknown,unknown,vertical software holding company,candidate supports industry mapping outside or adjacent to classic unicorn VC,vertical software holding company,62,candidate_evidence,2026-05-28,Promoted from entity_intake_queue by intake verification agent; human review required before paper use.
consensys,Consensys,Patient Capital,Unknown Candidate,venture studio / startup studio / software holding company,https://consensys.io,unknown,public_web,Unknown,Unknown,Unknown,unknown,venture studio / startup studio / software holding company,candidate supports industry mapping outside or adjacent to classic unicorn VC,venture studio / startup studio / software holding company,62,candidate_evidence,2026-05-28,Promoted from entity_intake_queue by intake verification agent; human review required before paper use.
dvg-partners,DVG Partners,SMV,Unknown Candidate,search fund investor,https://www.dvgpartners.com/,active,public_web,Unknown,Unknown,Unknown,unknown,search fund investor,candidate supports industry mapping outside or adjacent to classic unicorn VC,search fund investor,62,candidate_evidence,2026-05-28,Promoted from entity_intake_queue by intake verification agent; human review required before paper use.
earth-foundry,Earth Foundry,Patient Capital,Unknown Candidate,venture studio / startup studio / software holding company,https://www.earthfoundry.com,unknown,public_web,Unknown,Unknown,Unknown,unknown,venture studio / startup studio / software holding company,candidate supports industry mapping outside or adjacent to classic unicorn VC,venture studio / startup studio / software holding company,62,candidate_evidence,2026-05-28,Promoted from entity_intake_queue by intake verification agent; human review required before paper use.
explore-our-saas-m-a-deal-database,Explore Our SaaS M&A Deal Database,Patient Capital,Unknown Candidate,venture studio / startup studio / software holding company,https://softwareequity.com/saas-ma-deal-database,unknown,public_web,Unknown,Unknown,Unknown,unknown,venture studio / startup studio / software holding company,candidate supports industry mapping outside or adjacent to classic unicorn VC,venture studio / startup studio / software holding company,62,candidate_evidence,2026-05-28,Promoted from entity_intake_queue by intake verification agent; human review required before paper use.
founder-programs,Founder Programs,Patient Capital,Unknown Candidate,capital provider / fund / acquirer / platform,https://500.co/founders,unknown,public_web,Unknown,Unknown,Unknown,unknown,capital provider / fund / acquirer / platform,candidate supports industry mapping outside or adjacent to classic unicorn VC,capital provider / fund / acquirer / platform,62,candidate_evidence,2026-05-28,Promoted from entity_intake_queue by intake verification agent; human review required before paper use.
francisco-partners,Francisco Partners,SMV,Unknown Candidate,article-listed SMV candidate,https://www.franciscopartners.com/,unknown,public_web,Unknown,Unknown,Unknown,unknown,article-listed SMV candidate,candidate supports industry mapping outside or adjacent to classic unicorn VC,article-listed SMV candidate,62,candidate_evidence,2026-05-28,Promoted from entity_intake_queue by intake verification agent; human review required before paper use.
keensight-capital,Keensight Capital,SMV,Unknown Candidate,article-listed SMV candidate,https://keensight.com/,unknown,public_web,Unknown,Unknown,Unknown,unknown,article-listed SMV candidate,candidate supports industry mapping outside or adjacent to classic unicorn VC,article-listed SMV candidate,62,candidate_evidence,2026-05-28,Promoted from entity_intake_queue by intake verification agent; human review required before paper use.
lightship-bootcamp,Lightship Bootcamp,Patient Capital,Unknown Candidate,capital provider / fund / acquirer / platform,https://www.lightship.foundation/bootcamp,unknown,public_web,Unknown,Unknown,Unknown,unknown,capital provider / fund / acquirer / platform,candidate supports industry mapping outside or adjacent to classic unicorn VC,capital provider / fund / acquirer / platform,62,candidate_evidence,2026-05-28,Promoted from entity_intake_queue by intake verification agent; human review required before paper use.
patagonia-works,Patagonia Works,Patient Capital,Unknown Candidate,steward-owned holdco,https://www.patagoniaworks.com/,active,public_web,Unknown,Unknown,Unknown,unknown,steward-owned holdco,candidate supports industry mapping outside or adjacent to classic unicorn VC,steward-owned holdco,62,candidate_evidence,2026-05-28,Promoted from entity_intake_queue by intake verification agent; human review required before paper use.
perpetua-capital,Perpetua Capital,Patient Capital,Unknown Candidate,patient capital provider / evergreen fund / holding company,https://www.perpetuacapital.com,unknown,public_web,Unknown,Unknown,Unknown,unknown,patient capital provider / evergreen fund / holding company,candidate supports industry mapping outside or adjacent to classic unicorn VC,patient capital provider / evergreen fund / holding company,62,candidate_evidence,2026-05-28,Promoted from entity_intake_queue by intake verification agent; human review required before paper use.
soma-fellows,Soma Fellows,Patient Capital,Unknown Candidate,capital provider / fund / acquirer / platform,https://programs.somacap.com/fellows,unknown,public_web,Unknown,Unknown,Unknown,unknown,capital provider / fund / acquirer / platform,candidate supports industry mapping outside or adjacent to classic unicorn VC,capital provider / fund / acquirer / platform,62,candidate_evidence,2026-05-28,Promoted from entity_intake_queue by intake verification agent; human review required before paper use.
vista-equity-partners,Vista Equity Partners,Patient Capital,Unknown Candidate,article-listed SMV candidate,https://www.vistaequitypartners.com/,unknown,public_web,Unknown,Unknown,Unknown,unknown,article-listed SMV candidate,candidate supports industry mapping outside or adjacent to classic unicorn VC,article-listed SMV candidate,62,candidate_evidence,2026-05-28,Promoted from entity_intake_queue by intake verification agent; human review required before paper use.
founder-institute,Founder Institute,Patient Capital,Unknown Candidate,capital provider / fund / acquirer / platform,https://fi.co,unknown,public_web,Unknown,Unknown,Unknown,unknown,capital provider / fund / acquirer / platform,candidate supports industry mapping outside or adjacent to classic unicorn VC,capital provider / fund / acquirer / platform,62,candidate_evidence,2026-05-28,Promoted from entity_intake_queue by intake verification agent; human review required before paper use.
learn-ai-for-entrepreneurs,Learn AI for Entrepreneurs,LMV,Unknown Candidate,LMV capital provider / indie fund / AI-native micro venture platform,https://findskill.ai/learn-ai-for-entrepreneurs,unknown,public_web,Unknown,Unknown,Unknown,unknown,LMV capital provider / indie fund / AI-native micro venture platform,candidate supports industry mapping outside or adjacent to classic unicorn VC,LMV capital provider / indie fund / AI-native micro venture platform,62,candidate_evidence,2026-05-28,Promoted from entity_intake_queue by intake verification agent; human review required before paper use.
onesixone-ventures,OneSixOne Ventures,Patient Capital,Unknown Candidate,pre-seed venture fund / platform / community,https://www.onesixone.ventures/,unknown,public_web,Unknown,Unknown,Unknown,unknown,pre-seed venture fund / platform / community,candidate supports industry mapping outside or adjacent to classic unicorn VC,pre-seed venture fund / platform / community,62,candidate_evidence,2026-05-28,Promoted from entity_intake_queue by intake verification agent; human review required before paper use.
startup-studio-vs-venture-builder,Startup Studio vs Venture Builder,Portfolio Capital,Unknown Candidate,venture studio,https://hidayatrizvi.com/startup-studio-vs-venture-builder,unknown,public_web,Unknown,Unknown,Unknown,unknown,venture studio,candidate supports industry mapping outside or adjacent to classic unicorn VC,venture studio,62,candidate_evidence,2026-05-28,Promoted from entity_intake_queue by intake verification agent; human review required before paper use.
welcome-to-pathstone,Welcome to Pathstone,Patient Capital,Unknown Candidate,patient capital provider / evergreen fund / holding company,https://pathstone.com,unknown,public_web,Unknown,Unknown,Unknown,unknown,patient capital provider / evergreen fund / holding company,candidate supports industry mapping outside or adjacent to classic unicorn VC,patient capital provider / evergreen fund / holding company,62,candidate_evidence,2026-05-28,Promoted from entity_intake_queue by intake verification agent; human review required before paper use.
what-is-royalty-financing,What is Royalty Financing?,SMV,Unknown Candidate,capital provider / fund / acquirer / platform,https://startup101.com/what-is-royalty-financing,unknown,public_web,Unknown,Unknown,Unknown,unknown,capital provider / fund / acquirer / platform,candidate supports industry mapping outside or adjacent to classic unicorn VC,capital provider / fund / acquirer / platform,62,candidate_evidence,2026-05-28,Promoted from entity_intake_queue by intake verification agent; human review required before paper use.
2025-plumbing-industry-report,2025 Plumbing Industry Report,Portfolio Capital,Unknown Candidate,venture studio / startup studio / software holding company,https://www.atlanticcoastbusinessbrokers.com/plumbing-industry-report-2025,unknown,public_web,Unknown,Unknown,Unknown,unknown,venture studio / startup studio / software holding company,candidate supports industry mapping outside or adjacent to classic unicorn VC,venture studio / startup studio / software holding company,62,candidate_evidence,2026-05-28,Promoted from entity_intake_queue by intake verification agent; human review required before paper use.
beacon-oral-specialists,Beacon Oral Specialists,Patient Capital,Unknown Candidate,oral surgery roll-up,https://www.beaconoralspecialists.com/,active,public_web,Unknown,Unknown,Unknown,unknown,oral surgery roll-up,candidate supports industry mapping outside or adjacent to classic unicorn VC,oral surgery roll-up,62,candidate_evidence,2026-05-28,Promoted from entity_intake_queue by intake verification agent; human review required before paper use.
cloud-solutions-for-broadcast-ctv-and-fast,"Cloud Solutions for Broadcast, CTV and FAST",Patient Capital,Unknown Candidate,venture studio / startup studio / software holding company,https://www.amagi.com,unknown,public_web,Unknown,Unknown,Unknown,unknown,venture studio / startup studio / software holding company,candidate supports industry mapping outside or adjacent to classic unicorn VC,venture studio / startup studio / software holding company,62,candidate_evidence,2026-05-28,Promoted from entity_intake_queue by intake verification agent; human review required before paper use.
funded,Funded!,LMV,Unknown Candidate,LMV capital provider / indie fund / AI-native micro venture platform,https://thebootstrappedfounder.com/funded,unknown,public_web,Unknown,Unknown,Unknown,unknown,LMV capital provider / indie fund / AI-native micro venture platform,candidate supports industry mapping outside or adjacent to classic unicorn VC,LMV capital provider / indie fund / AI-native micro venture platform,62,candidate_evidence,2026-05-28,Promoted from entity_intake_queue by intake verification agent; human review required before paper use.
fundwell,Fundwell,SMV,Unknown Candidate,capital provider / fund / acquirer / platform,https://www.fundwell.com,unknown,public_web,Unknown,Unknown,Unknown,unknown,capital provider / fund / acquirer / platform,candidate supports industry mapping outside or adjacent to classic unicorn VC,capital provider / fund / acquirer / platform,62,candidate_evidence,2026-05-28,Promoted from entity_intake_queue by intake verification agent; human review required before paper use.
heartland-dental,Heartland Dental,Patient Capital,Unknown Candidate,national dental support organization,https://www.heartland.com/,active,public_web,Unknown,Unknown,Unknown,unknown,national dental support organization,candidate supports industry mapping outside or adjacent to classic unicorn VC,national dental support organization,62,candidate_evidence,2026-05-28,Promoted from entity_intake_queue by intake verification agent; human review required before paper use.
hummock-capital,Hummock Capital,Patient Capital,Unknown Candidate,family-owned operating holding company,https://www.hummockcapital.com/,active,public_web,Unknown,Unknown,Unknown,unknown,family-owned operating holding company,candidate supports industry mapping outside or adjacent to classic unicorn VC,family-owned operating holding company,62,candidate_evidence,2026-05-28,Promoted from entity_intake_queue by intake verification agent; human review required before paper use.
independent-sponsor-model,Independent Sponsor Model,Search/ETA,Unknown Candidate,search fund investor / ETA platform / acquisition community,https://www.accesscappartners.com/the-independent-sponsor-model,unknown,public_web,Unknown,Unknown,Unknown,unknown,search fund investor / ETA platform / acquisition community,candidate supports industry mapping outside or adjacent to classic unicorn VC,search fund investor / ETA platform / acquisition community,62,candidate_evidence,2026-05-28,Promoted from entity_intake_queue by intake verification agent; human review required before paper use.
pacific-dental-services,Pacific Dental Services,Patient Capital,Unknown Candidate,national dental services platform,https://www.pacificdentalservices.com/,active,public_web,Unknown,Unknown,Unknown,unknown,national dental services platform,candidate supports industry mapping outside or adjacent to classic unicorn VC,national dental services platform,62,candidate_evidence,2026-05-28,Promoted from entity_intake_queue by intake verification agent; human review required before paper use.
sell-your-micro-saas,Sell Your Micro SaaS,SMV,Unknown Candidate,holding company,https://www.dcoopholdings.com,unknown,public_web,Unknown,Unknown,Unknown,unknown,holding company,candidate supports industry mapping outside or adjacent to classic unicorn VC,holding company,62,candidate_evidence,2026-05-28,Promoted from entity_intake_queue by intake verification agent; human review required before paper use.
snell-ventures,Snell Ventures,Patient Capital,Unknown Candidate,faith-focused family office,https://www.snellventures.com/,active,public_web,Unknown,Unknown,Unknown,unknown,faith-focused family office,candidate supports industry mapping outside or adjacent to classic unicorn VC,faith-focused family office,62,candidate_evidence,2026-05-28,Promoted from entity_intake_queue by intake verification agent; human review required before paper use.
the-independent-sponsor-model-or-fundless-sponsor-model,The Independent Sponsor Model or Fundless Sponsor Model,Search/ETA,Unknown Candidate,search fund investor / ETA platform / acquisition community,https://www.fundlesssponsorcapital.com/the-independent-sponsor-model,unknown,public_web,Unknown,Unknown,Unknown,unknown,search fund investor / ETA platform / acquisition community,candidate supports industry mapping outside or adjacent to classic unicorn VC,search fund investor / ETA platform / acquisition community,62,candidate_evidence,2026-05-28,Promoted from entity_intake_queue by intake verification agent; human review required before paper use.
