claim_id,entity_id,entity_name,claim_type,claim,source_url,source_type,source_quality,source_tier,evidence_status,last_verified_at,notes
claim-quiet-light-001,quiet-light,Quiet Light,classification,Quiet Light is a candidate online business acquisition advisor.,https://quietlight.com/,official_site,primary,public_web,candidate_evidence,2026-05-22,Use as discovery evidence until source text is reviewed and quoted/paraphrased in the paper.
claim-bizbuysell-001,bizbuysell,BizBuySell,classification,BizBuySell is a candidate SMB acquisition marketplace.,https://www.bizbuysell.com/,official_site,primary,public_web,candidate_evidence,2026-05-22,Use as discovery evidence until source text is reviewed and quoted/paraphrased in the paper.
claim-bizquest-001,bizquest,BizQuest,classification,BizQuest is a candidate SMB acquisition marketplace.,https://www.bizquest.com/,official_site,primary,public_web,candidate_evidence,2026-05-22,Use as discovery evidence until source text is reviewed and quoted/paraphrased in the paper.
claim-purpose-ventures-001,purpose-ventures,Purpose Ventures,classification,Purpose Ventures is a candidate patient-capital venture entity.,https://purpose.ventures/,official_site,primary,public_web,candidate_evidence,2026-05-22,Use as discovery evidence until source text is reviewed and quoted/paraphrased in the paper.
claim-candide-group-001,candide-group,Candide Group,classification,Candide Group is a candidate impact/patient-capital ecosystem entity.,https://candidegroup.com/,official_site,primary,public_web,candidate_evidence,2026-05-22,Use as discovery evidence until source text is reviewed and quoted/paraphrased in the paper.
claim-microconf-001,microconf,MicroConf,classification,MicroConf is a candidate community node for bootstrapped and calm company founders.,https://microconf.com/,official_site,primary,public_web,candidate_evidence,2026-05-22,Use as discovery evidence until source text is reviewed and quoted/paraphrased in the paper.
claim-bigthinkcapital-intake-001,bigthinkcapital,Bigthinkcapital,intake_smv_bucket_signal,Bigthinkcapital has source-backed SMV bucket evidence: source text contains 'bootstrapped'.,https://bigthinkcapital.com/revenue-based-financing-companies,fetched_source_page,unknown,public_web,candidate_evidence,2026-05-24,Auto-promoted intake evidence; not paper-ready. Snippet: They have a strong focus on helping bootstrapped SaaS companies grow without giving up equity.
claim-bigthinkcapital-intake-002,bigthinkcapital,Bigthinkcapital,intake_smv_bucket_signal,Bigthinkcapital has source-backed SMV bucket evidence: source text contains 'b2b saas'.,https://bigthinkcapital.com/revenue-based-financing-companies,fetched_source_page,unknown,public_web,candidate_evidence,2026-05-24,"Auto-promoted intake evidence; not paper-ready. Snippet: Founderpath Specifically designed for B2B SaaS founders, Founderpath provides non-dilutive financing options that operate similarly to revenue-based loans."
claim-bigthinkcapital-intake-003,bigthinkcapital,Bigthinkcapital,intake_smv_bucket_signal,Bigthinkcapital has source-backed SMV bucket evidence: source text contains 'recurring revenue'.,https://bigthinkcapital.com/revenue-based-financing-companies,fetched_source_page,unknown,public_web,candidate_evidence,2026-05-24,"Auto-promoted intake evidence; not paper-ready. Snippet: Some focus exclusively on SaaS companies with recurring revenue, while others cater to e-commerce brands or other online businesses."
claim-bigthinkcapital-intake-004,bigthinkcapital,Bigthinkcapital,intake_smv_bucket_signal,Bigthinkcapital has source-backed SMV bucket evidence: source text contains 'revenue-based'.,https://bigthinkcapital.com/revenue-based-financing-companies,fetched_source_page,unknown,public_web,candidate_evidence,2026-05-24,Auto-promoted intake evidence; not paper-ready. Snippet: Revenue-based financing provides the perfect solution.
claim-bigthinkcapital-intake-005,bigthinkcapital,Bigthinkcapital,intake_smv_bucket_signal,Bigthinkcapital has source-backed SMV bucket evidence: source text contains 'non-dilutive'.,https://bigthinkcapital.com/revenue-based-financing-companies,fetched_source_page,unknown,public_web,candidate_evidence,2026-05-24,"Auto-promoted intake evidence; not paper-ready. Snippet: It’s a non-dilutive funding option, meaning you get the cash you need to scale without selling any shares or giving up a board seat."
claim-gtm-venture-studio-intake-001,gtm-venture-studio,GTM Venture Studio,intake_portfolio-capital_bucket_signal,GTM Venture Studio has source-backed Portfolio Capital bucket evidence: source text contains 'venture studio'.,https://www.gtmventurestudio.io,fetched_source_page,unknown,public_web,candidate_evidence,2026-05-28,Auto-promoted intake evidence; not paper-ready. Snippet: next step: our process “We’re extremely happy with the value GTM Venture Studio has brought to scale our business.
claim-gtm-venture-studio-intake-002,gtm-venture-studio,GTM Venture Studio,intake_portfolio-capital_bucket_signal,GTM Venture Studio has source-backed Portfolio Capital bucket evidence: source text contains 'company creation'.,https://www.gtmventurestudio.io,fetched_source_page,unknown,public_web,candidate_evidence,2026-05-28,Auto-promoted intake evidence; not paper-ready. Snippet: GTM Venture Studio - Full Stack SaaS Company Creation GTM Venture Studio - Full Stack SaaS Company Creation gtm venture studio Hire Us Intro Home Home v.1 Home v.2 Home v.3 Home v.
claim-what-is-a-venture-studio-the-venture-studio-model-explained-intake-001,what-is-a-venture-studio-the-venture-studio-model-explained,What Is a Venture Studio? The Venture Studio Model Explained,intake_portfolio-capital_bucket_signal,What Is a Venture Studio? The Venture Studio Model Explained has source-backed Portfolio Capital bucket evidence: source text contains 'venture studio'.,https://futuresight.ventures/what-is-a-venture-studio,fetched_source_page,unknown,public_web,candidate_evidence,2026-05-28,Auto-promoted intake evidence; not paper-ready. Snippet: The Venture Studio Model Explained What Is a Venture Studio?
claim-what-is-a-venture-studio-the-venture-studio-model-explained-intake-002,what-is-a-venture-studio-the-venture-studio-model-explained,What Is a Venture Studio? The Venture Studio Model Explained,intake_portfolio-capital_bucket_signal,What Is a Venture Studio? The Venture Studio Model Explained has source-backed Portfolio Capital bucket evidence: source text contains 'startup studio'.,https://futuresight.ventures/what-is-a-venture-studio,fetched_source_page,unknown,public_web,candidate_evidence,2026-05-28,Auto-promoted intake evidence; not paper-ready. Snippet: Venture Studio – A Simple Definition A venture studio (also known as a startup studio or company builder ) is an organization that systematically creates and launches new startups 
claim-what-is-a-venture-studio-the-venture-studio-model-explained-intake-003,what-is-a-venture-studio-the-venture-studio-model-explained,What Is a Venture Studio? The Venture Studio Model Explained,intake_portfolio-capital_bucket_signal,What Is a Venture Studio? The Venture Studio Model Explained has source-backed Portfolio Capital bucket evidence: source text contains 'company creation'.,https://futuresight.ventures/what-is-a-venture-studio,fetched_source_page,unknown,public_web,candidate_evidence,2026-05-28,"Auto-promoted intake evidence; not paper-ready. Snippet: March 3, 2026 Posted by FutureSight 12 Feb February 12, 2026 The venture studio model has gained momentum over the past decade as an alternative way to build startups, one that pri"
claim-what-is-a-venture-studio-the-venture-studio-model-explained-intake-004,what-is-a-venture-studio-the-venture-studio-model-explained,What Is a Venture Studio? The Venture Studio Model Explained,intake_portfolio-capital_bucket_signal,What Is a Venture Studio? The Venture Studio Model Explained has source-backed Portfolio Capital bucket evidence: source text contains 'company formation'.,https://futuresight.ventures/what-is-a-venture-studio,fetched_source_page,unknown,public_web,candidate_evidence,2026-05-28,Auto-promoted intake evidence; not paper-ready. Snippet: perienced operators Built-in support across critical functions For Investors More consistent startup quality Earlier insight into company formation Repeatable venture creation proc
claim-argentumgroup-intake-001,argentumgroup,Argentumgroup,intake_smv_bucket_signal,Argentumgroup has source-backed SMV bucket evidence: source text contains 'growth equity'.,https://argentumgroup.com/portfolio,fetched_source_page,unknown,public_web,candidate_evidence,2026-05-28,"Auto-promoted intake evidence; not paper-ready. Snippet: Fleetworthy was sold to Bestpass, the leading toll management and payment platform for commercial vehicles and a portfolio company of Insight Partners and Susquehanna Growth Equity"
claim-argentumgroup-intake-002,argentumgroup,Argentumgroup,intake_smv_bucket_signal,Argentumgroup has source-backed SMV bucket evidence: source text contains 'acquiring'.,https://argentumgroup.com/portfolio,fetched_source_page,unknown,public_web,candidate_evidence,2026-05-28,"Auto-promoted intake evidence; not paper-ready. Snippet: Argentum Deal Team Daniel Raynor See Related News Location Irvine, CA Industry Sector Software & Technology Enabled Services Investment Status Exited Parallax Capital Partners Para"
claim-startupbootcamp-intake-001,startupbootcamp,Startupbootcamp,intake_sovereign-capital_bucket_signal,Startupbootcamp has source-backed Sovereign Capital bucket evidence: source text contains 'government'.,https://startupbootcamp.org,fetched_source_page,unknown,public_web,candidate_evidence,2026-05-28,"Auto-promoted intake evidence; not paper-ready. Snippet: Southbridge A&I, Salient Advisory, and SCIDaR Start a $7M HealthTech Project in Africa, Supported by Gates Foundation and Run by SBC Afritech July 4, 2022 The pan-African accelerat"
claim-startupbootcamp-intake-002,startupbootcamp,Startupbootcamp,intake_sovereign-capital_bucket_signal,Startupbootcamp has source-backed Sovereign Capital bucket evidence: source text contains 'national'.,https://startupbootcamp.org,fetched_source_page,unknown,public_web,candidate_evidence,2026-05-28,Auto-promoted intake evidence; not paper-ready. Snippet: Startupbootcamp is a global network of industry-focused accelerators.We ensure startups thrive by giving them direct access to an international network of the most relevant partner
claim-startupbootcamp-intake-003,startupbootcamp,Startupbootcamp,intake_sovereign-capital_bucket_signal,Startupbootcamp has source-backed Sovereign Capital bucket evidence: source text contains 'impact investor'.,https://startupbootcamp.org,fetched_source_page,unknown,public_web,candidate_evidence,2026-05-28,"Auto-promoted intake evidence; not paper-ready. Snippet: 100k startups to save the world Startupbootcamp connects visionary founders with conscious global corporations, their corporate leaders, as well as experienced mentors and impact i"
claim-clearlyacquired-intake-001,clearlyacquired,ClearlyAcquired,intake_search-eta_bucket_signal,ClearlyAcquired has source-backed Search/ETA bucket evidence: source text contains 'search fund'.,https://www.clearlyacquired.com/,fetched_source_page,unknown,public_web,candidate_evidence,2026-05-28,"Auto-promoted intake evidence; not paper-ready. Snippet: Invest in Small & Medium businesses: AI Native M&A Advisor & Search Fund Micro Cap Private Equity | Buy-Side Acquisitions Deal Sourcing, Business Brokerage & Acquisition Financing "
claim-clearlyacquired-intake-002,clearlyacquired,ClearlyAcquired,intake_search-eta_bucket_signal,ClearlyAcquired has source-backed Search/ETA bucket evidence: source text contains 'buy a business'.,https://www.clearlyacquired.com/,fetched_source_page,unknown,public_web,candidate_evidence,2026-05-28,Auto-promoted intake evidence; not paper-ready. Snippet: edicated advisor team guides you through the entire process. Powering the Next Generation of Business Owners. Solutions I Want to Buy a Business I Want to Sell a Business Value & A
claim-capshift-intake-001,capshift,CapShift,intake_sovereign-capital_bucket_signal,CapShift has source-backed Sovereign Capital bucket evidence: source text contains 'impact investor'.,https://capshift.com/,fetched_source_page,primary,public_web,candidate_evidence,2026-05-28,"Auto-promoted intake evidence; not paper-ready. Snippet: able, and corporate institutions including: 2,430+ impact opportunities Sourced through partnerships with leading asset managers, impact investors, and nonprofit organizations We’r"
claim-capshift-intake-002,capshift,CapShift,intake_sovereign-capital_bucket_signal,CapShift has source-backed Sovereign Capital bucket evidence: source text contains 'impact capital'.,https://capshift.com/,fetched_source_page,primary,public_web,candidate_evidence,2026-05-28,"Auto-promoted intake evidence; not paper-ready. Snippet: Impact capital in action With a trusted guide and a dose of inspiration, shifting capital into impact investments doesn’t have to be complicated."
claim-alliance-venture-intake-001,alliance-venture,Alliance Venture,intake_smv_bucket_signal,Alliance Venture has source-backed SMV bucket evidence: source text contains 'founder friendly'.,https://alliance.vc/,fetched_source_page,primary,public_web,candidate_evidence,2026-05-28,Auto-promoted intake evidence; not paper-ready. Snippet: 19 January 2023 Blog post: A True Partner for Founders There is a lot of talk these days about VC funds being “founder friendly”.
claim-alliance-venture-intake-002,alliance-venture,Alliance Venture,intake_smv_bucket_signal,Alliance Venture has source-backed SMV bucket evidence: source text contains 'alternative funding'.,https://alliance.vc/,fetched_source_page,primary,public_web,candidate_evidence,2026-05-28,"Auto-promoted intake evidence; not paper-ready. Snippet: 29 March 2022 Ark Kapital raises €165M seed round ArK Kapital has raised €165 million (€150 million in debt funding and €15 million in equity), now providing Stockholm with an entr"
claim-kaszek-ventures-intake-001,kaszek-ventures,Kaszek Ventures,intake_patient-capital_bucket_signal,Kaszek Ventures has source-backed Patient Capital bucket evidence: source text contains 'purpose'.,https://kaszek.com/,fetched_source_page,primary,public_web,candidate_evidence,2026-05-28,"Auto-promoted intake evidence; not paper-ready. Snippet: We look forward to partnering with visionary and inspirational founders, who are honest, determined, and purpose driven."
claim-kaszek-ventures-intake-002,kaszek-ventures,Kaszek Ventures,intake_patient-capital_bucket_signal,Kaszek Ventures has source-backed Patient Capital bucket evidence: source text contains 'purpose driven'.,https://kaszek.com/,fetched_source_page,primary,public_web,candidate_evidence,2026-05-28,"Auto-promoted intake evidence; not paper-ready. Snippet: We look forward to partnering with visionary and inspirational founders, who are honest, determined, and purpose driven."
claim-kaszek-ventures-intake-003,kaszek-ventures,Kaszek Ventures,intake_patient-capital_bucket_signal,Kaszek Ventures has source-backed Patient Capital bucket evidence: source text contains 'impact'.,https://kaszek.com/,fetched_source_page,primary,public_web,candidate_evidence,2026-05-28,Auto-promoted intake evidence; not paper-ready. Snippet: Our core is technology: We are big believers in the fabulous impact that new technologies can have over humankind.
claim-michigan-founders-fund-intake-001,michigan-founders-fund,Michigan Founders Fund,intake_patient-capital_bucket_signal,Michigan Founders Fund has source-backed Patient Capital bucket evidence: source text contains 'mission'.,https://michiganfoundersfund.org/,fetched_source_page,primary,public_web,candidate_evidence,2026-05-28,"Auto-promoted intake evidence; not paper-ready. Snippet: Our Mission To drive the growth of inclusive, successful startups and advance civic leadership in Michigan."
claim-michigan-founders-fund-intake-002,michigan-founders-fund,Michigan Founders Fund,intake_patient-capital_bucket_signal,Michigan Founders Fund has source-backed Patient Capital bucket evidence: source text contains 'impact'.,https://michiganfoundersfund.org/,fetched_source_page,primary,public_web,candidate_evidence,2026-05-28,"Auto-promoted intake evidence; not paper-ready. Snippet: Visit the website Hear from Some of Our Founders Why I joined: Joining Michigan Founders Fund was a strategic move for SAINTE, offering us vital access to a dynamic network of reso"
claim-hoxton-ventures-intake-001,hoxton-ventures,Hoxton Ventures,intake_portfolio-capital_bucket_signal,Hoxton Ventures has source-backed Portfolio Capital bucket evidence: source text contains 'portfolio companies'.,https://hoxtonventures.com/,fetched_source_page,primary,public_web,candidate_evidence,2026-05-28,"Auto-promoted intake evidence; not paper-ready. Snippet: r business. In a time of crisis, Hoxton got everyone to reach into their pockets.” Travis Pittman TourRadar HISTORY IN NUMBERS 90 Portfolio companies in total 3 IPOs in ten years 9"
claim-hoxton-ventures-intake-002,hoxton-ventures,Hoxton Ventures,intake_portfolio-capital_bucket_signal,Hoxton Ventures has source-backed Portfolio Capital bucket evidence: source text contains 'roll up'.,https://hoxtonventures.com/,fetched_source_page,primary,public_web,candidate_evidence,2026-05-28,"Auto-promoted intake evidence; not paper-ready. Snippet: They've been the most patient and helpful investor, always willing to roll up their sleeves to help, and were a trusted partner when times were challenging."
claim-freed-fellowship-intake-001,freed-fellowship,Freed Fellowship,intake_lmv_bucket_signal,Freed Fellowship has source-backed LMV bucket evidence: source text contains 'fellowship'.,https://www.freedfellowship.com/,fetched_source_page,primary,public_web,candidate_evidence,2026-05-28,"Auto-promoted intake evidence; not paper-ready. Snippet: Freed Fellowship Grant - Apply for $2500 Small Business Funding Freed Fellowship Grant - Apply for $2500 Small Business Funding the freed fellowship Apply Today For a $2,500 Small "
claim-freed-fellowship-intake-002,freed-fellowship,Freed Fellowship,intake_lmv_bucket_signal,Freed Fellowship has source-backed LMV bucket evidence: source text contains 'no equity'.,https://www.freedfellowship.com/,fetched_source_page,primary,public_web,candidate_evidence,2026-05-28,Auto-promoted intake evidence; not paper-ready. Snippet: s owner in the US as a Freed Fellow. Each Fellow receives a $500 grant to invest in their existing business. No strings attached. No equity required. Every submission to become a F
claim-freed-fellowship-intake-003,freed-fellowship,Freed Fellowship,intake_lmv_bucket_signal,Freed Fellowship has source-backed LMV bucket evidence: source text contains 'grant program'.,https://www.freedfellowship.com/,fetched_source_page,primary,public_web,candidate_evidence,2026-05-28,Auto-promoted intake evidence; not paper-ready. Snippet: The Freed Fellowship Grant program is a monthly small business grant program designed to support underrepresented and overlooked small business owners.
claim-sky9-capital-intake-001,sky9-capital,Sky9 Capital,intake_patient-capital_bucket_signal,Sky9 Capital has source-backed Patient Capital bucket evidence: source text contains 'long-term'.,https://www.sky9capital.com/,fetched_source_page,primary,public_web,candidate_evidence,2026-05-28,"Auto-promoted intake evidence; not paper-ready. Snippet: Long-Term Partnership We act as true long-term partners, offering hands-on guidance, key hires, strategic connections and scaling support at every stage of growth."
claim-sky9-capital-intake-002,sky9-capital,Sky9 Capital,intake_patient-capital_bucket_signal,Sky9 Capital has source-backed Patient Capital bucket evidence: source text contains 'trust'.,https://www.sky9capital.com/,fetched_source_page,primary,public_web,candidate_evidence,2026-05-28,"Auto-promoted intake evidence; not paper-ready. Snippet: to every engagement, and offer a unique, global perspective.” Seth Forsgren Producer AI “Sky9 is more than an investor—they are a trusted companion on the startup journey, offering"
claim-sky9-capital-intake-003,sky9-capital,Sky9 Capital,intake_patient-capital_bucket_signal,Sky9 Capital has source-backed Patient Capital bucket evidence: source text contains 'generational'.,https://www.sky9capital.com/,fetched_source_page,primary,public_web,candidate_evidence,2026-05-28,Auto-promoted intake evidence; not paper-ready. Snippet: Sky9 Capital Sky9 Capital Home About Us Team Portfolio Public Goods News Contact Us About Us Team Portfolio Public Goods News Contact Us Backing exceptional founders building gener
claim-tiff-investment-management-intake-001,tiff-investment-management,TIFF Investment Management,intake_patient-capital_bucket_signal,TIFF Investment Management has source-backed Patient Capital bucket evidence: source text contains 'long-term'.,https://www.tiff.org/,fetched_source_page,primary,public_web,candidate_evidence,2026-05-28,"Auto-promoted intake evidence; not paper-ready. Snippet: r 35 years, TIFF has specialized in delivering client-centric advice and investment solutions specifically crafted to support the long-term mission and objectives of the organizati"
claim-tiff-investment-management-intake-002,tiff-investment-management,TIFF Investment Management,intake_patient-capital_bucket_signal,TIFF Investment Management has source-backed Patient Capital bucket evidence: source text contains 'steward'.,https://www.tiff.org/,fetched_source_page,primary,public_web,candidate_evidence,2026-05-28,Auto-promoted intake evidence; not paper-ready. Snippet: We empower nonprofits by maximizing their mission impact and financial stewardship.
claim-tiff-investment-management-intake-003,tiff-investment-management,TIFF Investment Management,intake_patient-capital_bucket_signal,TIFF Investment Management has source-backed Patient Capital bucket evidence: source text contains 'stewardship'.,https://www.tiff.org/,fetched_source_page,primary,public_web,candidate_evidence,2026-05-28,Auto-promoted intake evidence; not paper-ready. Snippet: We empower nonprofits by maximizing their mission impact and financial stewardship.
claim-tiff-investment-management-intake-004,tiff-investment-management,TIFF Investment Management,intake_patient-capital_bucket_signal,TIFF Investment Management has source-backed Patient Capital bucket evidence: source text contains 'mission'.,https://www.tiff.org/,fetched_source_page,primary,public_web,candidate_evidence,2026-05-28,"Auto-promoted intake evidence; not paper-ready. Snippet: Empowering Clients with Purpose-Aligned Culture TIFF’s values, goals, and behaviors are deeply connected to our clients' mission and purpose."
claim-tiff-investment-management-intake-005,tiff-investment-management,TIFF Investment Management,intake_patient-capital_bucket_signal,TIFF Investment Management has source-backed Patient Capital bucket evidence: source text contains 'purpose'.,https://www.tiff.org/,fetched_source_page,primary,public_web,candidate_evidence,2026-05-28,"Auto-promoted intake evidence; not paper-ready. Snippet: Empowering Clients with Purpose-Aligned Culture TIFF’s values, goals, and behaviors are deeply connected to our clients' mission and purpose."
claim-tiff-investment-management-intake-006,tiff-investment-management,TIFF Investment Management,intake_patient-capital_bucket_signal,TIFF Investment Management has source-backed Patient Capital bucket evidence: source text contains 'foundation'.,https://www.tiff.org/,fetched_source_page,primary,public_web,candidate_evidence,2026-05-28,"Auto-promoted intake evidence; not paper-ready. Snippet: We specialize in comprehensive Outsourced Chief Investment Officer (OCIO) and alternative investment strategies, including private equity, venture capital, and hedge funds, for end"
claim-tiff-investment-management-intake-007,tiff-investment-management,TIFF Investment Management,intake_patient-capital_bucket_signal,TIFF Investment Management has source-backed Patient Capital bucket evidence: source text contains 'endowment'.,https://www.tiff.org/,fetched_source_page,primary,public_web,candidate_evidence,2026-05-28,"Auto-promoted intake evidence; not paper-ready. Snippet: We specialize in comprehensive Outsourced Chief Investment Officer (OCIO) and alternative investment strategies, including private equity, venture capital, and hedge funds, for end"
claim-tiff-investment-management-intake-008,tiff-investment-management,TIFF Investment Management,intake_patient-capital_bucket_signal,TIFF Investment Management has source-backed Patient Capital bucket evidence: source text contains 'trust'.,https://www.tiff.org/,fetched_source_page,primary,public_web,candidate_evidence,2026-05-28,Auto-promoted intake evidence; not paper-ready. Snippet: ent Manager Inquiry Insights Thought Leadership CIO Commentary TIFF Investment Forum People Upcoming Events & Webinars Contact Us Trusted Advice and Investment Solutions For over 3
claim-tiff-investment-management-intake-009,tiff-investment-management,TIFF Investment Management,intake_patient-capital_bucket_signal,TIFF Investment Management has source-backed Patient Capital bucket evidence: source text contains 'family office'.,https://www.tiff.org/,fetched_source_page,primary,public_web,candidate_evidence,2026-05-28,"Auto-promoted intake evidence; not paper-ready. Snippet: We specialize in comprehensive Outsourced Chief Investment Officer (OCIO) and alternative investment strategies, including private equity, venture capital, and hedge funds, for end"
claim-tiff-investment-management-intake-010,tiff-investment-management,TIFF Investment Management,intake_patient-capital_bucket_signal,TIFF Investment Management has source-backed Patient Capital bucket evidence: source text contains 'impact'.,https://www.tiff.org/,fetched_source_page,primary,public_web,candidate_evidence,2026-05-28,Auto-promoted intake evidence; not paper-ready. Snippet: We empower nonprofits by maximizing their mission impact and financial stewardship.
claim-lowercarbon-capital-intake-001,lowercarbon-capital,Lowercarbon Capital,intake_sovereign-capital_bucket_signal,Lowercarbon Capital has source-backed Sovereign Capital bucket evidence: source text contains 'national'.,https://www.lowercarbon.com/,fetched_source_page,primary,public_web,candidate_evidence,2026-05-28,"Auto-promoted intake evidence; not paper-ready. Snippet: The Lowercarbon team will do whatever it takes to support their portfolio, from the inception of an idea to the national launch of a product."
claim-lowercarbon-capital-intake-002,lowercarbon-capital,Lowercarbon Capital,intake_sovereign-capital_bucket_signal,Lowercarbon Capital has source-backed Sovereign Capital bucket evidence: source text contains 'clean energy'.,https://www.lowercarbon.com/,fetched_source_page,primary,public_web,candidate_evidence,2026-05-28,"Auto-promoted intake evidence; not paper-ready. Snippet: And, it is my great fortune to call them partners as we build Crux to drive hundreds of billions into clean energy and decarbonization."
claim-lowercarbon-capital-intake-003,lowercarbon-capital,Lowercarbon Capital,intake_sovereign-capital_bucket_signal,Lowercarbon Capital has source-backed Sovereign Capital bucket evidence: source text contains 'decarbonization'.,https://www.lowercarbon.com/,fetched_source_page,primary,public_web,candidate_evidence,2026-05-28,"Auto-promoted intake evidence; not paper-ready. Snippet: And, it is my great fortune to call them partners as we build Crux to drive hundreds of billions into clean energy and decarbonization."
claim-lowercarbon-capital-intake-004,lowercarbon-capital,Lowercarbon Capital,intake_sovereign-capital_bucket_signal,Lowercarbon Capital has source-backed Sovereign Capital bucket evidence: source text contains 'carbon removal'.,https://www.lowercarbon.com/,fetched_source_page,primary,public_web,candidate_evidence,2026-05-28,"Auto-promoted intake evidence; not paper-ready. Snippet: Eamon Jubbawy, Founder and CEO of Isometric, Carbon removal referees Click for more founder love Climate on the mind?"
claim-lowercarbon-capital-intake-005,lowercarbon-capital,Lowercarbon Capital,intake_sovereign-capital_bucket_signal,Lowercarbon Capital has source-backed Sovereign Capital bucket evidence: source text contains 'climate tech'.,https://www.lowercarbon.com/,fetched_source_page,primary,public_web,candidate_evidence,2026-05-28,Auto-promoted intake evidence; not paper-ready. Snippet: I would strongly recommend Lowercarbon as a top-choice partner to any climate tech founder and personally love their growing role in our venture as it scales.
claim-brex-capital-intake-001,brex-capital,Brex Capital,intake_sovereign-capital_bucket_signal,Brex Capital has source-backed Sovereign Capital bucket evidence: source text contains 'government'.,https://www.brex.com/product/capital,fetched_source_page,unknown,public_web,candidate_evidence,2026-05-28,Auto-promoted intake evidence; not paper-ready. Snippet: An investment in the Fund is not insured or guaranteed by the FDIC or any other government agency.
claim-brex-capital-intake-002,brex-capital,Brex Capital,intake_sovereign-capital_bucket_signal,Brex Capital has source-backed Sovereign Capital bucket evidence: source text contains 'national'.,https://www.brex.com/product/capital,fetched_source_page,unknown,public_web,candidate_evidence,2026-05-28,"Auto-promoted intake evidence; not paper-ready. Snippet: (all unaffiliated institutions), pursuant to licenses by Mastercard International Inc."
claim-earth-foundry-intake-001,earth-foundry,Earth Foundry,intake_patient-capital_bucket_signal,Earth Foundry has source-backed Patient Capital bucket evidence: source text contains 'long-term'.,https://www.earthfoundry.com/approach,fetched_source_page,unknown,public_web,candidate_evidence,2026-05-28,Auto-promoted intake evidence; not paper-ready. Snippet: Trust and transparency allow us to build resilient long-term partnerships.
claim-earth-foundry-intake-002,earth-foundry,Earth Foundry,intake_patient-capital_bucket_signal,Earth Foundry has source-backed Patient Capital bucket evidence: source text contains 'purpose'.,https://www.earthfoundry.com/approach,fetched_source_page,unknown,public_web,candidate_evidence,2026-05-28,"Auto-promoted intake evidence; not paper-ready. Snippet: Earth Foundry’s unmatched platform is purpose built to capture this transformation with scale, precision, and conviction."
claim-earth-foundry-intake-003,earth-foundry,Earth Foundry,intake_patient-capital_bucket_signal,Earth Foundry has source-backed Patient Capital bucket evidence: source text contains 'trust'.,https://www.earthfoundry.com/approach,fetched_source_page,unknown,public_web,candidate_evidence,2026-05-28,Auto-promoted intake evidence; not paper-ready. Snippet: Trust and transparency allow us to build resilient long-term partnerships.
claim-earth-foundry-intake-004,earth-foundry,Earth Foundry,intake_patient-capital_bucket_signal,Earth Foundry has source-backed Patient Capital bucket evidence: source text contains 'impact'.,https://www.earthfoundry.com/approach,fetched_source_page,unknown,public_web,candidate_evidence,2026-05-28,Auto-promoted intake evidence; not paper-ready. Snippet: DELIVERING MEANINGFUL IMPACT Diverse Leadership: 78% of portfolio with diverse / under-represented leadership 50% of our team are women Catalytic Capital: $1 Billion in follow on c
claim-earth-foundry-intake-005,earth-foundry,Earth Foundry,intake_patient-capital_bucket_signal,Earth Foundry has source-backed Patient Capital bucket evidence: source text contains 'long-term partner'.,https://www.earthfoundry.com/approach,fetched_source_page,unknown,public_web,candidate_evidence,2026-05-28,Auto-promoted intake evidence; not paper-ready. Snippet: Trust and transparency allow us to build resilient long-term partnerships.
claim-soma-fellows-intake-001,soma-fellows,Soma Fellows,intake_patient-capital_bucket_signal,Soma Fellows has source-backed Patient Capital bucket evidence: source text contains 'foundation'.,https://programs.somacap.com/fellows,fetched_source_page,unknown,public_web,candidate_evidence,2026-05-28,"Auto-promoted intake evidence; not paper-ready. Snippet: Led Apollo flight‑software development, coining ""software engineering"" 1960s-1990s Hedy Lamarr Co‑invented spread‑spectrum tech, foundation of Wi‑Fi & Bluetooth 1940s-1950s Robert "
claim-soma-fellows-intake-002,soma-fellows,Soma Fellows,intake_patient-capital_bucket_signal,Soma Fellows has source-backed Patient Capital bucket evidence: source text contains 'generational'.,https://programs.somacap.com/fellows,fetched_source_page,unknown,public_web,candidate_evidence,2026-05-28,"Auto-promoted intake evidence; not paper-ready. Snippet: 3300 BCE Track 1: Up to $2m uncapped for your startup We will give you 24/7 concierge service, office space in SF or NY, customer intros, access to unicorn founder dinners and even"
claim-bessemer-trust-intake-001,bessemer-trust,Bessemer Trust,intake_patient-capital_bucket_signal,Bessemer Trust has source-backed Patient Capital bucket evidence: source text contains 'trust'.,https://www.bessemertrust.com/,fetched_source_page,primary,public_web,candidate_evidence,2026-05-28,Auto-promoted intake evidence; not paper-ready. Snippet: Private Wealth Management & Investment Advisory | Bessemer Trust Private Wealth Management & Investment Advisory | Bessemer Trust Skip to main content Search close menu close Conta
claim-bessemer-trust-intake-002,bessemer-trust,Bessemer Trust,intake_patient-capital_bucket_signal,Bessemer Trust has source-backed Patient Capital bucket evidence: source text contains 'generations'.,https://www.bessemertrust.com/,fetched_source_page,primary,public_web,candidate_evidence,2026-05-28,Auto-promoted intake evidence; not paper-ready. Snippet: essional partners Serving clients together Insights for professional partners Client Login Home Page Enhancing private wealth for generations hide 50 2026 Milken Institute Global C
claim-bessemer-trust-intake-003,bessemer-trust,Bessemer Trust,intake_patient-capital_bucket_signal,Bessemer Trust has source-backed Patient Capital bucket evidence: source text contains 'family office'.,https://www.bessemertrust.com/,fetched_source_page,primary,public_web,candidate_evidence,2026-05-28,Auto-promoted intake evidence; not paper-ready. Snippet: content Search close menu close Contact Us Client login The Bessemer experience Relationships that last Always on your side Deep family office expertise What we do for you Managing
claim-bullpen-capital-intake-001,bullpen-capital,Bullpen Capital,intake_patient-capital_bucket_signal,Bullpen Capital has source-backed Patient Capital bucket evidence: source text contains 'mission'.,https://bullpencap.com/,fetched_source_page,primary,public_web,candidate_evidence,2026-05-28,Auto-promoted intake evidence; not paper-ready. Snippet: Fund I IPSY was founded on a singular mission: to inspire individuals around the world to express their unique beauty.
claim-bullpen-capital-intake-002,bullpen-capital,Bullpen Capital,intake_patient-capital_bucket_signal,Bullpen Capital has source-backed Patient Capital bucket evidence: source text contains 'trust'.,https://bullpencap.com/,fetched_source_page,primary,public_web,candidate_evidence,2026-05-28,Auto-promoted intake evidence; not paper-ready. Snippet: Deal Partner Eric Wiesen Invested in 2021 Website https://www.cruxocm.com/ Model Enterprise Category Apps & Services Fund V Status Fund V Rei do Pitaco is the first trustworthy Bra
claim-bullpen-capital-intake-003,bullpen-capital,Bullpen Capital,intake_patient-capital_bucket_signal,Bullpen Capital has source-backed Patient Capital bucket evidence: source text contains 'impact'.,https://bullpencap.com/,fetched_source_page,primary,public_web,candidate_evidence,2026-05-28,"Auto-promoted intake evidence; not paper-ready. Snippet: The company’s robotic industrial process automation (RIPA)-enabled software helps maximize and optimize flow rates and streamlines startup and shut-down procedures, allowing energy"
claim-dbl-partners-intake-001,dbl-partners,DBL Partners,intake_sovereign-capital_bucket_signal,DBL Partners has source-backed Sovereign Capital bucket evidence: source text contains 'carbon removal'.,https://www.dblpartners.vc/,fetched_source_page,primary,public_web,candidate_evidence,2026-05-28,"Auto-promoted intake evidence; not paper-ready. Snippet: Chestnut Carbon Chestnut Carbon develops high-quality, nature-based carbon removal projects in the United States, including both afforestation and improved forest management."
claim-dbl-partners-intake-002,dbl-partners,DBL Partners,intake_sovereign-capital_bucket_signal,DBL Partners has source-backed Sovereign Capital bucket evidence: source text contains 'climate tech'.,https://www.dblpartners.vc/,fetched_source_page,primary,public_web,candidate_evidence,2026-05-28,Auto-promoted intake evidence; not paper-ready. Snippet: Fiber Global Fiber Global is a climate technology company focused on advancing building materials.
claim-dbl-partners-intake-003,dbl-partners,DBL Partners,intake_sovereign-capital_bucket_signal,DBL Partners has source-backed Sovereign Capital bucket evidence: source text contains 'climate technology'.,https://www.dblpartners.vc/,fetched_source_page,primary,public_web,candidate_evidence,2026-05-28,Auto-promoted intake evidence; not paper-ready. Snippet: Fiber Global Fiber Global is a climate technology company focused on advancing building materials.
claim-foundation-capital-intake-001,foundation-capital,Foundation Capital,intake_patient-capital_bucket_signal,Foundation Capital has source-backed Patient Capital bucket evidence: source text contains 'long-term'.,https://foundationcap.com/,fetched_source_page,primary,public_web,candidate_evidence,2026-05-28,"Auto-promoted intake evidence; not paper-ready. Snippet: That kind of long-term commitment is rare.” Lynn Jurich, Founder and CEO, Sunrun Lynn Jurich, Founder and CEO, Sunrun “Nobody thought wafer scale would work."
claim-foundation-capital-intake-002,foundation-capital,Foundation Capital,intake_patient-capital_bucket_signal,Foundation Capital has source-backed Patient Capital bucket evidence: source text contains 'yield'.,https://foundationcap.com/,fetched_source_page,primary,public_web,candidate_evidence,2026-05-28,"Auto-promoted intake evidence; not paper-ready. Snippet: g Startups Across The Stack News CoinDesk Crypto Fintech Funding Company Building YO Labs Raises $10M to Scale Cross-Chain Crypto Yield Optimization Protocol See all ideas Read, wa"
claim-foundation-capital-intake-003,foundation-capital,Foundation Capital,intake_patient-capital_bucket_signal,Foundation Capital has source-backed Patient Capital bucket evidence: source text contains 'foundation'.,https://foundationcap.com/,fetched_source_page,primary,public_web,candidate_evidence,2026-05-28,Auto-promoted intake evidence; not paper-ready. Snippet: Foundation Capital Foundation Capital Congratulations to Cerebras on their IPO!
claim-industry-ventures-intake-001,industry-ventures,Industry Ventures,intake_smv_bucket_signal,Industry Ventures has source-backed SMV bucket evidence: source text contains 'profitable'.,https://www.industryventures.com/,fetched_source_page,primary,public_web,candidate_evidence,2026-05-28,Auto-promoted intake evidence; not paper-ready. Snippet: Tech Buyout Help profitable venture backed software companies exit via Tech Buyout.
claim-industry-ventures-intake-002,industry-ventures,Industry Ventures,intake_smv_bucket_signal,Industry Ventures has source-backed SMV bucket evidence: source text contains 'flexible capital'.,https://www.industryventures.com/,fetched_source_page,primary,public_web,candidate_evidence,2026-05-28,"Auto-promoted intake evidence; not paper-ready. Snippet: Pioneering VC & growth solutions Founded in 2000, Industry Ventures has pioneered flexible capital solutions across the venture life cycle: from seed and early-stage investing to l"
claim-what-is-a-venture-studio-the-venture-studio-model-explained-intake-001,what-is-a-venture-studio-the-venture-studio-model-explained,What Is a Venture Studio? The Venture Studio Model Explained,intake_portfolio-capital_bucket_signal,What Is a Venture Studio? The Venture Studio Model Explained has source-backed Portfolio Capital bucket evidence: source text contains 'venture studio'.,https://futuresight.ventures/what-is-a-venture-studio,fetched_source_page,unknown,public_web,candidate_evidence,2026-05-28,Auto-promoted intake evidence; not paper-ready. Snippet: The Venture Studio Model Explained What Is a Venture Studio?
claim-what-is-a-venture-studio-the-venture-studio-model-explained-intake-002,what-is-a-venture-studio-the-venture-studio-model-explained,What Is a Venture Studio? The Venture Studio Model Explained,intake_portfolio-capital_bucket_signal,What Is a Venture Studio? The Venture Studio Model Explained has source-backed Portfolio Capital bucket evidence: source text contains 'startup studio'.,https://futuresight.ventures/what-is-a-venture-studio,fetched_source_page,unknown,public_web,candidate_evidence,2026-05-28,Auto-promoted intake evidence; not paper-ready. Snippet: Venture Studio – A Simple Definition A venture studio (also known as a startup studio or company builder ) is an organization that systematically creates and launches new startups 
claim-what-is-a-venture-studio-the-venture-studio-model-explained-intake-003,what-is-a-venture-studio-the-venture-studio-model-explained,What Is a Venture Studio? The Venture Studio Model Explained,intake_portfolio-capital_bucket_signal,What Is a Venture Studio? The Venture Studio Model Explained has source-backed Portfolio Capital bucket evidence: source text contains 'company creation'.,https://futuresight.ventures/what-is-a-venture-studio,fetched_source_page,unknown,public_web,candidate_evidence,2026-05-28,"Auto-promoted intake evidence; not paper-ready. Snippet: March 3, 2026 Posted by FutureSight 12 Feb February 12, 2026 The venture studio model has gained momentum over the past decade as an alternative way to build startups, one that pri"
claim-what-is-a-venture-studio-the-venture-studio-model-explained-intake-004,what-is-a-venture-studio-the-venture-studio-model-explained,What Is a Venture Studio? The Venture Studio Model Explained,intake_portfolio-capital_bucket_signal,What Is a Venture Studio? The Venture Studio Model Explained has source-backed Portfolio Capital bucket evidence: source text contains 'company formation'.,https://futuresight.ventures/what-is-a-venture-studio,fetched_source_page,unknown,public_web,candidate_evidence,2026-05-28,Auto-promoted intake evidence; not paper-ready. Snippet: perienced operators Built-in support across critical functions For Investors More consistent startup quality Earlier insight into company formation Repeatable venture creation proc
claim-building-the-world-s-most-powerful-network-for-founders-intake-001,building-the-world-s-most-powerful-network-for-founders,Building the World's Most Powerful Network for Founders,intake_patient-capital_bucket_signal,Building the World's Most Powerful Network for Founders has source-backed Patient Capital bucket evidence: source text contains 'mission'.,https://www.techstars.com,fetched_source_page,unknown,public_web,candidate_evidence,2026-05-28,"Auto-promoted intake evidence; not paper-ready. Snippet: By the end of the program, you're Techstars for life."" Constantine Tsang Co-founder & CTO of Uncanny Join Our Worldwide Network Since 2006, Techstars has been on a mission to help "
claim-building-the-world-s-most-powerful-network-for-founders-intake-002,building-the-world-s-most-powerful-network-for-founders,Building the World's Most Powerful Network for Founders,intake_patient-capital_bucket_signal,Building the World's Most Powerful Network for Founders has source-backed Patient Capital bucket evidence: source text contains 'foundation'.,https://www.techstars.com,fetched_source_page,unknown,public_web,candidate_evidence,2026-05-28,Auto-promoted intake evidence; not paper-ready. Snippet: Invest in the future Find the Latest From Techstars resources education blog newsroom newsletter events faq contact information for startups finding an accelerator finding a mentor
claim-building-the-world-s-most-powerful-network-for-founders-intake-003,building-the-world-s-most-powerful-network-for-founders,Building the World's Most Powerful Network for Founders,intake_patient-capital_bucket_signal,Building the World's Most Powerful Network for Founders has source-backed Patient Capital bucket evidence: source text contains 'impact'.,https://www.techstars.com,fetched_source_page,unknown,public_web,candidate_evidence,2026-05-28,"Auto-promoted intake evidence; not paper-ready. Snippet: By freely sharing their wisdom and guidance, they impact the entire network and create real, lasting relationships."
claim-building-the-world-s-most-powerful-network-for-founders-intake-004,building-the-world-s-most-powerful-network-for-founders,Building the World's Most Powerful Network for Founders,intake_patient-capital_bucket_signal,Building the World's Most Powerful Network for Founders has source-backed Patient Capital bucket evidence: source text contains 'as invested in'.,https://www.techstars.com,fetched_source_page,unknown,public_web,candidate_evidence,2026-05-28,"Auto-promoted intake evidence; not paper-ready. Snippet: hip-driven accelerator program, a capital investment, and access to the global Techstars network. Startups Accelerated Techstars has invested in companies from just about every tec"
claim-maven-ventures-intake-001,maven-ventures,Maven Ventures,intake_patient-capital_bucket_signal,Maven Ventures has source-backed Patient Capital bucket evidence: source text contains 'mission'.,https://www.mavenventures.com/,fetched_source_page,primary,public_web,candidate_evidence,2026-05-28,Auto-promoted intake evidence; not paper-ready. Snippet: LEARN MORE Backed by Maven since 2024 xAI is an AI company with the mission of advancing scientific discovery and gaining a deeper understanding of our universe.
claim-maven-ventures-intake-002,maven-ventures,Maven Ventures,intake_patient-capital_bucket_signal,Maven Ventures has source-backed Patient Capital bucket evidence: source text contains 'trust'.,https://www.mavenventures.com/,fetched_source_page,primary,public_web,candidate_evidence,2026-05-28,"Auto-promoted intake evidence; not paper-ready. Snippet: der & CEO, Hello Heart LEARN MORE Backed by Maven since 2014 ACQ in 2016 ""Maven has been one of our strongest supporters and most trusted and helpful advisors. Jim has been a great"
claim-zf-friedrichshafen-intake-001,zf-friedrichshafen,ZF Friedrichshafen,intake_patient-capital_bucket_signal,ZF Friedrichshafen has source-backed Patient Capital bucket evidence: source text contains 'mission'.,https://www.zf.com/,fetched_source_page,primary,public_web,candidate_evidence,2026-05-28,Auto-promoted intake evidence; not paper-ready. Snippet: Homepage ZF Friedrichshafen AG - ZF Homepage ZF Friedrichshafen AG - ZF Decarbonization starts with intelligent technology How ZF drives lower CO 2 emissions Welcome to ZF ZF is a 
claim-zf-friedrichshafen-intake-002,zf-friedrichshafen,ZF Friedrichshafen,intake_patient-capital_bucket_signal,ZF Friedrichshafen has source-backed Patient Capital bucket evidence: source text contains 'purpose'.,https://www.zf.com/,fetched_source_page,primary,public_web,candidate_evidence,2026-05-28,Auto-promoted intake evidence; not paper-ready. Snippet: We always act purposefully and with integrity vis-à-vis our business partners and ourselves.
claim-zf-friedrichshafen-intake-003,zf-friedrichshafen,ZF Friedrichshafen,intake_patient-capital_bucket_signal,ZF Friedrichshafen has source-backed Patient Capital bucket evidence: source text contains 'trust'.,https://www.zf.com/,fetched_source_page,primary,public_web,candidate_evidence,2026-05-28,Auto-promoted intake evidence; not paper-ready. Snippet: ZF Trustline ZF Trustline is ZF Friedrichshafen AG's electronic notification system.
claim-climate-bonds-initiative-intake-001,climate-bonds-initiative,Climate Bonds Initiative,intake_sovereign-capital_bucket_signal,Climate Bonds Initiative has source-backed Sovereign Capital bucket evidence: source text contains 'sovereign'.,https://www.climatebonds.net/,fetched_source_page,primary,public_web,candidate_evidence,2026-05-28,Auto-promoted intake evidence; not paper-ready. Snippet: & Resilience Finance Taxonomies: From Frameworks to Implementation Latest publications 23 April 2026: Rapid Transition to Energy Sovereignty 21 April 2026: Climate Bonds Core Metho
claim-climate-bonds-initiative-intake-002,climate-bonds-initiative,Climate Bonds Initiative,intake_sovereign-capital_bucket_signal,Climate Bonds Initiative has source-backed Sovereign Capital bucket evidence: source text contains 'national'.,https://www.climatebonds.net/,fetched_source_page,primary,public_web,candidate_evidence,2026-05-28,Auto-promoted intake evidence; not paper-ready. Snippet: ECT 2026 Webinar Training Blog Media Podcasts Photos Videos Channelling trillions into climate solutions Climate Bonds is an international organisation working to mobilise global c
claim-climate-bonds-initiative-intake-003,climate-bonds-initiative,Climate Bonds Initiative,intake_sovereign-capital_bucket_signal,Climate Bonds Initiative has source-backed Sovereign Capital bucket evidence: source text contains 'decarbonisation'.,https://www.climatebonds.net/,fetched_source_page,primary,public_web,candidate_evidence,2026-05-28,Auto-promoted intake evidence; not paper-ready. Snippet: imate Bonds Upcoming events 19 June 2026: Mobilising credible finance for alternative proteins: methane abatement and food system decarbonisation 23 June 2026: Global: Climate Bond
claim-pritzker-innovation-fund-intake-001,pritzker-innovation-fund,Pritzker Innovation Fund,intake_patient-capital_bucket_signal,Pritzker Innovation Fund has source-backed Patient Capital bucket evidence: source text contains 'long-term'.,https://www.pritzkerinnovationfund.org/,fetched_source_page,primary,public_web,candidate_evidence,2026-05-28,"Auto-promoted intake evidence; not paper-ready. Snippet: An experienced strategist and passionate believer in long-term solutions that drive social change, Mike leads much of Third Plateau’s philanthropic advisory and development strateg"
claim-pritzker-innovation-fund-intake-002,pritzker-innovation-fund,Pritzker Innovation Fund,intake_patient-capital_bucket_signal,Pritzker Innovation Fund has source-backed Patient Capital bucket evidence: source text contains 'mission'.,https://www.pritzkerinnovationfund.org/,fetched_source_page,primary,public_web,candidate_evidence,2026-05-28,Auto-promoted intake evidence; not paper-ready. Snippet: Pritzker Innovation Fund Pritzker Innovation Fund Mission What We Believe Our Focus Areas Our Partners Who We Are Resources Landing Mission What We Believe Our Focus Areas Our Part
claim-pritzker-innovation-fund-intake-003,pritzker-innovation-fund,Pritzker Innovation Fund,intake_patient-capital_bucket_signal,Pritzker Innovation Fund has source-backed Patient Capital bucket evidence: source text contains 'foundation'.,https://www.pritzkerinnovationfund.org/,fetched_source_page,primary,public_web,candidate_evidence,2026-05-28,"Auto-promoted intake evidence; not paper-ready. Snippet: He is a 21/64-certified philanthropy consultant and has counseled numerous individual donors, family foundations, and institutional foundations on their philanthropic giving."
claim-pritzker-innovation-fund-intake-004,pritzker-innovation-fund,Pritzker Innovation Fund,intake_patient-capital_bucket_signal,Pritzker Innovation Fund has source-backed Patient Capital bucket evidence: source text contains 'philanthropic'.,https://www.pritzkerinnovationfund.org/,fetched_source_page,primary,public_web,candidate_evidence,2026-05-28,"Auto-promoted intake evidence; not paper-ready. Snippet: But we have much to learn about social change from the successes of the past and we remain conditionally optimistic that human ingenuity, forward-looking policies, and bold philant"
claim-pritzker-innovation-fund-intake-005,pritzker-innovation-fund,Pritzker Innovation Fund,intake_patient-capital_bucket_signal,Pritzker Innovation Fund has source-backed Patient Capital bucket evidence: source text contains 'philanthropy'.,https://www.pritzkerinnovationfund.org/,fetched_source_page,primary,public_web,candidate_evidence,2026-05-28,Auto-promoted intake evidence; not paper-ready. Snippet: Many of the big issues philanthropy aims to address today – from climate change to poverty to the future of liberal democracy – are classic wicked problems.
claim-pritzker-innovation-fund-intake-006,pritzker-innovation-fund,Pritzker Innovation Fund,intake_patient-capital_bucket_signal,Pritzker Innovation Fund has source-backed Patient Capital bucket evidence: source text contains 'impact'.,https://www.pritzkerinnovationfund.org/,fetched_source_page,primary,public_web,candidate_evidence,2026-05-28,"Auto-promoted intake evidence; not paper-ready. Snippet: Mike is Co-Founder & Principal at Third Plateau Social Impact Strategies , an integrated social impact strategy firm that partners with people and organizations that have game-chan"
claim-pritzker-innovation-fund-intake-007,pritzker-innovation-fund,Pritzker Innovation Fund,intake_patient-capital_bucket_signal,Pritzker Innovation Fund has source-backed Patient Capital bucket evidence: source text contains 'social impact'.,https://www.pritzkerinnovationfund.org/,fetched_source_page,primary,public_web,candidate_evidence,2026-05-28,"Auto-promoted intake evidence; not paper-ready. Snippet: Mike is Co-Founder & Principal at Third Plateau Social Impact Strategies , an integrated social impact strategy firm that partners with people and organizations that have game-chan"
claim-stage-2-capital-intake-001,stage-2-capital,Stage 2 Capital,intake_smv_bucket_signal,Stage 2 Capital has source-backed SMV bucket evidence: source text contains 'b2b software'.,https://www.stage2.capital/,fetched_source_page,primary,public_web,candidate_evidence,2026-05-28,"Auto-promoted intake evidence; not paper-ready. Snippet: n and Productivity Finance and Legal Ops Nick Mehta Ashley Kramer Revenue Leader, OpenAI Ryan Longfield President, PolyAI We help B2B software companies scale Our LP base of season"
claim-stage-2-capital-intake-002,stage-2-capital,Stage 2 Capital,intake_smv_bucket_signal,Stage 2 Capital has source-backed SMV bucket evidence: source text contains 'vertical software'.,https://www.stage2.capital/,fetched_source_page,primary,public_web,candidate_evidence,2026-05-28,"Auto-promoted intake evidence; not paper-ready. Snippet: eek Capital AI Lab Menu The first VC firm run & backed by 1,000+ go-to-market leaders Learn More Investing in spaces like Fintech Vertical Software Human Resources Artificial Intel"
claim-wk-kellogg-foundation-intake-001,wk-kellogg-foundation,WK Kellogg Foundation,intake_patient-capital_bucket_signal,WK Kellogg Foundation has source-backed Patient Capital bucket evidence: source text contains 'steward'.,https://www.wkkf.org/,fetched_source_page,primary,public_web,candidate_evidence,2026-05-28,Auto-promoted intake evidence; not paper-ready. Snippet: ENG ENGLISH ESPAñOL KREYòL AYISYEN Menu Close Our Focus Areas What We Fund Where We Work Signature Efforts Grants & Opportunities Awarded Grants Grantseekers Grantees Investments M
claim-wk-kellogg-foundation-intake-002,wk-kellogg-foundation,WK Kellogg Foundation,intake_patient-capital_bucket_signal,WK Kellogg Foundation has source-backed Patient Capital bucket evidence: source text contains 'stewardship'.,https://www.wkkf.org/,fetched_source_page,primary,public_web,candidate_evidence,2026-05-28,Auto-promoted intake evidence; not paper-ready. Snippet: ENG ENGLISH ESPAñOL KREYòL AYISYEN Menu Close Our Focus Areas What We Fund Where We Work Signature Efforts Grants & Opportunities Awarded Grants Grantseekers Grantees Investments M
claim-wk-kellogg-foundation-intake-003,wk-kellogg-foundation,WK Kellogg Foundation,intake_patient-capital_bucket_signal,WK Kellogg Foundation has source-backed Patient Capital bucket evidence: source text contains 'mission'.,https://www.wkkf.org/,fetched_source_page,primary,public_web,candidate_evidence,2026-05-28,Auto-promoted intake evidence; not paper-ready. Snippet: ENG ENGLISH ESPAñOL KREYòL AYISYEN Menu Close Our Focus Areas What We Fund Where We Work Signature Efforts Grants & Opportunities Awarded Grants Grantseekers Grantees Investments M
claim-wk-kellogg-foundation-intake-004,wk-kellogg-foundation,WK Kellogg Foundation,intake_patient-capital_bucket_signal,WK Kellogg Foundation has source-backed Patient Capital bucket evidence: source text contains 'mission driven'.,https://www.wkkf.org/,fetched_source_page,primary,public_web,candidate_evidence,2026-05-28,Auto-promoted intake evidence; not paper-ready. Snippet: ENG ENGLISH ESPAñOL KREYòL AYISYEN Menu Close Our Focus Areas What We Fund Where We Work Signature Efforts Grants & Opportunities Awarded Grants Grantseekers Grantees Investments M
claim-wk-kellogg-foundation-intake-005,wk-kellogg-foundation,WK Kellogg Foundation,intake_patient-capital_bucket_signal,WK Kellogg Foundation has source-backed Patient Capital bucket evidence: source text contains 'foundation'.,https://www.wkkf.org/,fetched_source_page,primary,public_web,candidate_evidence,2026-05-28,Auto-promoted intake evidence; not paper-ready. Snippet: Kellogg Foundation Search for: See All Results No results found An error occurred while fetching search results.
claim-wk-kellogg-foundation-intake-006,wk-kellogg-foundation,WK Kellogg Foundation,intake_patient-capital_bucket_signal,WK Kellogg Foundation has source-backed Patient Capital bucket evidence: source text contains 'generations'.,https://www.wkkf.org/,fetched_source_page,primary,public_web,candidate_evidence,2026-05-28,Auto-promoted intake evidence; not paper-ready. Snippet: See the world through the eyes of a child and experience what our vision of a healthy and equitable world looks like for future generations.
claim-cleo-capital-intake-001,cleo-capital,Cleo Capital,intake_patient-capital_bucket_signal,Cleo Capital has source-backed Patient Capital bucket evidence: source text contains 'foundation'.,https://www.cleocap.com/,fetched_source_page,primary,public_web,candidate_evidence,2026-05-29,Auto-promoted intake evidence; not paper-ready. Snippet: She has served as a senior advisor at Bumble where she focused on their corporate VC arm Bumble Fund and on the board of the Michigan State University Foundation endowment.
claim-cleo-capital-intake-002,cleo-capital,Cleo Capital,intake_patient-capital_bucket_signal,Cleo Capital has source-backed Patient Capital bucket evidence: source text contains 'endowment'.,https://www.cleocap.com/,fetched_source_page,primary,public_web,candidate_evidence,2026-05-29,Auto-promoted intake evidence; not paper-ready. Snippet: She has served as a senior advisor at Bumble where she focused on their corporate VC arm Bumble Fund and on the board of the Michigan State University Foundation endowment.
claim-common-trust-intake-001,common-trust,Common Trust,intake_patient-capital_bucket_signal,Common Trust has source-backed Patient Capital bucket evidence: source text contains 'long-term'.,https://www.common-trust.com/,fetched_source_page,primary,public_web,candidate_evidence,2026-05-29,"Auto-promoted intake evidence; not paper-ready. Snippet: Employee-owned companies see higher engagement and long-term resilience, and an Employee Ownership Trust (EOT) provides a practical, flexible structure that protects the business w"
claim-common-trust-intake-002,common-trust,Common Trust,intake_patient-capital_bucket_signal,Common Trust has source-backed Patient Capital bucket evidence: source text contains 'purpose'.,https://www.common-trust.com/,fetched_source_page,primary,public_web,candidate_evidence,2026-05-29,"Auto-promoted intake evidence; not paper-ready. Snippet: Read Cypress Valley's case study → "" Our experience with Common Trust started with purpose — with the why behind what we were really trying to do ."
claim-common-trust-intake-003,common-trust,Common Trust,intake_patient-capital_bucket_signal,Common Trust has source-backed Patient Capital bucket evidence: source text contains 'long-term ownership'.,https://www.common-trust.com/,fetched_source_page,primary,public_web,candidate_evidence,2026-05-29,"Auto-promoted intake evidence; not paper-ready. Snippet: At Common Trust, we guide owners through their employee ownership options objectively — and when an EOT or MBO makes sense, we support the transition from early planning through lo"
claim-common-trust-intake-004,common-trust,Common Trust,intake_patient-capital_bucket_signal,Common Trust has source-backed Patient Capital bucket evidence: source text contains 'trust'.,https://www.common-trust.com/,fetched_source_page,primary,public_web,candidate_evidence,2026-05-29,Auto-promoted intake evidence; not paper-ready. Snippet: Employee Ownership Trusts (EOTs): Explore Employee Ownership • Common Trust Employee Ownership Trusts (EOTs): Explore Employee Ownership • Common Trust EOT Playbook Resources Case 
claim-creative-dock-intake-001,creative-dock,Creative Dock,intake_portfolio-capital_bucket_signal,Creative Dock has source-backed Portfolio Capital bucket evidence: source text contains 'venture studio'.,https://www.creativedock.com,fetched_source_page,primary,public_web,candidate_evidence,2026-05-29,"Auto-promoted intake evidence; not paper-ready. Snippet: Read more Corporate Venture Studio: Unlocking Innovation for Corporates Corporates often face hurdles such as legal compliance, IP management, and financial structuring when making"
claim-creative-dock-intake-002,creative-dock,Creative Dock,intake_portfolio-capital_bucket_signal,Creative Dock has source-backed Portfolio Capital bucket evidence: source text contains 'venture builder'.,https://www.creativedock.com,fetched_source_page,primary,public_web,candidate_evidence,2026-05-29,"Auto-promoted intake evidence; not paper-ready. Snippet: Read more Creative Dock Is Scaling Its Venture Building Impact Across North America Creative Dock is a corporate venture builder that works with large organisations to design, laun"
claim-four-acres-capital-intake-001,four-acres-capital,Four Acres Capital,intake_patient-capital_bucket_signal,Four Acres Capital has source-backed Patient Capital bucket evidence: source text contains 'long-term'.,https://www.fouracres.vc/,fetched_source_page,primary,public_web,candidate_evidence,2026-05-29,Auto-promoted intake evidence; not paper-ready. Snippet: We believe in long-term relationships and continue to support our founders as their businesses grow.
claim-four-acres-capital-intake-002,four-acres-capital,Four Acres Capital,intake_patient-capital_bucket_signal,Four Acres Capital has source-backed Patient Capital bucket evidence: source text contains 'trust'.,https://www.fouracres.vc/,fetched_source_page,primary,public_web,candidate_evidence,2026-05-29,Auto-promoted intake evidence; not paper-ready. Snippet: They know that they can count on us as a trusted partner.
claim-halcyon-intake-001,halcyon,Halcyon,intake_patient-capital_bucket_signal,Halcyon has source-backed Patient Capital bucket evidence: source text contains 'yield'.,https://halcyonaccelerator.org/,fetched_source_page,primary,public_web,candidate_evidence,2026-05-29,Auto-promoted intake evidence; not paper-ready. Snippet: Sylvarum Sylvarum intercepts electrostimulation tech with AI to control the metabolism of plants in order to improve crop yields.
claim-halcyon-intake-002,halcyon,Halcyon,intake_patient-capital_bucket_signal,Halcyon has source-backed Patient Capital bucket evidence: source text contains 'mission'.,https://halcyonaccelerator.org/,fetched_source_page,primary,public_web,candidate_evidence,2026-05-29,Auto-promoted intake evidence; not paper-ready. Snippet: Aymara The core mission of Aymara revolves around ensuring the safety of artificial intelligence for the benefit of humanity.
claim-halcyon-intake-003,halcyon,Halcyon,intake_patient-capital_bucket_signal,Halcyon has source-backed Patient Capital bucket evidence: source text contains 'impact'.,https://halcyonaccelerator.org/,fetched_source_page,primary,public_web,candidate_evidence,2026-05-29,Auto-promoted intake evidence; not paper-ready. Snippet: Home | Halcyon Home | Halcyon Autotranslated: Donate Apply About About Us Impact Team Board Founders Applicants Alumni Database Programs Current & Past Programs Expert Network News
claim-halcyon-intake-004,halcyon,Halcyon,intake_patient-capital_bucket_signal,Halcyon has source-backed Patient Capital bucket evidence: source text contains 'impact-driven'.,https://halcyonaccelerator.org/,fetched_source_page,primary,public_web,candidate_evidence,2026-05-29,Auto-promoted intake evidence; not paper-ready. Snippet: Halcyon accelerates the impact-driven future of business.
claim-founder-programs-intake-001,founder-programs,Founder Programs,intake_patient-capital_bucket_signal,Founder Programs has source-backed Patient Capital bucket evidence: source text contains 'mission'.,https://500.co/founders,fetched_source_page,unknown,public_web,candidate_evidence,2026-05-29,Auto-promoted intake evidence; not paper-ready. Snippet: → Various Sustainable Innovation Program The Sustainable Innovation Program supports mission-driven founders as they scale ventures that deliver both market returns and measurable 
claim-founder-programs-intake-002,founder-programs,Founder Programs,intake_patient-capital_bucket_signal,Founder Programs has source-backed Patient Capital bucket evidence: source text contains 'mission-driven'.,https://500.co/founders,fetched_source_page,unknown,public_web,candidate_evidence,2026-05-29,Auto-promoted intake evidence; not paper-ready. Snippet: → Various Sustainable Innovation Program The Sustainable Innovation Program supports mission-driven founders as they scale ventures that deliver both market returns and measurable 
claim-founder-programs-intake-003,founder-programs,Founder Programs,intake_patient-capital_bucket_signal,Founder Programs has source-backed Patient Capital bucket evidence: source text contains 'purpose'.,https://500.co/founders,fetched_source_page,unknown,public_web,candidate_evidence,2026-05-29,"Auto-promoted intake evidence; not paper-ready. Snippet: ALL SUCH PROGRAMS AND SERVICES ARE PROVIDED FOR EDUCATIONAL AND INFORMATIONAL PURPOSES ONLY AND UNDER NO CIRCUMSTANCES SHOULD ANY CONTENT PROVIDED AS PART OF ANY SUCH PROGRAMS, SER"
claim-founder-programs-intake-004,founder-programs,Founder Programs,intake_patient-capital_bucket_signal,Founder Programs has source-backed Patient Capital bucket evidence: source text contains 'foundation'.,https://500.co/founders,fetched_source_page,unknown,public_web,candidate_evidence,2026-05-29,Auto-promoted intake evidence; not paper-ready. Snippet: → MENA Sanabil Startup Unlocked by 500 Global An immersive 5-day bootcamp designed to help individuals gain foundational knowledge and tools to take their idea to the next level!
claim-founder-programs-intake-005,founder-programs,Founder Programs,intake_patient-capital_bucket_signal,Founder Programs has source-backed Patient Capital bucket evidence: source text contains 'impact'.,https://500.co/founders,fetched_source_page,unknown,public_web,candidate_evidence,2026-05-29,Auto-promoted intake evidence; not paper-ready. Snippet: → Various Sustainable Innovation Program The Sustainable Innovation Program supports mission-driven founders as they scale ventures that deliver both market returns and measurable 
claim-founder-programs-intake-006,founder-programs,Founder Programs,intake_patient-capital_bucket_signal,Founder Programs has source-backed Patient Capital bucket evidence: source text contains 'founder-first'.,https://500.co/founders,fetched_source_page,unknown,public_web,candidate_evidence,2026-05-29,"Auto-promoted intake evidence; not paper-ready. Snippet: Founder-first programming Our programs are built to support you and where you need help – from validating ideas, customer discovery and growth, accelerating product-market fit and "
claim-alps-capital-intake-001,alps-capital,ALPS Capital,intake_patient-capital_bucket_signal,ALPS Capital has source-backed Patient Capital bucket evidence: source text contains 'long-term'.,https://alpshk.com,fetched_source_page,unknown,public_web,candidate_evidence,2026-05-29,Auto-promoted intake evidence; not paper-ready. Snippet: ALPS Capital ALPS Capital MENU Contact About Us Company Our Team About Us Company Our Team Contact ESTABLISHED 2003 ABOUT About Us We are a long-established multi-family office tha
claim-alps-capital-intake-002,alps-capital,ALPS Capital,intake_patient-capital_bucket_signal,ALPS Capital has source-backed Patient Capital bucket evidence: source text contains 'mission'.,https://alpshk.com,fetched_source_page,unknown,public_web,candidate_evidence,2026-05-29,"Auto-promoted intake evidence; not paper-ready. Snippet: To help clients preserve and grow their wealth across generations, we offer: • Discretionary Investment Management • An Open Architecture Platform • A Transparent Fee Structure • A"
claim-alps-capital-intake-003,alps-capital,ALPS Capital,intake_patient-capital_bucket_signal,ALPS Capital has source-backed Patient Capital bucket evidence: source text contains 'foundation'.,https://alpshk.com,fetched_source_page,unknown,public_web,candidate_evidence,2026-05-29,Auto-promoted intake evidence; not paper-ready. Snippet: ALPS Capital ALPS Capital MENU Contact About Us Company Our Team About Us Company Our Team Contact ESTABLISHED 2003 ABOUT About Us We are a long-established multi-family office tha
claim-alps-capital-intake-004,alps-capital,ALPS Capital,intake_patient-capital_bucket_signal,ALPS Capital has source-backed Patient Capital bucket evidence: source text contains 'generations'.,https://alpshk.com,fetched_source_page,unknown,public_web,candidate_evidence,2026-05-29,"Auto-promoted intake evidence; not paper-ready. Snippet: To help clients preserve and grow their wealth across generations, we offer: • Discretionary Investment Management • An Open Architecture Platform • A Transparent Fee Structure • A"
claim-alps-capital-intake-005,alps-capital,ALPS Capital,intake_patient-capital_bucket_signal,ALPS Capital has source-backed Patient Capital bucket evidence: source text contains 'family office'.,https://alpshk.com,fetched_source_page,unknown,public_web,candidate_evidence,2026-05-29,Auto-promoted intake evidence; not paper-ready. Snippet: ALPS Capital ALPS Capital MENU Contact About Us Company Our Team About Us Company Our Team Contact ESTABLISHED 2003 ABOUT About Us We are a long-established multi-family office tha
claim-alps-capital-intake-006,alps-capital,ALPS Capital,intake_patient-capital_bucket_signal,ALPS Capital has source-backed Patient Capital bucket evidence: source text contains 'family business'.,https://alpshk.com,fetched_source_page,unknown,public_web,candidate_evidence,2026-05-29,"Auto-promoted intake evidence; not paper-ready. Snippet: Audrey also worked for Citibank from the early 1980’s in its corporate bank, country office and for the last 7 years, building up Asian Family Business, North Asia, for its Private"
claim-emergent-ventures-intake-001,emergent-ventures,Emergent Ventures,intake_lmv_bucket_signal,Emergent Ventures has source-backed LMV bucket evidence: source text contains 'fellowship'.,https://www.mercatus.org/emergent-ventures,fetched_source_page,unknown,public_web,candidate_evidence,2026-05-29,"Auto-promoted intake evidence; not paper-ready. Snippet: Apply Now Launched in 2018, Emergent Ventures is a low-overhead fellowship and grant program that supports entrepreneurs and brilliant minds with highly scalable, ""zero to one"" ide"
claim-emergent-ventures-intake-002,emergent-ventures,Emergent Ventures,intake_lmv_bucket_signal,Emergent Ventures has source-backed LMV bucket evidence: source text contains 'grant program'.,https://www.mercatus.org/emergent-ventures,fetched_source_page,unknown,public_web,candidate_evidence,2026-05-29,"Auto-promoted intake evidence; not paper-ready. Snippet: Apply Now Launched in 2018, Emergent Ventures is a low-overhead fellowship and grant program that supports entrepreneurs and brilliant minds with highly scalable, ""zero to one"" ide"
claim-evergreen-funds-intake-001,evergreen-funds,Evergreen Funds,intake_patient-capital_bucket_signal,Evergreen Funds has source-backed Patient Capital bucket evidence: source text contains 'long-term'.,https://linnovatepartners.com/evergreen-funds-hold-forever,fetched_source_page,unknown,public_web,candidate_evidence,2026-05-29,Auto-promoted intake evidence; not paper-ready. Snippet: Having a hybrid fund structure that combines evergreen and close-ended structures can provide both liquid and illiquid capability for long-term investors.
claim-evergreen-funds-intake-002,evergreen-funds,Evergreen Funds,intake_patient-capital_bucket_signal,Evergreen Funds has source-backed Patient Capital bucket evidence: source text contains 'long-term capital'.,https://linnovatepartners.com/evergreen-funds-hold-forever,fetched_source_page,unknown,public_web,candidate_evidence,2026-05-29,"Auto-promoted intake evidence; not paper-ready. Snippet: Without an end date, fund managers can truly focus on long-term capital appreciation and asset management for investors."
claim-evergreen-funds-intake-003,evergreen-funds,Evergreen Funds,intake_patient-capital_bucket_signal,Evergreen Funds has source-backed Patient Capital bucket evidence: source text contains 'hold forever'.,https://linnovatepartners.com/evergreen-funds-hold-forever,fetched_source_page,unknown,public_web,candidate_evidence,2026-05-29,Auto-promoted intake evidence; not paper-ready. Snippet: Evergreen Funds: Hold Forever - Linnovate Evergreen Funds: Hold Forever - Linnovate Skip to content Who We Serve Close Who We Serve Open Who We Serve who we Serve We help our clien
claim-evergreen-funds-intake-004,evergreen-funds,Evergreen Funds,intake_patient-capital_bucket_signal,Evergreen Funds has source-backed Patient Capital bucket evidence: source text contains 'evergreen'.,https://linnovatepartners.com/evergreen-funds-hold-forever,fetched_source_page,unknown,public_web,candidate_evidence,2026-05-29,Auto-promoted intake evidence; not paper-ready. Snippet: Evergreen Funds: Hold Forever - Linnovate Evergreen Funds: Hold Forever - Linnovate Skip to content Who We Serve Close Who We Serve Open Who We Serve who we Serve We help our clien
claim-evergreen-funds-intake-005,evergreen-funds,Evergreen Funds,intake_patient-capital_bucket_signal,Evergreen Funds has source-backed Patient Capital bucket evidence: source text contains 'evergreen fund'.,https://linnovatepartners.com/evergreen-funds-hold-forever,fetched_source_page,unknown,public_web,candidate_evidence,2026-05-29,Auto-promoted intake evidence; not paper-ready. Snippet: Evergreen Funds: Hold Forever - Linnovate Evergreen Funds: Hold Forever - Linnovate Skip to content Who We Serve Close Who We Serve Open Who We Serve who we Serve We help our clien
claim-evergreen-funds-intake-006,evergreen-funds,Evergreen Funds,intake_patient-capital_bucket_signal,Evergreen Funds has source-backed Patient Capital bucket evidence: source text contains 'family office'.,https://linnovatepartners.com/evergreen-funds-hold-forever,fetched_source_page,unknown,public_web,candidate_evidence,2026-05-29,Auto-promoted intake evidence; not paper-ready. Snippet: Fund and Asset Managers Private Equity Venture Capital Fund of Funds Real Estate Private Credit Institutional Investors Family Offices Featured Content Newsroom Read our latest cor
claim-exit4smb-intake-001,exit4smb,Exit4Smb,intake_patient-capital_bucket_signal,Exit4Smb has source-backed Patient Capital bucket evidence: source text contains 'trust'.,https://exit4smb.com,fetched_source_page,unknown,public_web,candidate_evidence,2026-05-29,"Auto-promoted intake evidence; not paper-ready. Snippet: Our success is directly tied to your success, so you can trust that we’re fully invested in achieving the best outcome for you."
claim-exit4smb-intake-002,exit4smb,Exit4Smb,intake_patient-capital_bucket_signal,Exit4Smb has source-backed Patient Capital bucket evidence: source text contains 'impact'.,https://exit4smb.com,fetched_source_page,unknown,public_web,candidate_evidence,2026-05-29,"Auto-promoted intake evidence; not paper-ready. Snippet: Factors like industry, buyer interest, and business complexity can impact the timeline, but our proven process is designed for speed and efficiency."
claim-exit4smb-intake-003,exit4smb,Exit4Smb,intake_patient-capital_bucket_signal,Exit4Smb has source-backed Patient Capital bucket evidence: source text contains 'next chapter'.,https://exit4smb.com,fetched_source_page,unknown,public_web,candidate_evidence,2026-05-29,Auto-promoted intake evidence; not paper-ready. Snippet: This means you can move on to your next chapter without unnecessary delays.
claim-funded-intake-001,funded,Funded!,intake_lmv_bucket_signal,Funded! has source-backed LMV bucket evidence: source text contains 'indie'.,https://thebootstrappedfounder.com/funded,fetched_source_page,unknown,public_web,candidate_evidence,2026-05-29,Auto-promoted intake evidence; not paper-ready. Snippet: First things first: am I still an indie hacker?
claim-funded-intake-002,funded,Funded!,intake_lmv_bucket_signal,Funded! has source-backed LMV bucket evidence: source text contains 'indie hacker'.,https://thebootstrappedfounder.com/funded,fetched_source_page,unknown,public_web,candidate_evidence,2026-05-29,Auto-promoted intake evidence; not paper-ready. Snippet: First things first: am I still an indie hacker?
claim-funded-intake-003,funded,Funded!,intake_lmv_bucket_signal,Funded! has source-backed LMV bucket evidence: source text contains 'calm company'.,https://thebootstrappedfounder.com/funded,fetched_source_page,unknown,public_web,candidate_evidence,2026-05-29,Auto-promoted intake evidence; not paper-ready. Snippet: Podscan is now a real company that has been funded by the Calm Company fund — with a 6-figure amount.
claim-funded-intake-004,funded,Funded!,intake_lmv_bucket_signal,Funded! has source-backed LMV bucket evidence: source text contains 'calm fund'.,https://thebootstrappedfounder.com/funded,fetched_source_page,unknown,public_web,candidate_evidence,2026-05-29,"Auto-promoted intake evidence; not paper-ready. Snippet: The SAFE, a Simple Agreement for Future Equity, is just what it says: if there ever is an event that touches or converts equity, the Calm Fund gets their respective ratio of shares"
claim-funded-intake-005,funded,Funded!,intake_lmv_bucket_signal,Funded! has source-backed LMV bucket evidence: source text contains 'self-funded'.,https://thebootstrappedfounder.com/funded,fetched_source_page,unknown,public_web,candidate_evidence,2026-05-29,"Auto-promoted intake evidence; not paper-ready. Snippet: Today, in celebration of this massive milestone, I will dive into why I got funded, why I said yes to it in the first place, the risks, my fears, my hopes, my strategies, and what "
claim-funded-intake-006,funded,Funded!,intake_lmv_bucket_signal,Funded! has source-backed LMV bucket evidence: source text contains 'fund i'.,https://thebootstrappedfounder.com/funded,fetched_source_page,unknown,public_web,candidate_evidence,2026-05-29,Auto-promoted intake evidence; not paper-ready. Snippet: But the Calm Company fund is something entirely different.
claim-investments-intake-001,investments,Investments,intake_sovereign-capital_bucket_signal,Investments has source-backed Sovereign Capital bucket evidence: source text contains 'government'.,https://www.whitehouse.gov/investments,fetched_source_page,unknown,public_web,candidate_evidence,2026-05-29,Auto-promoted intake evidence; not paper-ready. Snippet: te House Wire Media Offenders Priorities Top Priorities Lead the World in AI Grow the Economy Strengthen National Security Reform Government (DOGE) Make America Healthy Again Secur
claim-investments-intake-002,investments,Investments,intake_sovereign-capital_bucket_signal,Investments has source-backed Sovereign Capital bucket evidence: source text contains 'national'.,https://www.whitehouse.gov/investments,fetched_source_page,unknown,public_web,candidate_evidence,2026-05-29,Auto-promoted intake evidence; not paper-ready. Snippet: The President Office of Management and Budget Office of Science and Technology Policy Council of Economic Advisors Office of the National Cyber Director Office of National Drug Con
claim-learn-ai-for-entrepreneurs-intake-001,learn-ai-for-entrepreneurs,Learn AI for Entrepreneurs,intake_lmv_bucket_signal,Learn AI for Entrepreneurs has source-backed LMV bucket evidence: source text contains 'indie'.,https://findskill.ai/learn-ai-for-entrepreneurs,fetched_source_page,unknown,public_web,candidate_evidence,2026-05-29,"Auto-promoted intake evidence; not paper-ready. Snippet: The indie-hacker community has more names (Danny Postma on HeadshotPro, TJR on TweetHunter/Taplio, Charly Wargnier on vibe-coding content) but those are community signal, not audit"
claim-learn-ai-for-entrepreneurs-intake-002,learn-ai-for-entrepreneurs,Learn AI for Entrepreneurs,intake_lmv_bucket_signal,Learn AI for Entrepreneurs has source-backed LMV bucket evidence: source text contains 'indie hacker'.,https://findskill.ai/learn-ai-for-entrepreneurs,fetched_source_page,unknown,public_web,candidate_evidence,2026-05-29,Auto-promoted intake evidence; not paper-ready. Snippet: Indie hackers report spending 20-30% of their week on marketing — AI tools targeting this cut it to 5-10% for the solo operator.
claim-learn-ai-for-entrepreneurs-intake-003,learn-ai-for-entrepreneurs,Learn AI for Entrepreneurs,intake_lmv_bucket_signal,Learn AI for Entrepreneurs has source-backed LMV bucket evidence: source text contains 'solo founder'.,https://findskill.ai/learn-ai-for-entrepreneurs,fetched_source_page,unknown,public_web,candidate_evidence,2026-05-29,"Auto-promoted intake evidence; not paper-ready. Snippet: Sign In Sign Out Home Learn AI for Entrepreneurs: The Solo Founder's 2026 Playbook Learn AI for Entrepreneurs: The Solo Founder's 2026 Playbook April 19, 2026 25 min read By FindSk"
claim-learn-ai-for-entrepreneurs-intake-004,learn-ai-for-entrepreneurs,Learn AI for Entrepreneurs,intake_lmv_bucket_signal,Learn AI for Entrepreneurs has source-backed LMV bucket evidence: source text contains 'one-person'.,https://findskill.ai/learn-ai-for-entrepreneurs,fetched_source_page,unknown,public_web,candidate_evidence,2026-05-29,"Auto-promoted intake evidence; not paper-ready. Snippet: Table of Contents The real picture (2025-2026 data) The one-person unicorn trend — named, documented, not hype What founders are actually using AI for 1."
claim-learn-ai-for-entrepreneurs-intake-005,learn-ai-for-entrepreneurs,Learn AI for Entrepreneurs,intake_lmv_bucket_signal,Learn AI for Entrepreneurs has source-backed LMV bucket evidence: source text contains 'ai-native'.,https://findskill.ai/learn-ai-for-entrepreneurs,fetched_source_page,unknown,public_web,candidate_evidence,2026-05-29,Auto-promoted intake evidence; not paper-ready. Snippet: Operations glue The “AI co-founder” pattern The real barriers — ranked honestly The 2026 solo founder AI stack What the course covers Failure modes — what actually kills AI-native 
claim-purpose-intake-001,purpose,Purpose,intake_patient-capital_bucket_signal,Purpose has source-backed Patient Capital bucket evidence: source text contains 'long-term'.,https://www.purpose-us.com,fetched_source_page,unknown,public_web,candidate_evidence,2026-05-29,"Auto-promoted intake evidence; not paper-ready. Snippet: We’re thrilled that this company will stay independent, private, and focused on long-term success - and that we’ll share that success together.” — Brad Herrmann Founder & CEO at Te"
claim-purpose-intake-002,purpose,Purpose,intake_patient-capital_bucket_signal,Purpose has source-backed Patient Capital bucket evidence: source text contains 'long term'.,https://www.purpose-us.com,fetched_source_page,unknown,public_web,candidate_evidence,2026-05-29,Auto-promoted intake evidence; not paper-ready. Snippet: Transitioning to steward-ownership has provided a legally binding promise that BK will be around in the long term.
claim-purpose-intake-003,purpose,Purpose,intake_patient-capital_bucket_signal,Purpose has source-backed Patient Capital bucket evidence: source text contains 'steward'.,https://www.purpose-us.com,fetched_source_page,unknown,public_web,candidate_evidence,2026-05-29,Auto-promoted intake evidence; not paper-ready. Snippet: Purpose Purpose 0 Skip to Content Writing Contact us Open Menu Close Menu Writing Contact us Open Menu Close Menu Writing Contact us The home of steward-ownership.
claim-purpose-intake-004,purpose,Purpose,intake_patient-capital_bucket_signal,Purpose has source-backed Patient Capital bucket evidence: source text contains 'steward-ownership'.,https://www.purpose-us.com,fetched_source_page,unknown,public_web,candidate_evidence,2026-05-29,Auto-promoted intake evidence; not paper-ready. Snippet: Purpose Purpose 0 Skip to Content Writing Contact us Open Menu Close Menu Writing Contact us Open Menu Close Menu Writing Contact us The home of steward-ownership.
claim-purpose-intake-005,purpose,Purpose,intake_patient-capital_bucket_signal,Purpose has source-backed Patient Capital bucket evidence: source text contains 'perpetual'.,https://www.purpose-us.com,fetched_source_page,unknown,public_web,candidate_evidence,2026-05-29,"Auto-promoted intake evidence; not paper-ready. Snippet: Purpose US supports business and community leaders to adopt steward-ownership, having popularized the use of Perpetual Purpose Trusts for mission protection."
claim-purpose-intake-006,purpose,Purpose,intake_patient-capital_bucket_signal,Purpose has source-backed Patient Capital bucket evidence: source text contains 'perpetual purpose'.,https://www.purpose-us.com,fetched_source_page,unknown,public_web,candidate_evidence,2026-05-29,"Auto-promoted intake evidence; not paper-ready. Snippet: Purpose US supports business and community leaders to adopt steward-ownership, having popularized the use of Perpetual Purpose Trusts for mission protection."
claim-purpose-intake-007,purpose,Purpose,intake_patient-capital_bucket_signal,Purpose has source-backed Patient Capital bucket evidence: source text contains 'mission'.,https://www.purpose-us.com,fetched_source_page,unknown,public_web,candidate_evidence,2026-05-29,"Auto-promoted intake evidence; not paper-ready. Snippet: Purpose US supports business and community leaders to adopt steward-ownership, having popularized the use of Perpetual Purpose Trusts for mission protection."
claim-purpose-intake-008,purpose,Purpose,intake_patient-capital_bucket_signal,Purpose has source-backed Patient Capital bucket evidence: source text contains 'purpose'.,https://www.purpose-us.com,fetched_source_page,unknown,public_web,candidate_evidence,2026-05-29,Auto-promoted intake evidence; not paper-ready. Snippet: Purpose Purpose 0 Skip to Content Writing Contact us Open Menu Close Menu Writing Contact us Open Menu Close Menu Writing Contact us The home of steward-ownership.
claim-purpose-intake-009,purpose,Purpose,intake_patient-capital_bucket_signal,Purpose has source-backed Patient Capital bucket evidence: source text contains 'purpose trust'.,https://www.purpose-us.com,fetched_source_page,unknown,public_web,candidate_evidence,2026-05-29,"Auto-promoted intake evidence; not paper-ready. Snippet: Purpose US supports business and community leaders to adopt steward-ownership, having popularized the use of Perpetual Purpose Trusts for mission protection."
claim-purpose-intake-010,purpose,Purpose,intake_patient-capital_bucket_signal,Purpose has source-backed Patient Capital bucket evidence: source text contains 'foundation'.,https://www.purpose-us.com,fetched_source_page,unknown,public_web,candidate_evidence,2026-05-29,Auto-promoted intake evidence; not paper-ready. Snippet: Connect PURPOSE FOUNDATION The Purpose Foundation team localize and regionalize steward-ownership in each part of the world.
claim-purpose-intake-011,purpose,Purpose,intake_patient-capital_bucket_signal,Purpose has source-backed Patient Capital bucket evidence: source text contains 'trust'.,https://www.purpose-us.com,fetched_source_page,unknown,public_web,candidate_evidence,2026-05-29,"Auto-promoted intake evidence; not paper-ready. Snippet: Purpose US supports business and community leaders to adopt steward-ownership, having popularized the use of Perpetual Purpose Trusts for mission protection."
claim-purpose-intake-012,purpose,Purpose,intake_patient-capital_bucket_signal,Purpose has source-backed Patient Capital bucket evidence: source text contains 'generations'.,https://www.purpose-us.com,fetched_source_page,unknown,public_web,candidate_evidence,2026-05-29,"Auto-promoted intake evidence; not paper-ready. Snippet: “We hope our multifaceted steward-ownership approach anchored by our new PPT will serve as a beacon to other B Corp, Benefit Corporation, or triple-bottom-line organizations on how"
claim-purpose-intake-013,purpose,Purpose,intake_patient-capital_bucket_signal,Purpose has source-backed Patient Capital bucket evidence: source text contains 'generational'.,https://www.purpose-us.com,fetched_source_page,unknown,public_web,candidate_evidence,2026-05-29,"Auto-promoted intake evidence; not paper-ready. Snippet: Existing shareholders have an opportunity to invest or cash out, and BK will grow as a multi-generational impact media organization, with the security of knowing that purpose will "
claim-purpose-intake-014,purpose,Purpose,intake_patient-capital_bucket_signal,Purpose has source-backed Patient Capital bucket evidence: source text contains 'multi-generational'.,https://www.purpose-us.com,fetched_source_page,unknown,public_web,candidate_evidence,2026-05-29,"Auto-promoted intake evidence; not paper-ready. Snippet: Existing shareholders have an opportunity to invest or cash out, and BK will grow as a multi-generational impact media organization, with the security of knowing that purpose will "
claim-purpose-intake-015,purpose,Purpose,intake_patient-capital_bucket_signal,Purpose has source-backed Patient Capital bucket evidence: source text contains 'impact'.,https://www.purpose-us.com,fetched_source_page,unknown,public_web,candidate_evidence,2026-05-29,Auto-promoted intake evidence; not paper-ready. Snippet: Learn More Impact Purpose US has evolved over time.
claim-purpose-intake-016,purpose,Purpose,intake_patient-capital_bucket_signal,Purpose has source-backed Patient Capital bucket evidence: source text contains 'impact capital'.,https://www.purpose-us.com,fetched_source_page,unknown,public_web,candidate_evidence,2026-05-29,Auto-promoted intake evidence; not paper-ready. Snippet: $50M impact capital mobilized $3M legal research conducted $250M assets into steward-ownership American businesses are using steward-ownership to benefit employees SPOTLIGHT: Clegg
claim-purpose-intake-017,purpose,Purpose,intake_patient-capital_bucket_signal,Purpose has source-backed Patient Capital bucket evidence: source text contains 'b corp'.,https://www.purpose-us.com,fetched_source_page,unknown,public_web,candidate_evidence,2026-05-29,"Auto-promoted intake evidence; not paper-ready. Snippet: “We hope our multifaceted steward-ownership approach anchored by our new PPT will serve as a beacon to other B Corp, Benefit Corporation, or triple-bottom-line organizations on how"
claim-purpose-intake-018,purpose,Purpose,intake_patient-capital_bucket_signal,Purpose has source-backed Patient Capital bucket evidence: source text contains 'benefit corporation'.,https://www.purpose-us.com,fetched_source_page,unknown,public_web,candidate_evidence,2026-05-29,"Auto-promoted intake evidence; not paper-ready. Snippet: “We hope our multifaceted steward-ownership approach anchored by our new PPT will serve as a beacon to other B Corp, Benefit Corporation, or triple-bottom-line organizations on how"
claim-purpose-intake-019,purpose,Purpose,intake_patient-capital_bucket_signal,Purpose has source-backed Patient Capital bucket evidence: source text contains 'long-term success'.,https://www.purpose-us.com,fetched_source_page,unknown,public_web,candidate_evidence,2026-05-29,"Auto-promoted intake evidence; not paper-ready. Snippet: We’re thrilled that this company will stay independent, private, and focused on long-term success - and that we’ll share that success together.” — Brad Herrmann Founder & CEO at Te"
claim-searchfunder-intake-001,searchfunder,SEARCHFUNDER,intake_search-eta_bucket_signal,SEARCHFUNDER has source-backed Search/ETA bucket evidence: source text contains 'search fund'.,https://searchfunder.com,fetched_source_page,unknown,public_web,candidate_evidence,2026-05-29,Auto-promoted intake evidence; not paper-ready. Snippet: Searchfunder Searchfunder Sign in Get access Network with searchers Find investors Research industries Sell your company Welcome to Searchfunder The community dedicated to buying p
claim-searchfunder-intake-002,searchfunder,SEARCHFUNDER,intake_search-eta_bucket_signal,SEARCHFUNDER has source-backed Search/ETA bucket evidence: source text contains 'search funds'.,https://searchfunder.com,fetched_source_page,unknown,public_web,candidate_evidence,2026-05-29,"Auto-promoted intake evidence; not paper-ready. Snippet: them into CEO roles can be credited to Stanford professor H. Irving Grousbeck who funded the first searcher in 1984. Who launches search funds? Once upon a time, searchfunds were a"
claim-saas-valuation-multiples-2026-intake-001,saas-valuation-multiples-2026,SaaS Valuation Multiples 2026,intake_smv_bucket_signal,SaaS Valuation Multiples 2026 has source-backed SMV bucket evidence: source text contains 'bootstrapped'.,https://windsordrake.com/saas-valuation-multiples,fetched_source_page,unknown,public_web,candidate_evidence,2026-05-29,"Auto-promoted intake evidence; not paper-ready. Snippet: In the private lower middle market—the $5M–$50M enterprise value range where most founder-led SaaS transactions occur—multiples trade at a 30–50% discount to public peers, with a m"
claim-saas-valuation-multiples-2026-intake-002,saas-valuation-multiples-2026,SaaS Valuation Multiples 2026,intake_smv_bucket_signal,SaaS Valuation Multiples 2026 has source-backed SMV bucket evidence: source text contains 'founder-led'.,https://windsordrake.com/saas-valuation-multiples,fetched_source_page,unknown,public_web,candidate_evidence,2026-05-29,"Auto-promoted intake evidence; not paper-ready. Snippet: In the private lower middle market—the $5M–$50M enterprise value range where most founder-led SaaS transactions occur—multiples trade at a 30–50% discount to public peers, with a m"
claim-saas-valuation-multiples-2026-intake-003,saas-valuation-multiples-2026,SaaS Valuation Multiples 2026,intake_smv_bucket_signal,SaaS Valuation Multiples 2026 has source-backed SMV bucket evidence: source text contains 'vertical saas'.,https://windsordrake.com/saas-valuation-multiples,fetched_source_page,unknown,public_web,candidate_evidence,2026-05-29,Auto-promoted intake evidence; not paper-ready. Snippet: Vertical Specialization Vertical SaaS commands a 25–30% premium over horizontal SaaS at comparable performance levels.
claim-saas-valuation-multiples-2026-intake-004,saas-valuation-multiples-2026,SaaS Valuation Multiples 2026,intake_smv_bucket_signal,SaaS Valuation Multiples 2026 has source-backed SMV bucket evidence: source text contains 'recurring revenue'.,https://windsordrake.com/saas-valuation-multiples,fetched_source_page,unknown,public_web,candidate_evidence,2026-05-29,"Auto-promoted intake evidence; not paper-ready. Snippet: Revenue multiples are applied to annual recurring revenue (ARR) and reflect growth rate, retention, gross margin, and market position."
claim-saas-valuation-multiples-2026-intake-005,saas-valuation-multiples-2026,SaaS Valuation Multiples 2026,intake_smv_bucket_signal,SaaS Valuation Multiples 2026 has source-backed SMV bucket evidence: source text contains 'saas acquisition'.,https://windsordrake.com/saas-valuation-multiples,fetched_source_page,unknown,public_web,candidate_evidence,2026-05-29,"Auto-promoted intake evidence; not paper-ready. Snippet: As financing costs decline, buyer appetite for SaaS acquisitions—particularly in the $10M–$50M enterprise value range—should increase."
claim-saas-valuation-multiples-2026-intake-006,saas-valuation-multiples-2026,SaaS Valuation Multiples 2026,intake_smv_bucket_signal,SaaS Valuation Multiples 2026 has source-backed SMV bucket evidence: source text contains 'profitable'.,https://windsordrake.com/saas-valuation-multiples,fetched_source_page,unknown,public_web,candidate_evidence,2026-05-29,"Auto-promoted intake evidence; not paper-ready. Snippet: A PE platform will pay 4–6x revenue for a profitable, stable SaaS business with a clear path to 7–10x exit through growth and margin improvement."
claim-saas-valuation-multiples-2026-intake-007,saas-valuation-multiples-2026,SaaS Valuation Multiples 2026,intake_smv_bucket_signal,SaaS Valuation Multiples 2026 has source-backed SMV bucket evidence: source text contains 'lower middle market'.,https://windsordrake.com/saas-valuation-multiples,fetched_source_page,unknown,public_web,candidate_evidence,2026-05-29,"Auto-promoted intake evidence; not paper-ready. Snippet: In the private lower middle market—the $5M–$50M enterprise value range where most founder-led SaaS transactions occur—multiples trade at a 30–50% discount to public peers, with a m"
claim-saas-valuation-multiples-2026-intake-008,saas-valuation-multiples-2026,SaaS Valuation Multiples 2026,intake_smv_bucket_signal,SaaS Valuation Multiples 2026 has source-backed SMV bucket evidence: source text contains 'middle market'.,https://windsordrake.com/saas-valuation-multiples,fetched_source_page,unknown,public_web,candidate_evidence,2026-05-29,"Auto-promoted intake evidence; not paper-ready. Snippet: In the private lower middle market—the $5M–$50M enterprise value range where most founder-led SaaS transactions occur—multiples trade at a 30–50% discount to public peers, with a m"
claim-saas-valuation-multiples-2026-intake-009,saas-valuation-multiples-2026,SaaS Valuation Multiples 2026,intake_smv_bucket_signal,SaaS Valuation Multiples 2026 has source-backed SMV bucket evidence: source text contains 'mission-critical'.,https://windsordrake.com/saas-valuation-multiples,fetched_source_page,unknown,public_web,candidate_evidence,2026-05-29,Auto-promoted intake evidence; not paper-ready. Snippet: ServiceNow commands 15–20x on mission-critical enterprise workflow penetration.
claim-the-fundless-sponsor-explained-intake-001,the-fundless-sponsor-explained,The Fundless Sponsor Explained,intake_search-eta_bucket_signal,The Fundless Sponsor Explained has source-backed Search/ETA bucket evidence: source text contains 'search fund'.,https://1719partners.com/the-fundless-sponsor-how-it-works,fetched_source_page,unknown,public_web,candidate_evidence,2026-05-29,"Auto-promoted intake evidence; not paper-ready. Snippet: As this model has gained popularity, two distinct investment vehicles have emerged: the independent sponsor and the search fund."
claim-the-fundless-sponsor-explained-intake-002,the-fundless-sponsor-explained,The Fundless Sponsor Explained,intake_search-eta_bucket_signal,The Fundless Sponsor Explained has source-backed Search/ETA bucket evidence: source text contains 'search funds'.,https://1719partners.com/the-fundless-sponsor-how-it-works,fetched_source_page,unknown,public_web,candidate_evidence,2026-05-29,"Auto-promoted intake evidence; not paper-ready. Snippet: Search Funds A search fund is a popular investment vehicle in which an entrepreneur (the “searcher”) raises outside capital from investors to search for, acquire, and operate an ex"
claim-the-fundless-sponsor-explained-intake-003,the-fundless-sponsor-explained,The Fundless Sponsor Explained,intake_search-eta_bucket_signal,The Fundless Sponsor Explained has source-backed Search/ETA bucket evidence: source text contains 'entrepreneurship through acquisition'.,https://1719partners.com/the-fundless-sponsor-how-it-works,fetched_source_page,unknown,public_web,candidate_evidence,2026-05-29,"Auto-promoted intake evidence; not paper-ready. Snippet: It offers a path to entrepreneurship through acquisition (ETA), typically targeting small to medium-sized companies with stable cash flows."
claim-the-fundless-sponsor-explained-intake-004,the-fundless-sponsor-explained,The Fundless Sponsor Explained,intake_search-eta_bucket_signal,The Fundless Sponsor Explained has source-backed Search/ETA bucket evidence: source text contains 'independent sponsor'.,https://1719partners.com/the-fundless-sponsor-how-it-works,fetched_source_page,unknown,public_web,candidate_evidence,2026-05-29,"Auto-promoted intake evidence; not paper-ready. Snippet: As this model has gained popularity, two distinct investment vehicles have emerged: the independent sponsor and the search fund."
claim-the-fundless-sponsor-explained-intake-005,the-fundless-sponsor-explained,The Fundless Sponsor Explained,intake_search-eta_bucket_signal,The Fundless Sponsor Explained has source-backed Search/ETA bucket evidence: source text contains 'fundless sponsor'.,https://1719partners.com/the-fundless-sponsor-how-it-works,fetched_source_page,unknown,public_web,candidate_evidence,2026-05-29,Auto-promoted intake evidence; not paper-ready. Snippet: The Fundless Sponsor Explained The Fundless Sponsor Explained ABOUT 1719 MEET THE TEAM 1719 INSIGHTS INVESTMENT CRITERIA REPRESENTATIVE INVESTMENTS RESOURCES BUSINESS VALUATION CAL
claim-confluent-health-intake-001,confluent-health,Confluent Health,intake_patient-capital_bucket_signal,Confluent Health has source-backed Patient Capital bucket evidence: source text contains 'mission'.,https://confluenthealth.com/,fetched_source_page,primary,public_web,candidate_evidence,2026-05-30,Auto-promoted intake evidence; not paper-ready. Snippet: Patient Info & Resources Career Resources Partnership Opportunities Our Mission We believe in the power of meaningful work that impacts lives.
claim-confluent-health-intake-002,confluent-health,Confluent Health,intake_patient-capital_bucket_signal,Confluent Health has source-backed Patient Capital bucket evidence: source text contains 'impact'.,https://confluenthealth.com/,fetched_source_page,primary,public_web,candidate_evidence,2026-05-30,Auto-promoted intake evidence; not paper-ready. Snippet: Patient Info & Resources Career Resources Partnership Opportunities Our Mission We believe in the power of meaningful work that impacts lives.
claim-sustainable-forestry-investments-b-v-intake-001,sustainable-forestry-investments-b-v,Sustainable Forestry Investments B.V.,intake_portfolio-capital_bucket_signal,Sustainable Forestry Investments B.V. has source-backed Portfolio Capital bucket evidence: source text contains 'holding company'.,https://www.sfinetherlands.com,fetched_source_page,primary,public_web,candidate_evidence,2026-05-30,"Auto-promoted intake evidence; not paper-ready. Snippet: is a holding company based in the Netherlands, with two subsidiairies: ​ Form Ghana Ltd."
claim-sustainable-forestry-investments-b-v-intake-002,sustainable-forestry-investments-b-v,Sustainable Forestry Investments B.V.,intake_portfolio-capital_bucket_signal,Sustainable Forestry Investments B.V. has source-backed Portfolio Capital bucket evidence: source text contains 'holding co'.,https://www.sfinetherlands.com,fetched_source_page,primary,public_web,candidate_evidence,2026-05-30,"Auto-promoted intake evidence; not paper-ready. Snippet: is a holding company based in the Netherlands, with two subsidiairies: ​ Form Ghana Ltd."
claim-alta-growth-capital-intake-001,alta-growth-capital,Alta Growth Capital,intake_smv_bucket_signal,Alta Growth Capital has source-backed SMV bucket evidence: source text contains 'recurring revenue'.,https://www.altagc.com/,fetched_source_page,primary,public_web,candidate_evidence,2026-05-30,"Auto-promoted intake evidence; not paper-ready. Snippet: Disciplined Investment Approach We invest in middle-market companies with resilient business models and recurring revenues, applying a rigorous process to identify risks and unlock"
claim-alta-growth-capital-intake-002,alta-growth-capital,Alta Growth Capital,intake_smv_bucket_signal,Alta Growth Capital has source-backed SMV bucket evidence: source text contains 'lower middle-market'.,https://www.altagc.com/,fetched_source_page,primary,public_web,candidate_evidence,2026-05-30,Auto-promoted intake evidence; not paper-ready. Snippet: enu Close Menu Investment Focus Investment Strategy Case Studies Portfolio Our Team Leading Private Equity fund manager targeting lower middle-market companies operating in Mexico 
claim-alta-growth-capital-intake-003,alta-growth-capital,Alta Growth Capital,intake_smv_bucket_signal,Alta Growth Capital has source-backed SMV bucket evidence: source text contains 'middle-market'.,https://www.altagc.com/,fetched_source_page,primary,public_web,candidate_evidence,2026-05-30,"Auto-promoted intake evidence; not paper-ready. Snippet: Where We Invest We focus on middle market companies with growth potential in LATAM Investment Stages Growth, Buy-outs, Majority/ Minority participations Equity Investment Sizes US$"
claim-alta-growth-capital-intake-004,alta-growth-capital,Alta Growth Capital,intake_smv_bucket_signal,Alta Growth Capital has source-backed SMV bucket evidence: source text contains 'middle market'.,https://www.altagc.com/,fetched_source_page,primary,public_web,candidate_evidence,2026-05-30,"Auto-promoted intake evidence; not paper-ready. Snippet: Where We Invest We focus on middle market companies with growth potential in LATAM Investment Stages Growth, Buy-outs, Majority/ Minority participations Equity Investment Sizes US$"
claim-bmw-i-ventures-intake-001,bmw-i-ventures,BMW i Ventures,intake_sovereign-capital_bucket_signal,BMW i Ventures has source-backed Sovereign Capital bucket evidence: source text contains 'government'.,https://www.bmwiventures.com/,fetched_source_page,primary,public_web,candidate_evidence,2026-05-30,"Auto-promoted intake evidence; not paper-ready. Snippet: With flexible and practical charging station solutions, Chargemaster has developed a number of strategic partnerships with energy providers, vehicle manufacturers, government agenc"
claim-bmw-i-ventures-intake-002,bmw-i-ventures,BMW i Ventures,intake_sovereign-capital_bucket_signal,BMW i Ventures has source-backed Sovereign Capital bucket evidence: source text contains 'energy transition'.,https://www.bmwiventures.com/,fetched_source_page,primary,public_web,candidate_evidence,2026-05-30,"Auto-promoted intake evidence; not paper-ready. Snippet: Marin tchakarov ceo To invent the future of energy storage where energy transition is not impeded by today’s limitations of range, cost, and safety requires vision and determinatio"
claim-bmw-i-ventures-intake-003,bmw-i-ventures,BMW i Ventures,intake_sovereign-capital_bucket_signal,BMW i Ventures has source-backed Sovereign Capital bucket evidence: source text contains 'cleantech'.,https://www.bmwiventures.com/,fetched_source_page,primary,public_web,candidate_evidence,2026-05-30,Auto-promoted intake evidence; not paper-ready. Snippet: View More Acquired by Infineon Company Sector Description Status Car Development Gallium Nitride power transistors Acquired by Infineon Sector Car Development Status Acquired by In
claim-clean-energy-ventures-intake-001,clean-energy-ventures,Clean Energy Ventures,intake_sovereign-capital_bucket_signal,Clean Energy Ventures has source-backed Sovereign Capital bucket evidence: source text contains 'clean energy'.,https://www.cleanenergyventures.com/,fetched_source_page,primary,public_web,candidate_evidence,2026-05-30,Auto-promoted intake evidence; not paper-ready. Snippet: Clean Energy Ventures | Climate Tech Venture Capital Clean Energy Ventures | Climate Tech Venture Capital Skip to content About Working With Us Portfolio News About Working With Us
claim-clean-energy-ventures-intake-002,clean-energy-ventures,Clean Energy Ventures,intake_sovereign-capital_bucket_signal,Clean Energy Ventures has source-backed Sovereign Capital bucket evidence: source text contains 'climate tech'.,https://www.cleanenergyventures.com/,fetched_source_page,primary,public_web,candidate_evidence,2026-05-30,Auto-promoted intake evidence; not paper-ready. Snippet: Clean Energy Ventures | Climate Tech Venture Capital Clean Energy Ventures | Climate Tech Venture Capital Skip to content About Working With Us Portfolio News About Working With Us
claim-clean-energy-ventures-intake-003,clean-energy-ventures,Clean Energy Ventures,intake_sovereign-capital_bucket_signal,Clean Energy Ventures has source-backed Sovereign Capital bucket evidence: source text contains 'net-zero'.,https://www.cleanenergyventures.com/,fetched_source_page,primary,public_web,candidate_evidence,2026-05-30,Auto-promoted intake evidence; not paper-ready. Snippet: GHG Impact Meeting global net-zero goals requires outsized impact.
claim-cresset-capital-intake-001,cresset-capital,Cresset Capital,intake_patient-capital_bucket_signal,Cresset Capital has source-backed Patient Capital bucket evidence: source text contains 'purpose'.,https://cressetcapital.com/,fetched_source_page,primary,public_web,candidate_evidence,2026-05-30,Auto-promoted intake evidence; not paper-ready. Snippet: Cresset paid a licensing fee to use the Barron’s award logo for marketing purposes.
claim-cresset-capital-intake-002,cresset-capital,Cresset Capital,intake_patient-capital_bucket_signal,Cresset Capital has source-backed Patient Capital bucket evidence: source text contains 'foundation'.,https://cressetcapital.com/,fetched_source_page,primary,public_web,candidate_evidence,2026-05-30,Auto-promoted intake evidence; not paper-ready. Snippet: First Name Last Name Email Phone zipcode EmployerBusiness Asset Range Asset Range $5MM - $10MM $10MM - $25MM $25MM - $50MM $50MM - $100MM $100MM - $500MM $500MM+ Pre-Liquidity Endo
claim-cresset-capital-intake-003,cresset-capital,Cresset Capital,intake_patient-capital_bucket_signal,Cresset Capital has source-backed Patient Capital bucket evidence: source text contains 'endowment'.,https://cressetcapital.com/,fetched_source_page,primary,public_web,candidate_evidence,2026-05-30,Auto-promoted intake evidence; not paper-ready. Snippet: First Name Last Name Email Phone zipcode EmployerBusiness Asset Range Asset Range $5MM - $10MM $10MM - $25MM $25MM - $50MM $50MM - $100MM $100MM - $500MM $500MM+ Pre-Liquidity Endo
claim-cresset-capital-intake-004,cresset-capital,Cresset Capital,intake_patient-capital_bucket_signal,Cresset Capital has source-backed Patient Capital bucket evidence: source text contains 'philanthropic'.,https://cressetcapital.com/,fetched_source_page,primary,public_web,candidate_evidence,2026-05-30,Auto-promoted intake evidence; not paper-ready. Snippet: cation Liquidity & Exit Planning Private Banking Services Insurance Advisory CFO Services Estate Planning & Legacy Trust Services Philanthropic Planning Family Governance & Educati
claim-cresset-capital-intake-005,cresset-capital,Cresset Capital,intake_patient-capital_bucket_signal,Cresset Capital has source-backed Patient Capital bucket evidence: source text contains 'philanthropy'.,https://cressetcapital.com/,fetched_source_page,primary,public_web,candidate_evidence,2026-05-30,"Auto-promoted intake evidence; not paper-ready. Snippet: A family office is a private advisory firm that manages the full range of a family’s financial needs, including investments, estate planning, and philanthropy."
claim-cresset-capital-intake-006,cresset-capital,Cresset Capital,intake_patient-capital_bucket_signal,Cresset Capital has source-backed Patient Capital bucket evidence: source text contains 'trust'.,https://cressetcapital.com/,fetched_source_page,primary,public_web,candidate_evidence,2026-05-30,"Auto-promoted intake evidence; not paper-ready. Snippet: We offer holistic financial planning, private investments, tax and estate strategies, trust services, exit planning, and more."
claim-cresset-capital-intake-007,cresset-capital,Cresset Capital,intake_patient-capital_bucket_signal,Cresset Capital has source-backed Patient Capital bucket evidence: source text contains 'legacy'.,https://cressetcapital.com/,fetched_source_page,primary,public_web,candidate_evidence,2026-05-30,"Auto-promoted intake evidence; not paper-ready. Snippet: The Long Game Podcast Contact Us Contact Search Explore Topics Family Office Exit Planning Advisor Eric Becker Family Office & Private Wealth Management Wealth Optimized, Life Elev"
claim-cresset-capital-intake-008,cresset-capital,Cresset Capital,intake_patient-capital_bucket_signal,Cresset Capital has source-backed Patient Capital bucket evidence: source text contains 'generations'.,https://cressetcapital.com/,fetched_source_page,primary,public_web,candidate_evidence,2026-05-30,Auto-promoted intake evidence; not paper-ready. Snippet: Meet Our Team Guiding Private Wealth Management Across Generations Experience comprehensive wealth services with an independent family office firm built for flexibility.
claim-cresset-capital-intake-009,cresset-capital,Cresset Capital,intake_patient-capital_bucket_signal,Cresset Capital has source-backed Patient Capital bucket evidence: source text contains 'generational'.,https://cressetcapital.com/,fetched_source_page,primary,public_web,candidate_evidence,2026-05-30,Auto-promoted intake evidence; not paper-ready. Snippet: lti-Family Office Philanthropic Planning Philanthropic Planning Private Wealth Management Private Wealth Management Trusts Trusts Generational Wealth Generational Wealth Investment
claim-cresset-capital-intake-010,cresset-capital,Cresset Capital,intake_patient-capital_bucket_signal,Cresset Capital has source-backed Patient Capital bucket evidence: source text contains 'family office'.,https://cressetcapital.com/,fetched_source_page,primary,public_web,candidate_evidence,2026-05-30,Auto-promoted intake evidence; not paper-ready. Snippet: The Long Game Podcast Request Free Chapter All Articles Insights Market Update In the News Exit Planning Family Office Knowledge Base What Is a Multi-Family Office?
claim-equinor-ventures-intake-001,equinor-ventures,Equinor Ventures,intake_sovereign-capital_bucket_signal,Equinor Ventures has source-backed Sovereign Capital bucket evidence: source text contains 'clean energy'.,https://www.equinor.com/energy/ventures,fetched_source_page,primary,public_web,candidate_evidence,2026-05-30,"Auto-promoted intake evidence; not paper-ready. Snippet: 21 February 2025 Equinor Ventures invests in Powertrust Equinor Ventures is pleased to announce a follow-on investment of $1.5 million in Powertrust, a Vancouver-based company pion"
claim-equinor-ventures-intake-002,equinor-ventures,Equinor Ventures,intake_sovereign-capital_bucket_signal,Equinor Ventures has source-backed Sovereign Capital bucket evidence: source text contains 'energy transition'.,https://www.equinor.com/energy/ventures,fetched_source_page,primary,public_web,candidate_evidence,2026-05-30,"Auto-promoted intake evidence; not paper-ready. Snippet: We are looking to invest predominantly in renewables, low-carbon solutions and future business opportunities.​ Equinor Ventures portfolio highlights Latest news from Equinor Ventur"
claim-future-energy-ventures-intake-001,future-energy-ventures,Future Energy Ventures,intake_sovereign-capital_bucket_signal,Future Energy Ventures has source-backed Sovereign Capital bucket evidence: source text contains 'energy transition'.,https://fev.vc/,fetched_source_page,primary,public_web,candidate_evidence,2026-05-30,Auto-promoted intake evidence; not paper-ready. Snippet: Future Energy Ventures Our focus Portfolio Climate & Sustainability Team News & Articles Partnering with today’s most ambitious energy-tech founders We are supporting ready-to-scal
claim-future-energy-ventures-intake-002,future-energy-ventures,Future Energy Ventures,intake_sovereign-capital_bucket_signal,Future Energy Ventures has source-backed Sovereign Capital bucket evidence: source text contains 'renewable energy'.,https://fev.vc/,fetched_source_page,primary,public_web,candidate_evidence,2026-05-30,"Auto-promoted intake evidence; not paper-ready. Snippet: The oversubscribed round led by Sutter Hill Ventures and John Doerr – original investors in NVIDIA, Google, and Amazo… read more Portfolio news 15.05.2026 FEV leads €15M Series A i"
claim-me-innovation-fund-intake-001,me-innovation-fund,ME Innovation Fund,intake_sovereign-capital_bucket_signal,ME Innovation Fund has source-backed Sovereign Capital bucket evidence: source text contains 'government'.,https://www.mitsubishielectric.com/cvc/,fetched_source_page,primary,public_web,candidate_evidence,2026-05-30,"Auto-promoted intake evidence; not paper-ready. Snippet: Since 2017, he transferred to the government-private fund, Japan Overseas Infrastructure Investment Corporation for Transport & Urban Development (JOIN), he has been involved in la"
claim-me-innovation-fund-intake-002,me-innovation-fund,ME Innovation Fund,intake_sovereign-capital_bucket_signal,ME Innovation Fund has source-backed Sovereign Capital bucket evidence: source text contains 'national'.,https://www.mitsubishielectric.com/cvc/,fetched_source_page,primary,public_web,candidate_evidence,2026-05-30,"Auto-promoted intake evidence; not paper-ready. Snippet: FOCUS AREAS We invest in both domestic and international startups that have the potential to collaborate with Mitsubishi Electric, particularly within our 12 business domains and i"
claim-me-innovation-fund-intake-003,me-innovation-fund,ME Innovation Fund,intake_sovereign-capital_bucket_signal,ME Innovation Fund has source-backed Sovereign Capital bucket evidence: source text contains 'strategic investment'.,https://www.mitsubishielectric.com/cvc/,fetched_source_page,primary,public_web,candidate_evidence,2026-05-30,Auto-promoted intake evidence; not paper-ready. Snippet: Focused on enhancing business competitiveness by driving innovative ventures and strategic investments.
claim-me-innovation-fund-intake-004,me-innovation-fund,ME Innovation Fund,intake_sovereign-capital_bucket_signal,ME Innovation Fund has source-backed Sovereign Capital bucket evidence: source text contains 'decarbonization'.,https://www.mitsubishielectric.com/cvc/,fetched_source_page,primary,public_web,candidate_evidence,2026-05-30,Auto-promoted intake evidence; not paper-ready. Snippet: He has also engaged in developing new businesses in the digital and decarbonization fields as well as realizing quantum computing technologies in the transport sector in Canada.
claim-maersk-growth-intake-001,maersk-growth,Maersk Growth,intake_sovereign-capital_bucket_signal,Maersk Growth has source-backed Sovereign Capital bucket evidence: source text contains 'energy transition'.,https://www.maersk.com/growth,fetched_source_page,primary,public_web,candidate_evidence,2026-05-30,"Auto-promoted intake evidence; not paper-ready. Snippet: Follow us on LinkedIn Overview Overview Invest Venture Clienting Portfolio Strategic insights Contact the team Energy transition investments Exclusively covering energy transition,"
claim-maersk-growth-intake-002,maersk-growth,Maersk Growth,intake_sovereign-capital_bucket_signal,Maersk Growth has source-backed Sovereign Capital bucket evidence: source text contains 'net zero'.,https://www.maersk.com/growth,fetched_source_page,primary,public_web,candidate_evidence,2026-05-30,"Auto-promoted intake evidence; not paper-ready. Snippet: Follow us on LinkedIn Overview Overview Invest Venture Clienting Portfolio Strategic insights Contact the team Energy transition investments Exclusively covering energy transition,"
claim-siemens-energy-ventures-intake-001,siemens-energy-ventures,Siemens Energy Ventures,intake_sovereign-capital_bucket_signal,Siemens Energy Ventures has source-backed Sovereign Capital bucket evidence: source text contains 'impact capital'.,https://www.siemens-energy.com/global/en/home/innovations/ventures.html,fetched_source_page,primary,public_web,candidate_evidence,2026-05-30,"Auto-promoted intake evidence; not paper-ready. Snippet: Siemens Energy Ventures is a minority investor in GeoPura alongside GM Ventures, Barclays Sustainable Impact Capital and SWEN CP through its fund SWEN Impact Fund for Transition 2."
claim-siemens-energy-ventures-intake-002,siemens-energy-ventures,Siemens Energy Ventures,intake_sovereign-capital_bucket_signal,Siemens Energy Ventures has source-backed Sovereign Capital bucket evidence: source text contains 'clean energy'.,https://www.siemens-energy.com/global/en/home/innovations/ventures.html,fetched_source_page,primary,public_web,candidate_evidence,2026-05-30,"Auto-promoted intake evidence; not paper-ready. Snippet: Learn more GeoPura GeoPura provides hydrogen-fuelled clean energy to enable its customers to decarbonize their consumption of temporary, backup, off-grid, and grid augmentation ene"
claim-siemens-energy-ventures-intake-003,siemens-energy-ventures,Siemens Energy Ventures,intake_sovereign-capital_bucket_signal,Siemens Energy Ventures has source-backed Sovereign Capital bucket evidence: source text contains 'energy transition'.,https://www.siemens-energy.com/global/en/home/innovations/ventures.html,fetched_source_page,primary,public_web,candidate_evidence,2026-05-30,Auto-promoted intake evidence; not paper-ready. Snippet: Ventures | Siemens Energy Ventures | Siemens Energy Energy transition Five strategies Expand renewables Transform conventional power Strengthen electrical grids Drive industry deca
claim-siemens-energy-ventures-intake-004,siemens-energy-ventures,Siemens Energy Ventures,intake_sovereign-capital_bucket_signal,Siemens Energy Ventures has source-backed Sovereign Capital bucket evidence: source text contains 'decarbonization'.,https://www.siemens-energy.com/global/en/home/innovations/ventures.html,fetched_source_page,primary,public_web,candidate_evidence,2026-05-30,Auto-promoted intake evidence; not paper-ready. Snippet: nergy Energy transition Five strategies Expand renewables Transform conventional power Strengthen electrical grids Drive industry decarbonization Secure supply chains Products and 
claim-siemens-energy-ventures-intake-005,siemens-energy-ventures,Siemens Energy Ventures,intake_sovereign-capital_bucket_signal,Siemens Energy Ventures has source-backed Sovereign Capital bucket evidence: source text contains 'climate tech'.,https://www.siemens-energy.com/global/en/home/innovations/ventures.html,fetched_source_page,primary,public_web,candidate_evidence,2026-05-30,"Auto-promoted intake evidence; not paper-ready. Snippet: Learn more Our portfolio Our investment themes We’re interested in climate tech start-ups with transformative founding teams, technologies and business models that can help us addr"
claim-siemens-energy-ventures-intake-006,siemens-energy-ventures,Siemens Energy Ventures,intake_sovereign-capital_bucket_signal,Siemens Energy Ventures has source-backed Sovereign Capital bucket evidence: source text contains 'renewable energy'.,https://www.siemens-energy.com/global/en/home/innovations/ventures.html,fetched_source_page,primary,public_web,candidate_evidence,2026-05-30,"Auto-promoted intake evidence; not paper-ready. Snippet: The GeoPura solution uses renewable energy, normally solar PV or wind, to create hydrogen for use as a fuel."
claim-siemens-energy-ventures-intake-007,siemens-energy-ventures,Siemens Energy Ventures,intake_sovereign-capital_bucket_signal,Siemens Energy Ventures has source-backed Sovereign Capital bucket evidence: source text contains 'net zero'.,https://www.siemens-energy.com/global/en/home/innovations/ventures.html,fetched_source_page,primary,public_web,candidate_evidence,2026-05-30,Auto-promoted intake evidence; not paper-ready. Snippet: 35% of the emissions reductions to achieve net zero must come from technologies that are not yet commercialized.
claim-toyota-ventures-intake-001,toyota-ventures,Toyota Ventures,intake_sovereign-capital_bucket_signal,Toyota Ventures has source-backed Sovereign Capital bucket evidence: source text contains 'government'.,https://www.toyota.ventures/,fetched_source_page,primary,public_web,candidate_evidence,2026-05-30,"Auto-promoted intake evidence; not paper-ready. Snippet: Her previous experience includes senior finance positions at Kleiner Perkins, the Government of Singapore Investment Corporation (GIC), Asset Management Company and Terayon."
claim-toyota-ventures-intake-002,toyota-ventures,Toyota Ventures,intake_sovereign-capital_bucket_signal,Toyota Ventures has source-backed Sovereign Capital bucket evidence: source text contains 'national'.,https://www.toyota.ventures/,fetched_source_page,primary,public_web,candidate_evidence,2026-05-30,"Auto-promoted intake evidence; not paper-ready. Snippet: Previously she was an executive-in-residence at Greylock Partners and prior to that, the chief operating officer and interim chief financial officer at Nauto, responsible for teams"
claim-toyota-ventures-intake-003,toyota-ventures,Toyota Ventures,intake_sovereign-capital_bucket_signal,Toyota Ventures has source-backed Sovereign Capital bucket evidence: source text contains 'mission-driven'.,https://www.toyota.ventures/,fetched_source_page,primary,public_web,candidate_evidence,2026-05-30,"Auto-promoted intake evidence; not paper-ready. Snippet: Phillip Zackler From the blog Powering Real-Time World Models: Our Investment in Decart Toyota Ventures May 18, 2026 How We Work Mission-driven Founder-first Toyota Expertise Globa"
claim-toyota-ventures-intake-004,toyota-ventures,Toyota Ventures,intake_sovereign-capital_bucket_signal,Toyota Ventures has source-backed Sovereign Capital bucket evidence: source text contains 'social good'.,https://www.toyota.ventures/,fetched_source_page,primary,public_web,candidate_evidence,2026-05-30,"Auto-promoted intake evidence; not paper-ready. Snippet: His investing thesis is straightforward: Given the consistent research on the higher returns from diverse managers and teams, diversity is not just a social good; it is a fiduciary"
claim-toyota-ventures-intake-005,toyota-ventures,Toyota Ventures,intake_sovereign-capital_bucket_signal,Toyota Ventures has source-backed Sovereign Capital bucket evidence: source text contains 'clean energy'.,https://www.toyota.ventures/,fetched_source_page,primary,public_web,candidate_evidence,2026-05-30,"Auto-promoted intake evidence; not paper-ready. Snippet: Prior to joining Toyota Ventures, Maggie served as a senior account executive at Antenna Group, an integrated communications and marketing firm, where she supported the communicati"
claim-toyota-ventures-intake-006,toyota-ventures,Toyota Ventures,intake_sovereign-capital_bucket_signal,Toyota Ventures has source-backed Sovereign Capital bucket evidence: source text contains 'carbon capture'.,https://www.toyota.ventures/,fetched_source_page,primary,public_web,candidate_evidence,2026-05-30,Auto-promoted intake evidence; not paper-ready. Snippet: Toyota Ventures Toyota Ventures Portfolio Team News & Events careers Submit Pitch Portfolio Team News & Events Careers Submit Pitch We are Explorers Seeking Disruptors and Innovato
claim-toyota-ventures-intake-007,toyota-ventures,Toyota Ventures,intake_sovereign-capital_bucket_signal,Toyota Ventures has source-backed Sovereign Capital bucket evidence: source text contains 'climate tech'.,https://www.toyota.ventures/,fetched_source_page,primary,public_web,candidate_evidence,2026-05-30,Auto-promoted intake evidence; not paper-ready. Snippet: Toyota Ventures Toyota Ventures Portfolio Team News & Events careers Submit Pitch Portfolio Team News & Events Careers Submit Pitch We are Explorers Seeking Disruptors and Innovato
claim-toyota-ventures-intake-008,toyota-ventures,Toyota Ventures,intake_sovereign-capital_bucket_signal,Toyota Ventures has source-backed Sovereign Capital bucket evidence: source text contains 'climate technology'.,https://www.toyota.ventures/,fetched_source_page,primary,public_web,candidate_evidence,2026-05-30,"Auto-promoted intake evidence; not paper-ready. Snippet: Kalyn also previously held roles at Elemental Excelerator, where she accelerated climate technology project deployment, and at SVG Ventures, where she supported corporate innovatio"
claim-toyota-ventures-intake-009,toyota-ventures,Toyota Ventures,intake_sovereign-capital_bucket_signal,Toyota Ventures has source-backed Sovereign Capital bucket evidence: source text contains 'cleantech'.,https://www.toyota.ventures/,fetched_source_page,primary,public_web,candidate_evidence,2026-05-30,"Auto-promoted intake evidence; not paper-ready. Snippet: He had previously run the cleantech cohort of the Canadian Technology Accelerator, and founded its agtech cohort."
claim-toyota-ventures-intake-010,toyota-ventures,Toyota Ventures,intake_sovereign-capital_bucket_signal,Toyota Ventures has source-backed Sovereign Capital bucket evidence: source text contains 'renewable energy'.,https://www.toyota.ventures/,fetched_source_page,primary,public_web,candidate_evidence,2026-05-30,"Auto-promoted intake evidence; not paper-ready. Snippet: Frontier Tech Climate Tech Renewable Energy · Hydrogen Solutions · Carbon Capture, Removal and Usage · Sustainability · EV Solutions · Energy Storage/Batteries We are on a mission "
claim-voyager-ventures-intake-001,voyager-ventures,Voyager Ventures,intake_lmv_bucket_signal,Voyager Ventures has source-backed LMV bucket evidence: source text contains 'ai-native'.,https://www.voyagervc.com/,fetched_source_page,primary,public_web,candidate_evidence,2026-05-30,Auto-promoted intake evidence; not paper-ready. Snippet: Latest Investments Tem AI-native wholesale energy market Software + AI Electroflow The direct path from domestic lithium to domestic batteries Materials Production Leeta Materials 
claim-voyager-ventures-intake-002,voyager-ventures,Voyager Ventures,intake_lmv_bucket_signal,Voyager Ventures has source-backed LMV bucket evidence: source text contains 'fund i'.,https://www.voyagervc.com/,fetched_source_page,primary,public_web,candidate_evidence,2026-05-30,Auto-promoted intake evidence; not paper-ready. Snippet: Latest Investments Tem AI-native wholesale energy market Software + AI Electroflow The direct path from domestic lithium to domestic batteries Materials Production Leeta Materials 
claim-ngp-energy-capital-management-intake-001,ngp-energy-capital-management,NGP Energy Capital Management,intake_sovereign-capital_bucket_signal,NGP Energy Capital Management has source-backed Sovereign Capital bucket evidence: source text contains 'clean energy'.,https://ngpenergy.com/,fetched_source_page,primary,public_web,candidate_evidence,2026-05-31,Auto-promoted intake evidence; not paper-ready. Snippet: News 05/20/2026 Actuate Energy Announces Formation and Capital Commitment from NGP Read More News 04/27/2026 X-energy Rings the Opening Bell Read More News 03/20/2026 X-energy Subm
claim-ngp-energy-capital-management-intake-002,ngp-energy-capital-management,NGP Energy Capital Management,intake_sovereign-capital_bucket_signal,NGP Energy Capital Management has source-backed Sovereign Capital bucket evidence: source text contains 'energy transition'.,https://ngpenergy.com/,fetched_source_page,primary,public_web,candidate_evidence,2026-05-31,Auto-promoted intake evidence; not paper-ready. Snippet: 37 YEARS OF INVESTING 400 YEARS OF ENERGY EXPERIENCE $25B CAPITAL COMMITMENTS Advancing Energy We’ve worked alongside pioneers in natural resources and energy transition for over 3
claim-ngp-energy-capital-management-intake-003,ngp-energy-capital-management,NGP Energy Capital Management,intake_sovereign-capital_bucket_signal,NGP Energy Capital Management has source-backed Sovereign Capital bucket evidence: source text contains 'sustainable energy'.,https://ngpenergy.com/,fetched_source_page,primary,public_web,candidate_evidence,2026-05-31,"Auto-promoted intake evidence; not paper-ready. Snippet: We invest in people, ideas and companies to ensure responsible, secure energy today and to accelerate the transition to a more sustainable energy future."
claim-100unicorns-intake-001,100unicorns,100Unicorns,intake_lmv_bucket_signal,100Unicorns has source-backed LMV bucket evidence: source text contains 'accelerator'.,https://100unicorns.in/,fetched_source_page,primary,public_web,candidate_evidence,2026-05-31,"Auto-promoted intake evidence; not paper-ready. Snippet: And so we need trustworthy accelerators that can enable knowledge-sharing, collective innovation, and strategic collaborations and partnerships among the various stakeholders in an"
claim-100unicorns-intake-002,100unicorns,100Unicorns,intake_lmv_bucket_signal,100Unicorns has source-backed LMV bucket evidence: source text contains 'fund i'.,https://100unicorns.in/,fetched_source_page,primary,public_web,candidate_evidence,2026-05-31,"Auto-promoted intake evidence; not paper-ready. Snippet: ers, global investors and leading CXOs to accelerate growth APPLY NOW The Transformation Illustrated 2 Number of Funds USD 100 Mn Fund I USD 150 Mn Fund II 14 K+ Start-ups reviewed"
claim-mekong-capital-intake-001,mekong-capital,Mekong Capital,intake_portfolio-capital_bucket_signal,Mekong Capital has source-backed Portfolio Capital bucket evidence: source text contains 'subsidiary'.,https://www.mekongcapital.com/,fetched_source_page,primary,public_web,candidate_evidence,2026-05-31,"Auto-promoted intake evidence; not paper-ready. Snippet: In 2010, Mekong Capital's Vietnam Azalea Fund invested in FPT Software, a key subsidiary of FPT Corporation and Vietnam's leading provider of software development and IT services."
claim-mekong-capital-intake-002,mekong-capital,Mekong Capital,intake_portfolio-capital_bucket_signal,Mekong Capital has source-backed Portfolio Capital bucket evidence: source text contains 'consolidation'.,https://www.mekongcapital.com/,fetched_source_page,primary,public_web,candidate_evidence,2026-05-31,"Auto-promoted intake evidence; not paper-ready. Snippet: o a network of 27 restaurants in Vietnam and Cambodia Mekong Capital's Vietnam Azalea Fund entered Masan Food in 2009, aiding its consolidation as a leader in sauces, seasonings, a"
claim-next-coast-ventures-intake-001,next-coast-ventures,Next Coast Ventures,intake_smv_bucket_signal,Next Coast Ventures has source-backed SMV bucket evidence: source text contains 'mission critical'.,https://www.nextcoastventures.com/,fetched_source_page,primary,public_web,candidate_evidence,2026-05-31,Auto-promoted intake evidence; not paper-ready. Snippet: The Examples Dedicated Next Coast Team Member The Head of Platform is a partner-level role at our firm solely dedicated to solving mission critical initiatives for our founders.
claim-next-coast-ventures-intake-002,next-coast-ventures,Next Coast Ventures,intake_smv_bucket_signal,Next Coast Ventures has source-backed SMV bucket evidence: source text contains 'tech-enabled'.,https://www.nextcoastventures.com/,fetched_source_page,primary,public_web,candidate_evidence,2026-05-31,"Auto-promoted intake evidence; not paper-ready. Snippet: Let's Get Started COAST NEXT emerging — (n) : the critical stage of development, otherwise known as the ""make or break point"" Next Coast — (adj) : between the coasts Hyper-growth —"
claim-recur-club-intake-001,recur-club,Recur Club,intake_smv_bucket_signal,Recur Club has source-backed SMV bucket evidence: source text contains 'recurring revenue'.,https://www.recurclub.com/,fetched_source_page,primary,public_web,candidate_evidence,2026-05-31,Auto-promoted intake evidence; not paper-ready. Snippet: Recur Swift Ultra-Fast Debt Up to ₹10 Crores For Startups with ₹5 Crores+ Revenue Recurring Revenue Financing Working Capital Financing Recur Scale Larger Debt Up to ₹250 Crores Fo
claim-recur-club-intake-002,recur-club,Recur Club,intake_smv_bucket_signal,Recur Club has source-backed SMV bucket evidence: source text contains 'revenue-based'.,https://www.recurclub.com/,fetched_source_page,primary,public_web,candidate_evidence,2026-05-31,"Auto-promoted intake evidence; not paper-ready. Snippet: Unlike venture capital, where investors receive shares in exchange for money, non-dilutive instruments — such as revenue-based financing, venture debt, term loans, and invoice disc"
claim-recur-club-intake-003,recur-club,Recur Club,intake_smv_bucket_signal,Recur Club has source-backed SMV bucket evidence: source text contains 'non-dilutive'.,https://www.recurclub.com/,fetched_source_page,primary,public_web,candidate_evidence,2026-05-31,"Auto-promoted intake evidence; not paper-ready. Snippet: No personal guarantees required Flexible repayment schedules Capital in as little as 48 hours Completely non-dilutive ₹3,000 Cr+ Funded 2,000+ Customers 100+ Lending Partners Estim"
claim-recur-club-intake-004,recur-club,Recur Club,intake_smv_bucket_signal,Recur Club has source-backed SMV bucket evidence: source text contains 'working capital'.,https://www.recurclub.com/,fetched_source_page,primary,public_web,candidate_evidence,2026-05-31,Auto-promoted intake evidence; not paper-ready. Snippet: Recur Swift Ultra-Fast Debt Up to ₹10 Crores For Startups with ₹5 Crores+ Revenue Recurring Revenue Financing Working Capital Financing Recur Scale Larger Debt Up to ₹250 Crores Fo
claim-recur-club-intake-005,recur-club,Recur Club,intake_smv_bucket_signal,Recur Club has source-backed SMV bucket evidence: source text contains 'working capital financing'.,https://www.recurclub.com/,fetched_source_page,primary,public_web,candidate_evidence,2026-05-31,Auto-promoted intake evidence; not paper-ready. Snippet: Recur Swift Ultra-Fast Debt Up to ₹10 Crores For Startups with ₹5 Crores+ Revenue Recurring Revenue Financing Working Capital Financing Recur Scale Larger Debt Up to ₹250 Crores Fo
claim-ascension-investment-management-intake-001,ascension-investment-management,Ascension Investment Management,intake_patient-capital_bucket_signal,Ascension Investment Management has source-backed Patient Capital bucket evidence: source text contains 'long-term'.,https://ascensioninvestmentmanagement.com/,fetched_source_page,primary,public_web,candidate_evidence,2026-05-31,Auto-promoted intake evidence; not paper-ready. Snippet: Our investment solutions are intended to help organizations meet operational needs and long-term goals while upholding Catholic principles.
claim-ascension-investment-management-intake-002,ascension-investment-management,Ascension Investment Management,intake_patient-capital_bucket_signal,Ascension Investment Management has source-backed Patient Capital bucket evidence: source text contains 'mission'.,https://ascensioninvestmentmanagement.com/,fetched_source_page,primary,public_web,candidate_evidence,2026-05-31,Auto-promoted intake evidence; not paper-ready. Snippet: Home AIM Home AIM CLOSE INVESTMENT OFFERING IMPACT INVESTING ABOUT AIM CONTACT US Our Investment Approach Impact Investment Strategies About Us Contact Us Ascension Investment Mana
claim-ascension-investment-management-intake-003,ascension-investment-management,Ascension Investment Management,intake_patient-capital_bucket_signal,Ascension Investment Management has source-backed Patient Capital bucket evidence: source text contains 'mission-driven'.,https://ascensioninvestmentmanagement.com/,fetched_source_page,primary,public_web,candidate_evidence,2026-05-31,"Auto-promoted intake evidence; not paper-ready. Snippet: Ascension Investment Management (“AIM”) is a mission-driven, SEC-registered investment advisor that primarily serves faith-based organizations seeking institutional strength and va"
claim-ascension-investment-management-intake-004,ascension-investment-management,Ascension Investment Management,intake_patient-capital_bucket_signal,Ascension Investment Management has source-backed Patient Capital bucket evidence: source text contains 'impact'.,https://ascensioninvestmentmanagement.com/,fetched_source_page,primary,public_web,candidate_evidence,2026-05-31,Auto-promoted intake evidence; not paper-ready. Snippet: Home AIM Home AIM CLOSE INVESTMENT OFFERING IMPACT INVESTING ABOUT AIM CONTACT US Our Investment Approach Impact Investment Strategies About Us Contact Us Ascension Investment Mana
claim-ascension-investment-management-intake-005,ascension-investment-management,Ascension Investment Management,intake_patient-capital_bucket_signal,Ascension Investment Management has source-backed Patient Capital bucket evidence: source text contains 'impact investing'.,https://ascensioninvestmentmanagement.com/,fetched_source_page,primary,public_web,candidate_evidence,2026-05-31,Auto-promoted intake evidence; not paper-ready. Snippet: Home AIM Home AIM CLOSE INVESTMENT OFFERING IMPACT INVESTING ABOUT AIM CONTACT US Our Investment Approach Impact Investment Strategies About Us Contact Us Ascension Investment Mana
claim-ascension-investment-management-intake-006,ascension-investment-management,Ascension Investment Management,intake_patient-capital_bucket_signal,Ascension Investment Management has source-backed Patient Capital bucket evidence: source text contains 'faith-based'.,https://ascensioninvestmentmanagement.com/,fetched_source_page,primary,public_web,candidate_evidence,2026-05-31,"Auto-promoted intake evidence; not paper-ready. Snippet: Ascension Investment Management (“AIM”) is a mission-driven, SEC-registered investment advisor that primarily serves faith-based organizations seeking institutional strength and va"
claim-enterprise-angels-intake-001,enterprise-angels,Enterprise Angels,intake_lmv_bucket_signal,Enterprise Angels has source-backed LMV bucket evidence: source text contains 'accelerator'.,https://www.enterpriseangels.co.nz/,fetched_source_page,primary,public_web,candidate_evidence,2026-05-31,"Auto-promoted intake evidence; not paper-ready. Snippet: We welcome engagement from anyone interested or involved in the early stage investment market – Investors, Angel Members, Strategic or Corporate Partners, Founders, Incubators or A"
claim-enterprise-angels-intake-002,enterprise-angels,Enterprise Angels,intake_lmv_bucket_signal,Enterprise Angels has source-backed LMV bucket evidence: source text contains 'incubator'.,https://www.enterpriseangels.co.nz/,fetched_source_page,primary,public_web,candidate_evidence,2026-05-31,"Auto-promoted intake evidence; not paper-ready. Snippet: We welcome engagement from anyone interested or involved in the early stage investment market – Investors, Angel Members, Strategic or Corporate Partners, Founders, Incubators or A"
claim-fimi-opportunity-funds-intake-001,fimi-opportunity-funds,FIMI Opportunity Funds,intake_portfolio-capital_bucket_signal,FIMI Opportunity Funds has source-backed Portfolio Capital bucket evidence: source text contains 'holding company'.,https://www.fimi.co.il,fetched_source_page,primary,public_web,candidate_evidence,2026-05-31,"Auto-promoted intake evidence; not paper-ready. Snippet: Inrom is a holding company with the following subsidiaries: Inrom Construction, Urdan, Orlite, Alony."
claim-fimi-opportunity-funds-intake-002,fimi-opportunity-funds,FIMI Opportunity Funds,intake_portfolio-capital_bucket_signal,FIMI Opportunity Funds has source-backed Portfolio Capital bucket evidence: source text contains 'holding co'.,https://www.fimi.co.il,fetched_source_page,primary,public_web,candidate_evidence,2026-05-31,"Auto-promoted intake evidence; not paper-ready. Snippet: Inrom is a holding company with the following subsidiaries: Inrom Construction, Urdan, Orlite, Alony."
claim-fimi-opportunity-funds-intake-003,fimi-opportunity-funds,FIMI Opportunity Funds,intake_portfolio-capital_bucket_signal,FIMI Opportunity Funds has source-backed Portfolio Capital bucket evidence: source text contains 'subsidiaries'.,https://www.fimi.co.il,fetched_source_page,primary,public_web,candidate_evidence,2026-05-31,"Auto-promoted intake evidence; not paper-ready. Snippet: Inrom is a holding company with the following subsidiaries: Inrom Construction, Urdan, Orlite, Alony."
claim-fimi-opportunity-funds-intake-004,fimi-opportunity-funds,FIMI Opportunity Funds,intake_portfolio-capital_bucket_signal,FIMI Opportunity Funds has source-backed Portfolio Capital bucket evidence: source text contains 'portfolio companies'.,https://www.fimi.co.il,fetched_source_page,primary,public_web,candidate_evidence,2026-05-31,"Auto-promoted intake evidence; not paper-ready. Snippet: FIMI uses its knowledge, experience, and resources to source unique investment opportunities, create value for its portfolio companies, and generate maximum returns for FIMI's inve"
claim-fortissimo-capital-intake-001,fortissimo-capital,Fortissimo Capital,intake_portfolio-capital_bucket_signal,Fortissimo Capital has source-backed Portfolio Capital bucket evidence: source text contains 'portfolio companies'.,https://www.ffcapital.com,fetched_source_page,primary,public_web,candidate_evidence,2026-05-31,"Auto-promoted intake evidence; not paper-ready. Snippet: We believe that honesty, trust, respect, transparency, and collaboration are essential for driving success both within our firm and across our portfolio companies."
claim-fortissimo-capital-intake-002,fortissimo-capital,Fortissimo Capital,intake_portfolio-capital_bucket_signal,Fortissimo Capital has source-backed Portfolio Capital bucket evidence: source text contains 'we acquire'.,https://www.ffcapital.com,fetched_source_page,primary,public_web,candidate_evidence,2026-05-31,"Auto-promoted intake evidence; not paper-ready. Snippet: Selling Shareholders We acquire stakes in mature, profitable companies with divesting shareholders, offering stable revenue and growth potential."
claim-scout-ventures-intake-001,scout-ventures,Scout Ventures,intake_sovereign-capital_bucket_signal,Scout Ventures has source-backed Sovereign Capital bucket evidence: source text contains 'government'.,https://scout.vc,fetched_source_page,primary,public_web,candidate_evidence,2026-05-31,Auto-promoted intake evidence; not paper-ready. Snippet: They have served as operators and as entrepreneurs founding companies at the forefront of innovation in both the government and civilian worlds.
claim-scout-ventures-intake-002,scout-ventures,Scout Ventures,intake_sovereign-capital_bucket_signal,Scout Ventures has source-backed Sovereign Capital bucket evidence: source text contains 'national'.,https://scout.vc,fetched_source_page,primary,public_web,candidate_evidence,2026-05-31,"Auto-promoted intake evidence; not paper-ready. Snippet: [v2] [v3] Scout VC is an venture capital firm that invests in frontier technologies built by founders from the military, its intelligence community, and national research labs."
claim-slow-money-institute-intake-001,slow-money-institute,Slow Money Institute,intake_patient-capital_bucket_signal,Slow Money Institute has source-backed Patient Capital bucket evidence: source text contains 'mission'.,https://slowmoney.org/,fetched_source_page,primary,public_web,candidate_evidence,2026-05-31,Auto-promoted intake evidence; not paper-ready. Snippet: Home - Slow Money Institute Home - Slow Money Institute Skip to content Beetcoin See how we're funding a new family of 0% loan groups → Dismiss Slow Money Institute About About us 
claim-slow-money-institute-intake-002,slow-money-institute,Slow Money Institute,intake_patient-capital_bucket_signal,Slow Money Institute has source-backed Patient Capital bucket evidence: source text contains 'foundation'.,https://slowmoney.org/,fetched_source_page,primary,public_web,candidate_evidence,2026-05-31,"Auto-promoted intake evidence; not paper-ready. Snippet: investment types. Wow. Talk about being the change we seek. It was a profoundly hopeful moment.” Brian Byrnes Santa Fe Community Foundation “Connecting food, money and soil, really"
claim-slow-money-institute-intake-003,slow-money-institute,Slow Money Institute,intake_patient-capital_bucket_signal,Slow Money Institute has source-backed Patient Capital bucket evidence: source text contains 'impact'.,https://slowmoney.org/,fetched_source_page,primary,public_web,candidate_evidence,2026-05-31,"Auto-promoted intake evidence; not paper-ready. Snippet: Learn more Donate → Our vision, mission and impact."
claim-venturesouq-intake-001,venturesouq,VentureSouq,intake_lmv_bucket_signal,VentureSouq has source-backed LMV bucket evidence: source text contains 'fellowship'.,https://www.venturesouq.com,fetched_source_page,primary,public_web,candidate_evidence,2026-05-31,"Auto-promoted intake evidence; not paper-ready. Snippet: Conscious Investor Fellowship We launched the first regional impact investing program in collaboration with partners including NYU Abu Dhabi’s startAD, King Abdullah University of "
claim-venturesouq-intake-002,venturesouq,VentureSouq,intake_lmv_bucket_signal,VentureSouq has source-backed LMV bucket evidence: source text contains 'accelerator'.,https://www.venturesouq.com,fetched_source_page,primary,public_web,candidate_evidence,2026-05-31,"Auto-promoted intake evidence; not paper-ready. Snippet: Angel Rising is the annual investor symposium organized jointly by VentureSouq and startAD, the global startup accelerator of NYU Abu Dhabi ."
claim-venturesouq-intake-003,venturesouq,VentureSouq,intake_lmv_bucket_signal,VentureSouq has source-backed LMV bucket evidence: source text contains 'thesis-driven'.,https://www.venturesouq.com,fetched_source_page,primary,public_web,candidate_evidence,2026-05-31,Auto-promoted intake evidence; not paper-ready. Snippet: We are thesis-driven partners to exceptional entrepreneurs creating long-term impact .
claim-ap-ventures-intake-001,ap-ventures,AP Ventures,intake_sovereign-capital_bucket_signal,AP Ventures has source-backed Sovereign Capital bucket evidence: source text contains 'energy transition'.,https://apventures.com/,fetched_source_page,primary,public_web,candidate_evidence,2026-05-31,"Auto-promoted intake evidence; not paper-ready. Snippet: Since 2013, our team has been investing in companies in the most complex segments of the energy transition, bringing experience and expertise across chemistry, materials science, e"
claim-ap-ventures-intake-002,ap-ventures,AP Ventures,intake_sovereign-capital_bucket_signal,AP Ventures has source-backed Sovereign Capital bucket evidence: source text contains 'carbon removal'.,https://apventures.com/,fetched_source_page,primary,public_web,candidate_evidence,2026-05-31,Auto-promoted intake evidence; not paper-ready. Snippet: in the Molecule Economy: Why AP Ventures Invested in Attributes 19th May 2026 Read More AP Ventures invests in wastewater-driven carbon removal company CREW Carbon 15th May 2026 Re
claim-cottonwood-technology-fund-intake-001,cottonwood-technology-fund,Cottonwood Technology Fund,intake_lmv_bucket_signal,Cottonwood Technology Fund has source-backed LMV bucket evidence: source text contains 'accelerator'.,https://www.cottonwood.vc/,fetched_source_page,primary,public_web,candidate_evidence,2026-05-31,"Auto-promoted intake evidence; not paper-ready. Snippet: News News Articles , Press Releases Q*Bird secures €2.5M grant and €5M equity from EIC Accelerator to scale Europe’s quantum secure networks Congrats to our fast-growing Quantum Ke"
claim-cottonwood-technology-fund-intake-002,cottonwood-technology-fund,Cottonwood Technology Fund,intake_lmv_bucket_signal,Cottonwood Technology Fund has source-backed LMV bucket evidence: source text contains 'fund i'.,https://www.cottonwood.vc/,fetched_source_page,primary,public_web,candidate_evidence,2026-05-31,Auto-promoted intake evidence; not paper-ready. Snippet: Cottonwood Technology Fund makes Impact Investments in Key Enabling Technologies Cottonwood Technology Fund is an early-stage deep tech venture capital fund with offices in Denver 
claim-gitcoin-intake-001,gitcoin,Gitcoin,intake_lmv_bucket_signal,Gitcoin has source-backed LMV bucket evidence: source text contains 'grant program'.,https://gitcoin.co/,fetched_source_page,primary,public_web,candidate_evidence,2026-05-31,"Auto-promoted intake evidence; not paper-ready. Snippet: Examples: GG25, ETHBoulder, Network Goods Apps 120+ Funding platforms, DAOs, grant programs, funds, and primitives powering the ecosystem."
claim-gitcoin-intake-002,gitcoin,Gitcoin,intake_lmv_bucket_signal,Gitcoin has source-backed LMV bucket evidence: source text contains 'incubator'.,https://gitcoin.co/,fetched_source_page,primary,public_web,candidate_evidence,2026-05-31,Auto-promoted intake evidence; not paper-ready. Snippet: 969: Lessons from In-Protocol Funding Fair Fees: A Dynamic Formula for Balancing Value Creation and Value Capture From Auction to Incubator: The Evolution of Nouns DAO Capital Depl
claim-trustage-ventures-intake-001,trustage-ventures,TruStage Ventures,intake_portfolio-capital_bucket_signal,TruStage Ventures has source-backed Portfolio Capital bucket evidence: source text contains 'subsidiaries'.,https://www.trustage.com/ventures,fetched_source_page,primary,public_web,candidate_evidence,2026-05-31,"Auto-promoted intake evidence; not paper-ready. Snippet: tim policy USA Patriot Act Disclosure ¡Bienvenido! Sitemap TruStage® is the marketing name for TruStage Financial Group, Inc. its subsidiaries and affiliates. Securities distribute"
claim-trustage-ventures-intake-002,trustage-ventures,TruStage Ventures,intake_portfolio-capital_bucket_signal,TruStage Ventures has source-backed Portfolio Capital bucket evidence: source text contains 'portfolio companies'.,https://www.trustage.com/ventures,fetched_source_page,primary,public_web,candidate_evidence,2026-05-31,"Auto-promoted intake evidence; not paper-ready. Snippet: How we invest in credit union innovation $350 M Over $350 million invested to date including following-on rounds >1.8k More than 1,800 credit union and portfolio company partnershi"
claim-boathouse-capital-intake-001,boathouse-capital,Boathouse Capital,intake_portfolio-capital_bucket_signal,Boathouse Capital has source-backed Portfolio Capital bucket evidence: source text contains 'holdings'.,https://boathousecapital.com/,fetched_source_page,primary,public_web,candidate_evidence,2026-05-31,"Auto-promoted intake evidence; not paper-ready. Snippet: Related Insights June 30, 2015 Boathouse Capital Invests in ALHI Aligned Fitness Holdings Aligned Fitness operates 34 studios across North Carolina, Georgia, and South Carolina mak"
claim-boathouse-capital-intake-002,boathouse-capital,Boathouse Capital,intake_portfolio-capital_bucket_signal,Boathouse Capital has source-backed Portfolio Capital bucket evidence: source text contains 'buy and build'.,https://boathousecapital.com/,fetched_source_page,primary,public_web,candidate_evidence,2026-05-31,Auto-promoted intake evidence; not paper-ready. Snippet: Boathouse Capital invested growth capital to help Guidewell execute on its buy and build strategy across the educational ecosystem.
claim-kickstart-ventures-intake-001,kickstart-ventures,Kickstart Ventures,intake_portfolio-capital_bucket_signal,Kickstart Ventures has source-backed Portfolio Capital bucket evidence: source text contains 'subsidiary'.,https://www.kickstart.ph/,fetched_source_page,primary,public_web,candidate_evidence,2026-05-31,"Auto-promoted intake evidence; not paper-ready. Snippet: We believe in nurturing companies with transformative potential A wholly-owned subsidiary of Globe Telecom, Kickstart has 70 investments globally, led by more than 130 founders."
claim-kickstart-ventures-intake-002,kickstart-ventures,Kickstart Ventures,intake_portfolio-capital_bucket_signal,Kickstart Ventures has source-backed Portfolio Capital bucket evidence: source text contains 'wholly-owned'.,https://www.kickstart.ph/,fetched_source_page,primary,public_web,candidate_evidence,2026-05-31,"Auto-promoted intake evidence; not paper-ready. Snippet: We believe in nurturing companies with transformative potential A wholly-owned subsidiary of Globe Telecom, Kickstart has 70 investments globally, led by more than 130 founders."
claim-marathon-ventures-intake-001,marathon-ventures,Marathon Ventures,intake_smv_bucket_signal,Marathon Ventures has source-backed SMV bucket evidence: source text contains 'vertical software'.,https://www.marathonvc.com/,fetched_source_page,primary,public_web,candidate_evidence,2026-05-31,"Auto-promoted intake evidence; not paper-ready. Snippet: Founders Valentina Valencia Co-Investors a16z, Nazca & Canary Website > EARTHTRACK EarthTrack is vertical software startup that helps mining companies reduce costs and increase eff"
claim-marathon-ventures-intake-002,marathon-ventures,Marathon Ventures,intake_smv_bucket_signal,Marathon Ventures has source-backed SMV bucket evidence: source text contains 'vertical saas'.,https://www.marathonvc.com/,fetched_source_page,primary,public_web,candidate_evidence,2026-05-31,"Auto-promoted intake evidence; not paper-ready. Snippet: Founders Enrique Villamarin, Juan Carlos Narváez & Nicolas Villegas Co-Investors 8VC, Rappi founders, Monashees, Dragoneer, Softbank, Avenir Growth, Vine & Bedrock Capital Website "
claim-marathon-ventures-intake-003,marathon-ventures,Marathon Ventures,intake_smv_bucket_signal,Marathon Ventures has source-backed SMV bucket evidence: source text contains 'profitable'.,https://www.marathonvc.com/,fetched_source_page,primary,public_web,candidate_evidence,2026-05-31,"Auto-promoted intake evidence; not paper-ready. Snippet: Through its app, the hardware retailers can supply their businesses in a centralized, profitable and convenient way, and find solutions to grow."
claim-marathon-ventures-intake-004,marathon-ventures,Marathon Ventures,intake_smv_bucket_signal,Marathon Ventures has source-backed SMV bucket evidence: source text contains 'working capital'.,https://www.marathonvc.com/,fetched_source_page,primary,public_web,candidate_evidence,2026-05-31,"Auto-promoted intake evidence; not paper-ready. Snippet: Founders Juan Pablo Ramos, Patricio Servitje Co-Investors Greenoaks, Canary, Quona, & Picus Website > WONDER BRANDS Wonder Brands creates and acquires digital brands and leverages "
claim-rcn-capital-intake-001,rcn-capital,RCN Capital,intake_patient-capital_bucket_signal,RCN Capital has source-backed Patient Capital bucket evidence: source text contains 'long-term'.,https://www.rcncapital.com,fetched_source_page,primary,public_web,candidate_evidence,2026-05-31,Auto-promoted intake evidence; not paper-ready. Snippet: RCN Capital | Direct Financing for Real Estate Investments RCN Capital | Direct Financing for Real Estate Investments Loan Programs Structured Finance Partners About Resources Cont
claim-rcn-capital-intake-002,rcn-capital,RCN Capital,intake_patient-capital_bucket_signal,RCN Capital has source-backed Patient Capital bucket evidence: source text contains 'trust'.,https://www.rcncapital.com,fetched_source_page,primary,public_web,candidate_evidence,2026-05-31,Auto-promoted intake evidence; not paper-ready. Snippet: PREFERRED VENDORS View RCN Capital’s Curated Network of Trusted and Reliable Vendors to Streamline Your Real Estate Business.
claim-glilot-capital-partners-intake-001,glilot-capital-partners,Glilot Capital Partners,intake_smv_bucket_signal,Glilot Capital Partners has source-backed SMV bucket evidence: source text contains 'founder-friendly'.,https://www.glilotcapital.com/,fetched_source_page,primary,public_web,candidate_evidence,2026-05-31,Auto-promoted intake evidence; not paper-ready. Snippet: Name: Shay Morag Position: CEO of Ermetic Glilot is founder-friendly and here to support founders and companies.
claim-glilot-capital-partners-intake-002,glilot-capital-partners,Glilot Capital Partners,intake_smv_bucket_signal,Glilot Capital Partners has source-backed SMV bucket evidence: source text contains 'flexible capital'.,https://www.glilotcapital.com/,fetched_source_page,primary,public_web,candidate_evidence,2026-05-31,"Auto-promoted intake evidence; not paper-ready. Snippet: Focused on Cybersecurity and AI, Glilot brings hands-on experience, flexible capital, and a global network that delivers results."
claim-serpentine-ventures-intake-001,serpentine-ventures,Serpentine Ventures,intake_sovereign-capital_bucket_signal,Serpentine Ventures has source-backed Sovereign Capital bucket evidence: source text contains 'clean energy'.,https://www.serpentine.vc,fetched_source_page,primary,public_web,candidate_evidence,2026-05-31,"Auto-promoted intake evidence; not paper-ready. Snippet: (read more…) 04.11.2025 Voltiris Ranks 4th at the 2025 TOP 100 Swiss Startup Awards Voltiris, a Serpentine Ventures portfolio company, ranked #4 in the 2025 TOP 100 Swiss Startup A"
claim-serpentine-ventures-intake-002,serpentine-ventures,Serpentine Ventures,intake_sovereign-capital_bucket_signal,Serpentine Ventures has source-backed Sovereign Capital bucket evidence: source text contains 'climate tech'.,https://www.serpentine.vc,fetched_source_page,primary,public_web,candidate_evidence,2026-05-31,Auto-promoted intake evidence; not paper-ready. Snippet: Exactly the kind of scalable climate tech we like to back.
claim-openocean-intake-001,openocean,OpenOcean,intake_lmv_bucket_signal,OpenOcean has source-backed LMV bucket evidence: source text contains 'ai-native'.,https://www.openocean.vc,fetched_source_page,primary,public_web,candidate_evidence,2026-05-31,"Auto-promoted intake evidence; not paper-ready. Snippet: January 6, 2026 Our portfolio See our entire portfolio We back relentless AI-native founders IQM IQM leads in superconducting quantum computers, advancing the field with cutting-ed"
claim-openocean-intake-002,openocean,OpenOcean,intake_lmv_bucket_signal,OpenOcean has source-backed LMV bucket evidence: source text contains 'founder-first'.,https://www.openocean.vc,fetched_source_page,primary,public_web,candidate_evidence,2026-05-31,Auto-promoted intake evidence; not paper-ready. Snippet: Read more Our investment philosophy is centered on data being the ultimate moat in AI AI-enabled Services Horizontal & Vertical AI Automation Quantum & Scalable AI Computation Agen
claim-prime-movers-lab-intake-001,prime-movers-lab,Prime Movers Lab,intake_sovereign-capital_bucket_signal,Prime Movers Lab has source-backed Sovereign Capital bucket evidence: source text contains 'clean energy'.,https://www.primemoverslab.com,fetched_source_page,primary,public_web,candidate_evidence,2026-05-31,Auto-promoted intake evidence; not paper-ready. Snippet: Inventing the Future Startup Playbook Robots and Humans Thought Paper The Electricity Grid Thought Paper Critical Minerals for a Clean Energy Transition Thought Paper Orbital Debri
claim-prime-movers-lab-intake-002,prime-movers-lab,Prime Movers Lab,intake_sovereign-capital_bucket_signal,Prime Movers Lab has source-backed Sovereign Capital bucket evidence: source text contains 'clean energy transition'.,https://www.primemoverslab.com,fetched_source_page,primary,public_web,candidate_evidence,2026-05-31,Auto-promoted intake evidence; not paper-ready. Snippet: Inventing the Future Startup Playbook Robots and Humans Thought Paper The Electricity Grid Thought Paper Critical Minerals for a Clean Energy Transition Thought Paper Orbital Debri
claim-prime-movers-lab-intake-003,prime-movers-lab,Prime Movers Lab,intake_sovereign-capital_bucket_signal,Prime Movers Lab has source-backed Sovereign Capital bucket evidence: source text contains 'energy transition'.,https://www.primemoverslab.com,fetched_source_page,primary,public_web,candidate_evidence,2026-05-31,Auto-promoted intake evidence; not paper-ready. Snippet: ting the Future Startup Playbook Robots and Humans Thought Paper The Electricity Grid Thought Paper Critical Minerals for a Clean Energy Transition Thought Paper Orbital Debris Tho
claim-quantonation-intake-001,quantonation,Quantonation,intake_lmv_bucket_signal,Quantonation has source-backed LMV bucket evidence: source text contains 'ai-native'.,https://quantonation.com,fetched_source_page,primary,public_web,candidate_evidence,2026-05-31,"Auto-promoted intake evidence; not paper-ready. Snippet: DIFFERENTIATING THROUGH AI-NATIVE WORKFLOWS Unlike traditional CAD software, Zoo is purpose-built for AI integration and developer extensibility."
claim-quantonation-intake-002,quantonation,Quantonation,intake_lmv_bucket_signal,Quantonation has source-backed LMV bucket evidence: source text contains 'accelerator'.,https://quantonation.com,fetched_source_page,primary,public_web,candidate_evidence,2026-05-31,"Auto-promoted intake evidence; not paper-ready. Snippet: Delivered through a chiplet-based architecture, Vertical Compute’s technology is designed to integrate with existing processors rather than replace them, enhancing CPUs, GPUs and c"
claim-quantonation-intake-003,quantonation,Quantonation,intake_lmv_bucket_signal,Quantonation has source-backed LMV bucket evidence: source text contains 'fund i'.,https://quantonation.com,fetched_source_page,primary,public_web,candidate_evidence,2026-05-31,Auto-promoted intake evidence; not paper-ready. Snippet: More here What we do Our Thesis Quantonation is a global early-stage venture capital fund investing in breakthrough technologies based on advances in physics and computing.
claim-seraphim-space-intake-001,seraphim-space,Seraphim Space,intake_lmv_bucket_signal,Seraphim Space has source-backed LMV bucket evidence: source text contains 'accelerator'.,https://www.seraphim.vc,fetched_source_page,primary,public_web,candidate_evidence,2026-05-31,Auto-promoted intake evidence; not paper-ready. Snippet: UK/rest of World USA About About Team Focus ESG Portfolio Space Index SSIT (Growth Fund) Accelerator Funds Space Venture Fund Co-invest Insights News & Case Studies Research Insigh
claim-seraphim-space-intake-002,seraphim-space,Seraphim Space,intake_lmv_bucket_signal,Seraphim Space has source-backed LMV bucket evidence: source text contains 'syndicate'.,https://www.seraphim.vc,fetched_source_page,primary,public_web,candidate_evidence,2026-05-31,"Auto-promoted intake evidence; not paper-ready. Snippet: The seven-bank syndicate is comprised of Nordic, […] Learn More Voyager And Red Hat Deploy Enterprise Linux In Orbit TL;DR / Executive Summary Red Hat, the world’s leading provider"
claim-surdna-foundation-intake-001,surdna-foundation,Surdna Foundation,intake_patient-capital_bucket_signal,Surdna Foundation has source-backed Patient Capital bucket evidence: source text contains 'steward'.,https://surdna.org/,fetched_source_page,primary,public_web,candidate_evidence,2026-05-28,"Auto-promoted intake evidence; not paper-ready. Snippet: To this day, family stewardship of the Foundation is guided by Andrus’ commitment to serving those in need."
claim-surdna-foundation-intake-002,surdna-foundation,Surdna Foundation,intake_patient-capital_bucket_signal,Surdna Foundation has source-backed Patient Capital bucket evidence: source text contains 'stewardship'.,https://surdna.org/,fetched_source_page,primary,public_web,candidate_evidence,2026-05-28,"Auto-promoted intake evidence; not paper-ready. Snippet: To this day, family stewardship of the Foundation is guided by Andrus’ commitment to serving those in need."
claim-surdna-foundation-intake-003,surdna-foundation,Surdna Foundation,intake_patient-capital_bucket_signal,Surdna Foundation has source-backed Patient Capital bucket evidence: source text contains 'mission'.,https://surdna.org/,fetched_source_page,primary,public_web,candidate_evidence,2026-05-28,"Auto-promoted intake evidence; not paper-ready. Snippet: Born and raised in Harlem in the 70s and 80s, Lauren Jacobs, executive… Our Mission Fostering sustainable communities in the United States — communities guided by principles of soc"
claim-surdna-foundation-intake-004,surdna-foundation,Surdna Foundation,intake_patient-capital_bucket_signal,Surdna Foundation has source-backed Patient Capital bucket evidence: source text contains 'purpose'.,https://surdna.org/,fetched_source_page,primary,public_web,candidate_evidence,2026-05-28,"Auto-promoted intake evidence; not paper-ready. Snippet: ainable Communities Our History The Surdna Foundation was founded in 1917 by John Emory Andrus to pursue a range of philanthropic purposes. To this day, family stewardship of the F"
claim-surdna-foundation-intake-005,surdna-foundation,Surdna Foundation,intake_patient-capital_bucket_signal,Surdna Foundation has source-backed Patient Capital bucket evidence: source text contains 'foundation'.,https://surdna.org/,fetched_source_page,primary,public_web,candidate_evidence,2026-05-28,"Auto-promoted intake evidence; not paper-ready. Snippet: To this day, family stewardship of the Foundation is guided by Andrus’ commitment to serving those in need."
claim-surdna-foundation-intake-006,surdna-foundation,Surdna Foundation,intake_patient-capital_bucket_signal,Surdna Foundation has source-backed Patient Capital bucket evidence: source text contains 'philanthropic'.,https://surdna.org/,fetched_source_page,primary,public_web,candidate_evidence,2026-05-28,"Auto-promoted intake evidence; not paper-ready. Snippet: Just and Sustainable Communities Our History The Surdna Foundation was founded in 1917 by John Emory Andrus to pursue a range of philanthropic purposes. To this day, family steward"
claim-surdna-foundation-intake-007,surdna-foundation,Surdna Foundation,intake_patient-capital_bucket_signal,Surdna Foundation has source-backed Patient Capital bucket evidence: source text contains 'generations'.,https://surdna.org/,fetched_source_page,primary,public_web,candidate_evidence,2026-05-28,"Auto-promoted intake evidence; not paper-ready. Snippet: For over five generations, the Foundation has been governed largely by descendants of John Andrus and has developed a tradition of innovative service for those in need of help or o"
claim-surdna-foundation-intake-008,surdna-foundation,Surdna Foundation,intake_patient-capital_bucket_signal,Surdna Foundation has source-backed Patient Capital bucket evidence: source text contains 'impact'.,https://surdna.org/,fetched_source_page,primary,public_web,candidate_evidence,2026-05-28,"Auto-promoted intake evidence; not paper-ready. Snippet: The foundation… Resilient Organizations Initiative April 16, 2026 Beyond the Money: The Power of a Question We’re highlighting this story from our recent six-year impact report: Jo"
claim-surdna-foundation-intake-009,surdna-foundation,Surdna Foundation,intake_patient-capital_bucket_signal,Surdna Foundation has source-backed Patient Capital bucket evidence: source text contains 'impact investing'.,https://surdna.org/,fetched_source_page,primary,public_web,candidate_evidence,2026-05-28,Auto-promoted intake evidence; not paper-ready. Snippet: amily Fund Other Initiatives Resilient Organizations Initiative Grants Grants Database Prospective Grantees Investments & Finance Impact Investing Financial Reports Annual Reports 
claim-mcknight-foundation-intake-001,mcknight-foundation,McKnight Foundation,intake_patient-capital_bucket_signal,McKnight Foundation has source-backed Patient Capital bucket evidence: source text contains 'long-term'.,https://www.mcknight.org/,fetched_source_page,primary,public_web,candidate_evidence,2026-05-28,Auto-promoted intake evidence; not paper-ready. Snippet: READ MORE Investing in People and Prosperity in Minnesota As the long-term impacts of Operation Metro Surge begin to emerge—from housing and education to jobs and the local economy
claim-mcknight-foundation-intake-002,mcknight-foundation,McKnight Foundation,intake_patient-capital_bucket_signal,McKnight Foundation has source-backed Patient Capital bucket evidence: source text contains 'mission'.,https://www.mcknight.org/,fetched_source_page,primary,public_web,candidate_evidence,2026-05-28,"Auto-promoted intake evidence; not paper-ready. Snippet: READ MORE All In On Mission: Protecting Communities and Defending Democracy At McKnight, we believe the future is not finished."
claim-mcknight-foundation-intake-003,mcknight-foundation,McKnight Foundation,intake_patient-capital_bucket_signal,McKnight Foundation has source-backed Patient Capital bucket evidence: source text contains 'foundation'.,https://www.mcknight.org/,fetched_source_page,primary,public_web,candidate_evidence,2026-05-28,Auto-promoted intake evidence; not paper-ready. Snippet: READ MORE Showing Up With Heart McKnight Foundation stands with all of the Minnesotans choosing love and solidarity in the face of fear.
claim-mcknight-foundation-intake-004,mcknight-foundation,McKnight Foundation,intake_patient-capital_bucket_signal,McKnight Foundation has source-backed Patient Capital bucket evidence: source text contains 'philanthropy'.,https://www.mcknight.org/,fetched_source_page,primary,public_web,candidate_evidence,2026-05-28,"Auto-promoted intake evidence; not paper-ready. Snippet: esota: To Preserve Our Planet, We Must Also Preserve Our Democracy By Ben Passer February 2026 Category: Press Clips Chronicle of Philanthropy | Philanthropy Must Stand Up for Minn"
claim-mcknight-foundation-intake-005,mcknight-foundation,McKnight Foundation,intake_patient-capital_bucket_signal,McKnight Foundation has source-backed Patient Capital bucket evidence: source text contains 'impact'.,https://www.mcknight.org/,fetched_source_page,primary,public_web,candidate_evidence,2026-05-28,Auto-promoted intake evidence; not paper-ready. Snippet: READ MORE Investing in People and Prosperity in Minnesota As the long-term impacts of Operation Metro Surge begin to emerge—from housing and education to jobs and the local economy
claim-mcknight-foundation-intake-006,mcknight-foundation,McKnight Foundation,intake_patient-capital_bucket_signal,McKnight Foundation has source-backed Patient Capital bucket evidence: source text contains 'impact investing'.,https://www.mcknight.org/,fetched_source_page,primary,public_web,candidate_evidence,2026-05-28,Auto-promoted intake evidence; not paper-ready. Snippet: Climate & Energy Neuroscience Vibrant & Equitable Communities Grants For Grantees For Grantseekers Funding FAQ Search Our Grants Impact Investing Why We Invest How We Invest Where 
claim-duke-university-management-company-dumac-intake-001,duke-university-management-company-dumac,Duke University Management Company (DUMAC),intake_patient-capital_bucket_signal,Duke University Management Company (DUMAC) has source-backed Patient Capital bucket evidence: source text contains 'long-term'.,https://www.dumac.duke.edu/,fetched_source_page,primary,public_web,candidate_evidence,2026-05-29,"Auto-promoted intake evidence; not paper-ready. Snippet: We take a patient, long-term approach to investing, allowing us to weather market volatility and capitalize on opportunities that align with Duke’s mission."
claim-duke-university-management-company-dumac-intake-002,duke-university-management-company-dumac,Duke University Management Company (DUMAC),intake_patient-capital_bucket_signal,Duke University Management Company (DUMAC) has source-backed Patient Capital bucket evidence: source text contains 'mission'.,https://www.dumac.duke.edu/,fetched_source_page,primary,public_web,candidate_evidence,2026-05-29,Auto-promoted intake evidence; not paper-ready. Snippet: Home - DUMAC Home - DUMAC Skip to the content DUMAC Toggle the mobile menu Toggle the search field Home Partners Responsibility Careers Board Team Search Home Partners Responsibili
claim-duke-university-management-company-dumac-intake-003,duke-university-management-company-dumac,Duke University Management Company (DUMAC),intake_patient-capital_bucket_signal,Duke University Management Company (DUMAC) has source-backed Patient Capital bucket evidence: source text contains 'endowment'.,https://www.dumac.duke.edu/,fetched_source_page,primary,public_web,candidate_evidence,2026-05-29,"Auto-promoted intake evidence; not paper-ready. Snippet: DUMAC is professionally staffed organization that manages Duke University’s endowment assets, Duke university’s defined benefit pension plan assets, Duke University Health System’s"
claim-duke-university-management-company-dumac-intake-004,duke-university-management-company-dumac,Duke University Management Company (DUMAC),intake_patient-capital_bucket_signal,Duke University Management Company (DUMAC) has source-backed Patient Capital bucket evidence: source text contains 'charitable'.,https://www.dumac.duke.edu/,fetched_source_page,primary,public_web,candidate_evidence,2026-05-29,"Auto-promoted intake evidence; not paper-ready. Snippet: DUMAC is professionally staffed organization that manages Duke University’s endowment assets, Duke university’s defined benefit pension plan assets, Duke University Health System’s"
claim-duke-university-management-company-dumac-intake-005,duke-university-management-company-dumac,Duke University Management Company (DUMAC),intake_patient-capital_bucket_signal,Duke University Management Company (DUMAC) has source-backed Patient Capital bucket evidence: source text contains 'trust'.,https://www.dumac.duke.edu/,fetched_source_page,primary,public_web,candidate_evidence,2026-05-29,"Auto-promoted intake evidence; not paper-ready. Snippet: DUMAC is professionally staffed organization that manages Duke University’s endowment assets, Duke university’s defined benefit pension plan assets, Duke University Health System’s"
claim-duke-university-management-company-dumac-intake-006,duke-university-management-company-dumac,Duke University Management Company (DUMAC),intake_patient-capital_bucket_signal,Duke University Management Company (DUMAC) has source-backed Patient Capital bucket evidence: source text contains 'impact'.,https://www.dumac.duke.edu/,fetched_source_page,primary,public_web,candidate_evidence,2026-05-29,"Auto-promoted intake evidence; not paper-ready. Snippet: Impact The mission of Duke University’s endowment is to support the people, programs and activities of the university in perpetuity."
claim-mit-investment-management-company-mitimco-intake-001,mit-investment-management-company-mitimco,MIT Investment Management Company (MITIMCo),intake_patient-capital_bucket_signal,MIT Investment Management Company (MITIMCo) has source-backed Patient Capital bucket evidence: source text contains 'long-term'.,https://www.mitimco.org/,fetched_source_page,primary,public_web,candidate_evidence,2026-05-29,Auto-promoted intake evidence; not paper-ready. Snippet: MITIMCo | Delivering long-term investment returns for MIT MITIMCo | Delivering long-term investment returns for MIT Who We Are Impact Our Team Our History Inves
claim-mit-investment-management-company-mitimco-intake-002,mit-investment-management-company-mitimco,MIT Investment Management Company (MITIMCo),intake_patient-capital_bucket_signal,MIT Investment Management Company (MITIMCo) has source-backed Patient Capital bucket evidence: source text contains 'purpose'.,https://www.mitimco.org/,fetched_source_page,primary,public_web,candidate_evidence,2026-05-29,"Auto-promoted intake evidence; not paper-ready. Snippet: Learn More Insights MITIMCo Publications MITIMCo 15 Year Alumni Letter Learn More MITIMCo Publications ESG Framework Learn More MITIMCo Publications Autonomy, Mastery and Purpose i"
claim-mit-investment-management-company-mitimco-intake-003,mit-investment-management-company-mitimco,MIT Investment Management Company (MITIMCo),intake_patient-capital_bucket_signal,MIT Investment Management Company (MITIMCo) has source-backed Patient Capital bucket evidence: source text contains 'endowment'.,https://www.mitimco.org/,fetched_source_page,primary,public_web,candidate_evidence,2026-05-29,Auto-promoted intake evidence; not paper-ready. Snippet: ure Our Aspirational Values Job Openings FAQs Contact Delivering outstanding long-term investment returns for MIT We invest MIT’s endowment and pension portfolios to sustain the In
claim-mit-investment-management-company-mitimco-intake-004,mit-investment-management-company-mitimco,MIT Investment Management Company (MITIMCo),intake_patient-capital_bucket_signal,MIT Investment Management Company (MITIMCo) has source-backed Patient Capital bucket evidence: source text contains 'impact'.,https://www.mitimco.org/,fetched_source_page,primary,public_web,candidate_evidence,2026-05-29,Auto-promoted intake evidence; not paper-ready. Snippet: Learn More Careers Our team is deeply motivated to further MIT’s impact on the world.
claim-stanford-management-company-intake-001,stanford-management-company,Stanford Management Company,intake_patient-capital_bucket_signal,Stanford Management Company has source-backed Patient Capital bucket evidence: source text contains 'long-term'.,https://smc.stanford.edu/,fetched_source_page,primary,public_web,candidate_evidence,2026-05-29,Auto-promoted intake evidence; not paper-ready. Snippet: Stanford Management Company | Stanford Management Company Stanford Management Company | Stanford Management Company Our Mission Our Strategy Our Team Our Partners Careers FAQ Resou
claim-stanford-management-company-intake-002,stanford-management-company,Stanford Management Company,intake_patient-capital_bucket_signal,Stanford Management Company has source-backed Patient Capital bucket evidence: source text contains 'steward'.,https://smc.stanford.edu/,fetched_source_page,primary,public_web,candidate_evidence,2026-05-29,"Auto-promoted intake evidence; not paper-ready. Snippet: SMC provides expert investment management and stewardship of the Merged Pool, which includes substantially all of Stanford’s investable endowment assets."
claim-stanford-management-company-intake-003,stanford-management-company,Stanford Management Company,intake_patient-capital_bucket_signal,Stanford Management Company has source-backed Patient Capital bucket evidence: source text contains 'stewardship'.,https://smc.stanford.edu/,fetched_source_page,primary,public_web,candidate_evidence,2026-05-29,"Auto-promoted intake evidence; not paper-ready. Snippet: SMC provides expert investment management and stewardship of the Merged Pool, which includes substantially all of Stanford’s investable endowment assets."
claim-stanford-management-company-intake-004,stanford-management-company,Stanford Management Company,intake_patient-capital_bucket_signal,Stanford Management Company has source-backed Patient Capital bucket evidence: source text contains 'mission'.,https://smc.stanford.edu/,fetched_source_page,primary,public_web,candidate_evidence,2026-05-29,Auto-promoted intake evidence; not paper-ready. Snippet: Stanford Management Company | Stanford Management Company Stanford Management Company | Stanford Management Company Our Mission Our Strategy Our Team Our Partners Careers FAQ Resou
claim-stanford-management-company-intake-005,stanford-management-company,Stanford Management Company,intake_patient-capital_bucket_signal,Stanford Management Company has source-backed Patient Capital bucket evidence: source text contains 'endowment'.,https://smc.stanford.edu/,fetched_source_page,primary,public_web,candidate_evidence,2026-05-29,Auto-promoted intake evidence; not paper-ready. Snippet: Stanford Management Company | Stanford Management Company Stanford Management Company | Stanford Management Company Our Mission Our Strategy Our Team Our Partners Careers FAQ Resou
claim-stanford-management-company-intake-006,stanford-management-company,Stanford Management Company,intake_patient-capital_bucket_signal,Stanford Management Company has source-backed Patient Capital bucket evidence: source text contains 'trust'.,https://smc.stanford.edu/,fetched_source_page,primary,public_web,candidate_evidence,2026-05-29,Auto-promoted intake evidence; not paper-ready. Snippet: SMC is overseen by a Board of Directors appointed by the University Board of Trustees.
claim-stanford-management-company-intake-007,stanford-management-company,Stanford Management Company,intake_patient-capital_bucket_signal,Stanford Management Company has source-backed Patient Capital bucket evidence: source text contains 'generations'.,https://smc.stanford.edu/,fetched_source_page,primary,public_web,candidate_evidence,2026-05-29,Auto-promoted intake evidence; not paper-ready. Snippet: Stanford Management Company | Stanford Management Company Stanford Management Company | Stanford Management Company Our Mission Our Strategy Our Team Our Partners Careers FAQ Resou
claim-the-university-of-texas-texas-a-m-investment-management-company-utimco-intake-001,the-university-of-texas-texas-a-m-investment-management-company-utimco,The University of Texas/Texas A&M Investment Management Company (UTIMCO),intake_patient-capital_bucket_signal,The University of Texas/Texas A&M Investment Management Company (UTIMCO) has source-backed Patient Capital bucket evidence: source text contains 'long-term'.,https://www.utimco.org/,fetched_source_page,primary,public_web,candidate_evidence,2026-05-29,"Auto-promoted intake evidence; not paper-ready. Snippet: UTIMCO's mission is to generate superior long-term investment returns to support The University of Texas and Texas A&M University Systems as they provide world-class teaching, push"
claim-the-university-of-texas-texas-a-m-investment-management-company-utimco-intake-002,the-university-of-texas-texas-a-m-investment-management-company-utimco,The University of Texas/Texas A&M Investment Management Company (UTIMCO),intake_patient-capital_bucket_signal,The University of Texas/Texas A&M Investment Management Company (UTIMCO) has source-backed Patient Capital bucket evidence: source text contains 'mission'.,https://www.utimco.org/,fetched_source_page,primary,public_web,candidate_evidence,2026-05-29,"Auto-promoted intake evidence; not paper-ready. Snippet: UTIMCO's mission is to generate superior long-term investment returns to support The University of Texas and Texas A&M University Systems as they provide world-class teaching, push"
claim-the-university-of-texas-texas-a-m-investment-management-company-utimco-intake-003,the-university-of-texas-texas-a-m-investment-management-company-utimco,The University of Texas/Texas A&M Investment Management Company (UTIMCO),intake_patient-capital_bucket_signal,The University of Texas/Texas A&M Investment Management Company (UTIMCO) has source-backed Patient Capital bucket evidence: source text contains 'endowment'.,https://www.utimco.org/,fetched_source_page,primary,public_web,candidate_evidence,2026-05-29,"Auto-promoted intake evidence; not paper-ready. Snippet: UTIMCO's vision is to strive to be the world's leading endowment fund, making a lasting positive impact on the future of Texas and beyond."
claim-the-university-of-texas-texas-a-m-investment-management-company-utimco-intake-004,the-university-of-texas-texas-a-m-investment-management-company-utimco,The University of Texas/Texas A&M Investment Management Company (UTIMCO),intake_patient-capital_bucket_signal,The University of Texas/Texas A&M Investment Management Company (UTIMCO) has source-backed Patient Capital bucket evidence: source text contains 'legacy'.,https://www.utimco.org/,fetched_source_page,primary,public_web,candidate_evidence,2026-05-29,"Auto-promoted intake evidence; not paper-ready. Snippet: A Legacy of Success UTIMCO manages the largest public endowment fund in the nation, which is both a privilege, and a responsibility."
claim-the-university-of-texas-texas-a-m-investment-management-company-utimco-intake-005,the-university-of-texas-texas-a-m-investment-management-company-utimco,The University of Texas/Texas A&M Investment Management Company (UTIMCO),intake_patient-capital_bucket_signal,The University of Texas/Texas A&M Investment Management Company (UTIMCO) has source-backed Patient Capital bucket evidence: source text contains 'impact'.,https://www.utimco.org/,fetched_source_page,primary,public_web,candidate_evidence,2026-05-29,"Auto-promoted intake evidence; not paper-ready. Snippet: UTIMCO's vision is to strive to be the world's leading endowment fund, making a lasting positive impact on the future of Texas and beyond."
claim-cornell-university-office-of-university-investments-intake-001,cornell-university-office-of-university-investments,Cornell University Office of University Investments,intake_patient-capital_bucket_signal,Cornell University Office of University Investments has source-backed Patient Capital bucket evidence: source text contains 'mission'.,https://www.investmentoffice.cornell.edu/,fetched_source_page,primary,public_web,candidate_evidence,2026-05-30,Auto-promoted intake evidence; not paper-ready. Snippet: The Investment Office helps support the University’s mission of being a top research university that provides accessibility to students.
claim-cornell-university-office-of-university-investments-intake-002,cornell-university-office-of-university-investments,Cornell University Office of University Investments,intake_patient-capital_bucket_signal,Cornell University Office of University Investments has source-backed Patient Capital bucket evidence: source text contains 'endowment'.,https://www.investmentoffice.cornell.edu/,fetched_source_page,primary,public_web,candidate_evidence,2026-05-30,Auto-promoted intake evidence; not paper-ready. Snippet: For more information see our quarterly endowment reports.
claim-cornell-university-office-of-university-investments-intake-003,cornell-university-office-of-university-investments,Cornell University Office of University Investments,intake_patient-capital_bucket_signal,Cornell University Office of University Investments has source-backed Patient Capital bucket evidence: source text contains 'trust'.,https://www.investmentoffice.cornell.edu/,fetched_source_page,primary,public_web,candidate_evidence,2026-05-30,Auto-promoted intake evidence; not paper-ready. Snippet: About the Investment Office The Investment Office is responsible for implementing policies established by the University Board of Trustees and its Investment Committee. The Investm
claim-notre-dame-investment-office-intake-001,notre-dame-investment-office,Notre Dame Investment Office,intake_patient-capital_bucket_signal,Notre Dame Investment Office has source-backed Patient Capital bucket evidence: source text contains 'long-term'.,https://investment.nd.edu/,fetched_source_page,primary,public_web,candidate_evidence,2026-05-30,Auto-promoted intake evidence; not paper-ready. Snippet: Long-Term Investors Notre Dame was founded in 1842 by the Congregation of Holy Cross and will thrive for generations to come.
claim-notre-dame-investment-office-intake-002,notre-dame-investment-office,Notre Dame Investment Office,intake_patient-capital_bucket_signal,Notre Dame Investment Office has source-backed Patient Capital bucket evidence: source text contains 'steward'.,https://investment.nd.edu/,fetched_source_page,primary,public_web,candidate_evidence,2026-05-30,Auto-promoted intake evidence; not paper-ready. Snippet: Committed Team The loyalty and dedication of our people to Notre Dame’s mission leads us to steward the University’s assets as ‘family money’ and treat every interaction and relati
claim-notre-dame-investment-office-intake-003,notre-dame-investment-office,Notre Dame Investment Office,intake_patient-capital_bucket_signal,Notre Dame Investment Office has source-backed Patient Capital bucket evidence: source text contains 'mission'.,https://investment.nd.edu/,fetched_source_page,primary,public_web,candidate_evidence,2026-05-30,Auto-promoted intake evidence; not paper-ready. Snippet: Investment Office | University of Notre Dame Investment Office | University of Notre Dame Skip To Content Skip To Navigation Skip To Search University of Notre Dame Investment Offi
claim-notre-dame-investment-office-intake-004,notre-dame-investment-office,Notre Dame Investment Office,intake_patient-capital_bucket_signal,Notre Dame Investment Office has source-backed Patient Capital bucket evidence: source text contains 'foundation'.,https://investment.nd.edu/,fetched_source_page,primary,public_web,candidate_evidence,2026-05-30,"Auto-promoted intake evidence; not paper-ready. Snippet: Thanks to the generosity of the University’s alumni and other benefactors, and prudent long‐term investment and spending policies, the Endowment provides a solid financial foundati"
claim-notre-dame-investment-office-intake-005,notre-dame-investment-office,Notre Dame Investment Office,intake_patient-capital_bucket_signal,Notre Dame Investment Office has source-backed Patient Capital bucket evidence: source text contains 'endowment'.,https://investment.nd.edu/,fetched_source_page,primary,public_web,candidate_evidence,2026-05-30,"Auto-promoted intake evidence; not paper-ready. Snippet: Edward Sorin, C.S.C., 1842 The Notre Dame Investment Office is responsible for investing the Notre Dame Endowment and other financial assets of the University."
claim-notre-dame-investment-office-intake-006,notre-dame-investment-office,Notre Dame Investment Office,intake_patient-capital_bucket_signal,Notre Dame Investment Office has source-backed Patient Capital bucket evidence: source text contains 'generations'.,https://investment.nd.edu/,fetched_source_page,primary,public_web,candidate_evidence,2026-05-30,"Auto-promoted intake evidence; not paper-ready. Snippet: Thanks to the generosity of the University’s alumni and other benefactors, and prudent long‐term investment and spending policies, the Endowment provides a solid financial foundati"
claim-princeton-university-investment-company-princo-intake-001,princeton-university-investment-company-princo,Princeton University Investment Company (PRINCO),intake_patient-capital_bucket_signal,Princeton University Investment Company (PRINCO) has source-backed Patient Capital bucket evidence: source text contains 'perpetual'.,https://princo.princeton.edu/,fetched_source_page,primary,public_web,candidate_evidence,2026-05-30,"Auto-promoted intake evidence; not paper-ready. Snippet: Join Our Team Intellectual Challenge Our distinctive investment philosophy and culture, along with the perpetual nature of the Endowment, creates a compelling intellectual challeng"
claim-princeton-university-investment-company-princo-intake-002,princeton-university-investment-company-princo,Princeton University Investment Company (PRINCO),intake_patient-capital_bucket_signal,Princeton University Investment Company (PRINCO) has source-backed Patient Capital bucket evidence: source text contains 'mission'.,https://princo.princeton.edu/,fetched_source_page,primary,public_web,candidate_evidence,2026-05-30,Auto-promoted intake evidence; not paper-ready. Snippet: PRINCO – Princeton University Investment Company PRINCO – Princeton University Investment Company Toggle navigation Princo Home About Organizational Model Investment Strategy Missi
claim-princeton-university-investment-company-princo-intake-003,princeton-university-investment-company-princo,Princeton University Investment Company (PRINCO),intake_patient-capital_bucket_signal,Princeton University Investment Company (PRINCO) has source-backed Patient Capital bucket evidence: source text contains 'endowment'.,https://princo.princeton.edu/,fetched_source_page,primary,public_web,candidate_evidence,2026-05-30,"Auto-promoted intake evidence; not paper-ready. Snippet: Join Our Team Intellectual Challenge Our distinctive investment philosophy and culture, along with the perpetual nature of the Endowment, creates a compelling intellectual challeng"
claim-princeton-university-investment-company-princo-intake-004,princeton-university-investment-company-princo,Princeton University Investment Company (PRINCO),intake_patient-capital_bucket_signal,Princeton University Investment Company (PRINCO) has source-backed Patient Capital bucket evidence: source text contains 'trust'.,https://princo.princeton.edu/,fetched_source_page,primary,public_web,candidate_evidence,2026-05-30,"Auto-promoted intake evidence; not paper-ready. Snippet: Princeton University Investment Company · Princeton, NJ © 2025 The Trustees of Princeton University."
claim-princeton-university-investment-company-princo-intake-005,princeton-university-investment-company-princo,Princeton University Investment Company (PRINCO),intake_patient-capital_bucket_signal,Princeton University Investment Company (PRINCO) has source-backed Patient Capital bucket evidence: source text contains 'impact'.,https://princo.princeton.edu/,fetched_source_page,primary,public_web,candidate_evidence,2026-05-30,Auto-promoted intake evidence; not paper-ready. Snippet: PRINCO – Princeton University Investment Company PRINCO – Princeton University Investment Company Toggle navigation Princo Home About Organizational Model Investment Strategy Missi
claim-yale-investments-office-intake-001,yale-investments-office,Yale Investments Office,intake_patient-capital_bucket_signal,Yale Investments Office has source-backed Patient Capital bucket evidence: source text contains 'steward'.,https://investments.yale.edu/,fetched_source_page,primary,public_web,candidate_evidence,2026-05-30,"Auto-promoted intake evidence; not paper-ready. Snippet: Pause Our Impact Our stewardship of the Endowment furthers Yale’s mission by providing the largest source of financial support to the scholars, researchers, faculty, staff, and stu"
claim-yale-investments-office-intake-002,yale-investments-office,Yale Investments Office,intake_patient-capital_bucket_signal,Yale Investments Office has source-backed Patient Capital bucket evidence: source text contains 'stewardship'.,https://investments.yale.edu/,fetched_source_page,primary,public_web,candidate_evidence,2026-05-30,"Auto-promoted intake evidence; not paper-ready. Snippet: Pause Our Impact Our stewardship of the Endowment furthers Yale’s mission by providing the largest source of financial support to the scholars, researchers, faculty, staff, and stu"
claim-yale-investments-office-intake-003,yale-investments-office,Yale Investments Office,intake_patient-capital_bucket_signal,Yale Investments Office has source-backed Patient Capital bucket evidence: source text contains 'mission'.,https://investments.yale.edu/,fetched_source_page,primary,public_web,candidate_evidence,2026-05-30,"Auto-promoted intake evidence; not paper-ready. Snippet: Pause Our Impact Our stewardship of the Endowment furthers Yale’s mission by providing the largest source of financial support to the scholars, researchers, faculty, staff, and stu"
claim-yale-investments-office-intake-004,yale-investments-office,Yale Investments Office,intake_patient-capital_bucket_signal,Yale Investments Office has source-backed Patient Capital bucket evidence: source text contains 'endowment'.,https://investments.yale.edu/,fetched_source_page,primary,public_web,candidate_evidence,2026-05-30,"Auto-promoted intake evidence; not paper-ready. Snippet: I Agree Skip Navigation Open Menu The Endowment Partners People Careers Home We partner with the world’s best investors to enable the education, research, and innovation that Yale "
claim-yale-investments-office-intake-005,yale-investments-office,Yale Investments Office,intake_patient-capital_bucket_signal,Yale Investments Office has source-backed Patient Capital bucket evidence: source text contains 'impact'.,https://investments.yale.edu/,fetched_source_page,primary,public_web,candidate_evidence,2026-05-30,"Auto-promoted intake evidence; not paper-ready. Snippet: Pause Our Impact Our stewardship of the Endowment furthers Yale’s mission by providing the largest source of financial support to the scholars, researchers, faculty, staff, and stu"
claim-northwestern-university-investment-office-intake-001,northwestern-university-investment-office,Northwestern University Investment Office,intake_patient-capital_bucket_signal,Northwestern University Investment Office has source-backed Patient Capital bucket evidence: source text contains 'long-term'.,https://www.northwestern.edu/investment/,fetched_source_page,primary,public_web,candidate_evidence,2026-05-31,"Auto-promoted intake evidence; not paper-ready. Snippet: Fund Growth, Payouts and More Investments Through our strategic and responsible management of the endowment, we to contribute to the long-term success of the entire university."
claim-northwestern-university-investment-office-intake-002,northwestern-university-investment-office,Northwestern University Investment Office,intake_patient-capital_bucket_signal,Northwestern University Investment Office has source-backed Patient Capital bucket evidence: source text contains 'steward'.,https://www.northwestern.edu/investment/,fetched_source_page,primary,public_web,candidate_evidence,2026-05-31,Auto-promoted intake evidence; not paper-ready. Snippet: on Investment Responsibility (ACIR) Connect Connect Overview Career Opportunities Find the Office For Managers Investment Office Stewards of Northwestern's endowment and financial 
claim-northwestern-university-investment-office-intake-003,northwestern-university-investment-office,Northwestern University Investment Office,intake_patient-capital_bucket_signal,Northwestern University Investment Office has source-backed Patient Capital bucket evidence: source text contains 'mission'.,https://www.northwestern.edu/investment/,fetched_source_page,primary,public_web,candidate_evidence,2026-05-31,Auto-promoted intake evidence; not paper-ready. Snippet: content Northwestern University Connect Investment Office Search this site Search Menu About the Office About the Office Overview Mission About the Endowment News and Announcements
claim-northwestern-university-investment-office-intake-004,northwestern-university-investment-office,Northwestern University Investment Office,intake_patient-capital_bucket_signal,Northwestern University Investment Office has source-backed Patient Capital bucket evidence: source text contains 'purpose'.,https://www.northwestern.edu/investment/,fetched_source_page,primary,public_web,candidate_evidence,2026-05-31,"Auto-promoted intake evidence; not paper-ready. Snippet: When gifts are designated to the endowment, Northwestern accepts responsibility for ensuring that these contributions fulfill and sustain their intended purposes in perpetuity."
claim-northwestern-university-investment-office-intake-005,northwestern-university-investment-office,Northwestern University Investment Office,intake_patient-capital_bucket_signal,Northwestern University Investment Office has source-backed Patient Capital bucket evidence: source text contains 'endowment'.,https://www.northwestern.edu/investment/,fetched_source_page,primary,public_web,candidate_evidence,2026-05-31,"Auto-promoted intake evidence; not paper-ready. Snippet: When gifts are designated to the endowment, Northwestern accepts responsibility for ensuring that these contributions fulfill and sustain their intended purposes in perpetuity."
claim-northwestern-university-investment-office-intake-006,northwestern-university-investment-office,Northwestern University Investment Office,intake_patient-capital_bucket_signal,Northwestern University Investment Office has source-backed Patient Capital bucket evidence: source text contains 'impact'.,https://www.northwestern.edu/investment/,fetched_source_page,primary,public_web,candidate_evidence,2026-05-31,"Auto-promoted intake evidence; not paper-ready. Snippet: Endowment Fund Impact Our endowment has a transformative impact on the university and its students, promotes inclusive access, and supports the development of a vibrant community."
claim-northwestern-university-investment-office-intake-007,northwestern-university-investment-office,Northwestern University Investment Office,intake_patient-capital_bucket_signal,Northwestern University Investment Office has source-backed Patient Capital bucket evidence: source text contains 'long-term success'.,https://www.northwestern.edu/investment/,fetched_source_page,primary,public_web,candidate_evidence,2026-05-31,"Auto-promoted intake evidence; not paper-ready. Snippet: Fund Growth, Payouts and More Investments Through our strategic and responsible management of the endowment, we to contribute to the long-term success of the entire university."
claim-vanderbilt-university-office-of-investments-intake-001,vanderbilt-university-office-of-investments,Vanderbilt University Office of Investments,intake_patient-capital_bucket_signal,Vanderbilt University Office of Investments has source-backed Patient Capital bucket evidence: source text contains 'mission'.,https://www.vanderbilt.edu/investments/,fetched_source_page,primary,public_web,candidate_evidence,2026-05-31,Auto-promoted intake evidence; not paper-ready. Snippet: Permanent Support for Vanderbilt's Mission Vanderbilt is partially funded by an endowment comprised of thousands of philanthropic gifts.
claim-vanderbilt-university-office-of-investments-intake-002,vanderbilt-university-office-of-investments,Vanderbilt University Office of Investments,intake_patient-capital_bucket_signal,Vanderbilt University Office of Investments has source-backed Patient Capital bucket evidence: source text contains 'purpose'.,https://www.vanderbilt.edu/investments/,fetched_source_page,primary,public_web,candidate_evidence,2026-05-31,"Auto-promoted intake evidence; not paper-ready. Snippet: Most donors make charitable contributions to endowments to support specific restricted purposes, such as scholarships for students or research into specific diseases."
claim-vanderbilt-university-office-of-investments-intake-003,vanderbilt-university-office-of-investments,Vanderbilt University Office of Investments,intake_patient-capital_bucket_signal,Vanderbilt University Office of Investments has source-backed Patient Capital bucket evidence: source text contains 'endowment'.,https://www.vanderbilt.edu/investments/,fetched_source_page,primary,public_web,candidate_evidence,2026-05-31,Auto-promoted intake evidence; not paper-ready. Snippet: Permanent Support for Vanderbilt's Mission Vanderbilt is partially funded by an endowment comprised of thousands of philanthropic gifts.
claim-vanderbilt-university-office-of-investments-intake-004,vanderbilt-university-office-of-investments,Vanderbilt University Office of Investments,intake_patient-capital_bucket_signal,Vanderbilt University Office of Investments has source-backed Patient Capital bucket evidence: source text contains 'charitable'.,https://www.vanderbilt.edu/investments/,fetched_source_page,primary,public_web,candidate_evidence,2026-05-31,"Auto-promoted intake evidence; not paper-ready. Snippet: Most donors make charitable contributions to endowments to support specific restricted purposes, such as scholarships for students or research into specific diseases."
claim-vanderbilt-university-office-of-investments-intake-005,vanderbilt-university-office-of-investments,Vanderbilt University Office of Investments,intake_patient-capital_bucket_signal,Vanderbilt University Office of Investments has source-backed Patient Capital bucket evidence: source text contains 'philanthropic'.,https://www.vanderbilt.edu/investments/,fetched_source_page,primary,public_web,candidate_evidence,2026-05-31,Auto-promoted intake evidence; not paper-ready. Snippet: Permanent Support for Vanderbilt's Mission Vanderbilt is partially funded by an endowment comprised of thousands of philanthropic gifts.
claim-vanderbilt-university-office-of-investments-intake-006,vanderbilt-university-office-of-investments,Vanderbilt University Office of Investments,intake_patient-capital_bucket_signal,Vanderbilt University Office of Investments has source-backed Patient Capital bucket evidence: source text contains 'trust'.,https://www.vanderbilt.edu/investments/,fetched_source_page,primary,public_web,candidate_evidence,2026-05-31,"Auto-promoted intake evidence; not paper-ready. Snippet: 3,591 different gifts make up Vanderbilt's endowment AAA Vanderbilt holds the highest possible Fitch rating from S&P Global Ratings $2.9B earmarked to support financial aid as of f"
claim-vanderbilt-university-office-of-investments-intake-007,vanderbilt-university-office-of-investments,Vanderbilt University Office of Investments,intake_patient-capital_bucket_signal,Vanderbilt University Office of Investments has source-backed Patient Capital bucket evidence: source text contains 'generations'.,https://www.vanderbilt.edu/investments/,fetched_source_page,primary,public_web,candidate_evidence,2026-05-31,"Auto-promoted intake evidence; not paper-ready. Snippet: We maintain a highly diversified investment portfolio designed to mitigate downturns in any one sector of the economy, ensuring that future generations of Vanderbilt students will "
claim-washington-university-investment-management-company-intake-001,washington-university-investment-management-company,Washington University Investment Management Company,intake_patient-capital_bucket_signal,Washington University Investment Management Company has source-backed Patient Capital bucket evidence: source text contains 'long-term'.,https://endowment.wustl.edu,fetched_source_page,primary,public_web,candidate_evidence,2026-05-31,Auto-promoted intake evidence; not paper-ready. Snippet: Supporting the University Strategic Partnerships with Shared Values Engaging external partnerships across the globe to generate strong long-term results.
claim-washington-university-investment-management-company-intake-002,washington-university-investment-management-company,Washington University Investment Management Company,intake_patient-capital_bucket_signal,Washington University Investment Management Company has source-backed Patient Capital bucket evidence: source text contains 'perpetual'.,https://endowment.wustl.edu,fetched_source_page,primary,public_web,candidate_evidence,2026-05-31,Auto-promoted intake evidence; not paper-ready. Snippet: pact Partners Reports Careers Open Search Washington University Investment Management Company (WashU IMC) Building and managing a perpetual investment portfolio in support of the u
claim-washington-university-investment-management-company-intake-003,washington-university-investment-management-company,Washington University Investment Management Company,intake_patient-capital_bucket_signal,Washington University Investment Management Company has source-backed Patient Capital bucket evidence: source text contains 'mission'.,https://endowment.wustl.edu,fetched_source_page,primary,public_web,candidate_evidence,2026-05-31,"Auto-promoted intake evidence; not paper-ready. Snippet: mpany (WashU IMC) Building and managing a perpetual investment portfolio in support of the university’s critical and interlocking missions of teaching, research, and patient care f"
claim-washington-university-investment-management-company-intake-004,washington-university-investment-management-company,Washington University Investment Management Company,intake_patient-capital_bucket_signal,Washington University Investment Management Company has source-backed Patient Capital bucket evidence: source text contains 'endowment'.,https://endowment.wustl.edu,fetched_source_page,primary,public_web,candidate_evidence,2026-05-31,"Auto-promoted intake evidence; not paper-ready. Snippet: Investment Strategy Recent Publications Annual Report 2024⁠–2025 (12/1/25) Washington University Endowment Supporting the university’s people — students, faculty, and staff — who d"
claim-washington-university-investment-management-company-intake-005,washington-university-investment-management-company,Washington University Investment Management Company,intake_patient-capital_bucket_signal,Washington University Investment Management Company has source-backed Patient Capital bucket evidence: source text contains 'generations'.,https://endowment.wustl.edu,fetched_source_page,primary,public_web,candidate_evidence,2026-05-31,"Auto-promoted intake evidence; not paper-ready. Snippet: in support of the university’s critical and interlocking missions of teaching, research, and patient care for current and future generations. Investment Strategy Recent Publication"
claim-washington-university-investment-management-company-intake-006,washington-university-investment-management-company,Washington University Investment Management Company,intake_patient-capital_bucket_signal,Washington University Investment Management Company has source-backed Patient Capital bucket evidence: source text contains 'impact'.,https://endowment.wustl.edu,fetched_source_page,primary,public_web,candidate_evidence,2026-05-31,Auto-promoted intake evidence; not paper-ready. Snippet: About About Endowment Facts Investment Strategy Statement of Investment Principles Team Board of Directors Summer Analyst Alumni Impact Impact Supporting the University Positive Im
claim-simplicity-nz-intake-001,simplicity-nz,Simplicity NZ,intake_patient-capital_bucket_signal,Simplicity NZ has source-backed Patient Capital bucket evidence: source text contains 'long-term'.,https://www.simplicity.kiwi/,fetched_source_page,primary,public_web,candidate_evidence,2026-05-31,"Auto-promoted intake evidence; not paper-ready. Snippet: Their long-term goal is for 10,000+ nationwide."
claim-simplicity-nz-intake-002,simplicity-nz,Simplicity NZ,intake_patient-capital_bucket_signal,Simplicity NZ has source-backed Patient Capital bucket evidence: source text contains 'long term'.,https://www.simplicity.kiwi/,fetched_source_page,primary,public_web,candidate_evidence,2026-05-31,Auto-promoted intake evidence; not paper-ready. Snippet: And we believe that our local knowledge and long term focus allows us to make members money and help solve some the biggest problems facing Aotearoa.
claim-simplicity-nz-intake-003,simplicity-nz,Simplicity NZ,intake_patient-capital_bucket_signal,Simplicity NZ has source-backed Patient Capital bucket evidence: source text contains 'mission'.,https://www.simplicity.kiwi/,fetched_source_page,primary,public_web,candidate_evidence,2026-05-31,"Auto-promoted intake evidence; not paper-ready. Snippet: Led by respected Kiwi economist Shamubeel Eaqub , alongside economist and policy expert Rosie Collins , the Hub will focus on KiwiSaver, housing, infrastructure, and capital market"
claim-simplicity-nz-intake-004,simplicity-nz,Simplicity NZ,intake_patient-capital_bucket_signal,Simplicity NZ has source-backed Patient Capital bucket evidence: source text contains 'purpose'.,https://www.simplicity.kiwi/,fetched_source_page,primary,public_web,candidate_evidence,2026-05-31,"Auto-promoted intake evidence; not paper-ready. Snippet: Investing with purpose We invest so members profit, and help with some of the biggest issues facing Aotearoa."
claim-simplicity-nz-intake-005,simplicity-nz,Simplicity NZ,intake_patient-capital_bucket_signal,Simplicity NZ has source-backed Patient Capital bucket evidence: source text contains 'foundation'.,https://www.simplicity.kiwi/,fetched_source_page,primary,public_web,candidate_evidence,2026-05-31,Auto-promoted intake evidence; not paper-ready. Snippet: Over $13 million donated so far %) Simplicity Foundation Our products KiwiSaver Switch in minutes.
claim-simplicity-nz-intake-006,simplicity-nz,Simplicity NZ,intake_patient-capital_bucket_signal,Simplicity NZ has source-backed Patient Capital bucket evidence: source text contains 'trust'.,https://www.simplicity.kiwi/,fetched_source_page,primary,public_web,candidate_evidence,2026-05-31,Auto-promoted intake evidence; not paper-ready. Snippet: Simplicity Home Loans Trusted by thousands.
claim-simplicity-nz-intake-007,simplicity-nz,Simplicity NZ,intake_patient-capital_bucket_signal,Simplicity NZ has source-backed Patient Capital bucket evidence: source text contains 'impact'.,https://www.simplicity.kiwi/,fetched_source_page,primary,public_web,candidate_evidence,2026-05-31,Auto-promoted intake evidence; not paper-ready. Snippet: Paul Jamieson Inside our member site Member site Forecasting Tools See how different fund types and contributions will impact your projected returns.
