source_url,source_name,source_type,source_quality,license_or_access,notes,last_checked
https://techcrunch.com/2025/01/23/everstone-acquires-bootstrapped-indian-startup-wingify-for-200m/,TechCrunch Wingify acquisition,article,credible_press,public web,Use for Wingify acquisition and bootstrapping claim; corroborate for final paper.,2026-05-22
https://www.paddle.com/recur/all/paddle-acquires-profitwell,Paddle ProfitWell acquisition,company_announcement,primary,public web,Primary source for ProfitWell deal value and strategic rationale.,2026-05-22
https://www.livemint.com/companies/start-ups/bootstrapped-nation-socialpilot-jimit-bagadiya-groupone-zoho-zerodha-wingify-creative-glance-social-media-saas-facebook/amp-11752571905171.html,Mint SocialPilot bootstrapped exit,article,credible_press,public web,Use as candidate evidence until company/acquirer announcement is found.,2026-05-22
https://investors.intuit.com/news-events/press-releases/detail/162/intuit-to-acquire-mailchimp,Intuit to acquire Mailchimp,company_announcement,primary,public web,Primary source for acquisition amount; bootstrapping claim needs separate source if used.,2026-05-22
https://www.infoworld.com/article/2289367/go-it-alone-no-more-github-gets-100-million-investment.html,InfoWorld GitHub first outside funding,article,credible_press,public web,Use for delayed-VC row.,2026-05-22
https://techcrunch.com/2012/05/15/qualtrics-raises-70m-accel-sequoia/,TechCrunch Qualtrics first institutional round,article,credible_press,public web,Use for profitable/delayed VC row.,2026-05-22
https://techcrunch.com/2021/01/26/how-atlantas-calendly-turned-a-scheduling-nightmare-into-a-3b-startup/,TechCrunch Calendly Series B,article,credible_press,public web,Use for late large round and secondary-money detail.,2026-05-22
https://techcrunch.com/2012/10/31/zapier-raises-1-2m-seed-round/,TechCrunch Zapier seed round,article,credible_press,public web,Use for small-seed event; do not overclaim full bootstrapping.,2026-05-22
https://basecamp.com/bootstrapped,Basecamp bootstrapped series,company_site,primary,public web,Use as discourse and definition source.,2026-05-22
https://www.ideracorp.com/pressreleases/acquires-fusioncharts,Idera acquires FusionCharts,company_announcement,primary,public web,Primary source for FusionCharts acquisition.,2026-05-22
https://investors.liveramp.com/news-releases/news-release-details/liveramp-acquire-habu-accelerate-power-data-collaboration/,LiveRamp to acquire Habu,company_announcement,primary,public web,Primary source for Habu acquisition value and rationale.,2026-05-22
https://www.bvp.com/atlas/bootstrapping-to-100-million-arr-cloudinary/,Bessemer Cloudinary bootstrapping analysis,investor_analysis,credible_press,public web,Investor-authored analysis; corroborate before final paper claims.,2026-05-22
https://netcorecloud.com/blog/bootstrapping-a-100-million-arr-saas-company-the-netcore-story/,Netcore bootstrapping story,company_site,primary,public web,Company-authored source; corroborate where possible.,2026-05-22
https://www.geekwire.com/2019/stealthy-insurance-tech-startup-bootstrapped-way-2-35b-acquisition-less-4-years/,GeekWire Assurance IQ,article,credible_press,public web,Boundary post-unicorn case.,2026-05-22
https://tinyseed.com/,TinySeed official site,official_site,primary,public web,Industry-atlas entity source; verify page-level claim before publication.,2026-05-22
https://calmfund.com/,Calm Company Fund official site,official_site,primary,public web,Industry-atlas entity source; verify page-level claim before publication.,2026-05-22
https://earnestcapital.com/,Earnest Capital official site,official_site,primary,public web,Industry-atlas entity source; verify page-level claim before publication.,2026-05-22
https://www.indie.vc/,Indie.vc official site,official_site,primary,public web,Industry-atlas entity source; verify page-level claim before publication.,2026-05-22
https://www.lightercapital.com/,Lighter Capital official site,official_site,primary,public web,Industry-atlas entity source; verify page-level claim before publication.,2026-05-22
https://www.capchase.com/,Capchase official site,official_site,primary,public web,Industry-atlas entity source; verify page-level claim before publication.,2026-05-22
https://founderpath.com/,Founderpath official site,official_site,primary,public web,Industry-atlas entity source; verify page-level claim before publication.,2026-05-22
https://pipe.com/,Pipe official site,official_site,primary,public web,Industry-atlas entity source; verify page-level claim before publication.,2026-05-22
https://clear.co/,Clearco official site,official_site,primary,public web,Industry-atlas entity source; verify page-level claim before publication.,2026-05-22
https://wayflyer.com/,Wayflyer official site,official_site,primary,public web,Industry-atlas entity source; verify page-level claim before publication.,2026-05-22
https://www.weareuncapped.com/,Uncapped official site,official_site,primary,public web,Industry-atlas entity source; verify page-level claim before publication.,2026-05-22
https://www.out.fund/,Outfund official site,official_site,primary,public web,Industry-atlas entity source; verify page-level claim before publication.,2026-05-22
https://decathloncapital.com/,Decathlon Capital Partners official site,official_site,primary,public web,Industry-atlas entity source; verify page-level claim before publication.,2026-05-22
https://www.saas-capital.com/,SaaS Capital official site,official_site,primary,public web,Industry-atlas entity source; verify page-level claim before publication.,2026-05-22
https://www.novelcapital.com/,Novel Capital official site,official_site,primary,public web,Industry-atlas entity source; verify page-level claim before publication.,2026-05-22
https://bigfootcap.com/,Bigfoot Capital official site,official_site,primary,public web,Industry-atlas entity source; verify page-level claim before publication.,2026-05-22
https://www.espressocapital.com/,Espresso Capital official site,official_site,primary,public web,Industry-atlas entity source; verify page-level claim before publication.,2026-05-22
https://timiacapital.com/,TIMIA Capital official site,official_site,primary,public web,Industry-atlas entity source; verify page-level claim before publication.,2026-05-22
https://flowcap.com/,Flow Capital official site,official_site,primary,public web,Industry-atlas entity source; verify page-level claim before publication.,2026-05-22
https://corl.io/,Corl official site,official_site,primary,public web,Industry-atlas entity source; verify page-level claim before publication.,2026-05-22
https://www.getbraavo.com/,Braavo Capital official site,official_site,primary,public web,Industry-atlas entity source; verify page-level claim before publication.,2026-05-22
https://www.vitt.com/,Vitt official site,official_site,primary,public web,Industry-atlas entity source; verify page-level claim before publication.,2026-05-22
https://www.levenue.com/,Levenue official site,official_site,primary,public web,Industry-atlas entity source; verify page-level claim before publication.,2026-05-22
https://www.arc.tech/,Arc official site,official_site,primary,public web,Industry-atlas entity source; verify page-level claim before publication.,2026-05-22
https://stripe.com/capital,Stripe Capital official site,official_site,primary,public web,Industry-atlas entity source; verify page-level claim before publication.,2026-05-22
https://www.shopify.com/capital,Shopify Capital official site,official_site,primary,public web,Industry-atlas entity source; verify page-level claim before publication.,2026-05-22
https://www.paypal.com/us/business/financial-services/working-capital,PayPal Working Capital official site,official_site,primary,public web,Industry-atlas entity source; verify page-level claim before publication.,2026-05-22
https://www.youlend.com/,YouLend official site,official_site,primary,public web,Industry-atlas entity source; verify page-level claim before publication.,2026-05-22
https://www.liberis.com/,Liberis official site,official_site,primary,public web,Industry-atlas entity source; verify page-level claim before publication.,2026-05-22
https://www.parafin.com/,Parafin official site,official_site,primary,public web,Industry-atlas entity source; verify page-level claim before publication.,2026-05-22
https://www.getvantage.co/,GetVantage official site,official_site,primary,public web,Industry-atlas entity source; verify page-level claim before publication.,2026-05-22
https://velocity.in/,Velocity official site,official_site,primary,public web,Industry-atlas entity source; verify page-level claim before publication.,2026-05-22
https://klubworks.com/,Klub official site,official_site,primary,public web,Industry-atlas entity source; verify page-level claim before publication.,2026-05-22
https://www.recurclub.com/,Recur Club official site,official_site,primary,public web,Industry-atlas entity source; verify page-level claim before publication.,2026-05-22
https://sv8.vc/,SV8 official site,official_site,primary,public web,Industry-atlas entity source; verify page-level claim before publication.,2026-05-22
https://tangleventures.io/,Tangle Ventures official site,official_site,primary,public web,Industry-atlas entity source; verify page-level claim before publication.,2026-05-22
https://www.sureswiftcapital.com/,SureSwift Capital official site,official_site,primary,public web,Industry-atlas entity source; verify page-level claim before publication.,2026-05-22
https://www.tiny.com/,Tiny official site,official_site,primary,public web,Industry-atlas entity source; verify page-level claim before publication.,2026-05-22
https://www.csisoftware.com/,Constellation Software official site,official_site,primary,public web,Industry-atlas entity source; verify page-level claim before publication.,2026-05-22
https://www.volarisgroup.com/,Volaris Group official site,official_site,primary,public web,Industry-atlas entity source; verify page-level claim before publication.,2026-05-22
https://www.valsoftcorp.com/,Valsoft official site,official_site,primary,public web,Industry-atlas entity source; verify page-level claim before publication.,2026-05-22
https://www.banyansoftware.com/,Banyan Software official site,official_site,primary,public web,Industry-atlas entity source; verify page-level claim before publication.,2026-05-22
https://saas.group/,saas.group official site,official_site,primary,public web,Industry-atlas entity source; verify page-level claim before publication.,2026-05-22
https://everfield.com/,Everfield official site,official_site,primary,public web,Industry-atlas entity source; verify page-level claim before publication.,2026-05-22
https://www.luminegroup.com/,Lumine Group official site,official_site,primary,public web,Industry-atlas entity source; verify page-level claim before publication.,2026-05-22
https://www.topicus.com/,Topicus official site,official_site,primary,public web,Industry-atlas entity source; verify page-level claim before publication.,2026-05-22
https://www.aspiresoftware.com/,Aspire Software official site,official_site,primary,public web,Industry-atlas entity source; verify page-level claim before publication.,2026-05-22
https://www.jonassoftware.com/,Jonas Software official site,official_site,primary,public web,Industry-atlas entity source; verify page-level claim before publication.,2026-05-22
https://www.harriscomputer.com/,Harris Computer official site,official_site,primary,public web,Industry-atlas entity source; verify page-level claim before publication.,2026-05-22
https://www.csiperseus.com/,Perseus Group official site,official_site,primary,public web,Industry-atlas entity source; verify page-level claim before publication.,2026-05-22
https://www.eswcapital.com/,ESW Capital official site,official_site,primary,public web,Industry-atlas entity source; verify page-level claim before publication.,2026-05-22
https://www.alpinesg.com/,Alpine Software Group official site,official_site,primary,public web,Industry-atlas entity source; verify page-level claim before publication.,2026-05-22
https://scaleworks.com/,Scaleworks official site,official_site,primary,public web,Industry-atlas entity source; verify page-level claim before publication.,2026-05-22
https://greatersumventures.com/,Greater Sum Ventures official site,official_site,primary,public web,Industry-atlas entity source; verify page-level claim before publication.,2026-05-22
https://www.arcadeagroup.com/,Arcadea Group official site,official_site,primary,public web,Industry-atlas entity source; verify page-level claim before publication.,2026-05-22
https://www.tagsoftwaregroup.com/,TAG Software Group official site,official_site,primary,public web,Industry-atlas entity source; verify page-level claim before publication.,2026-05-22
https://www.vertusgroup.com/,Vertus Group official site,official_site,primary,public web,Industry-atlas entity source; verify page-level claim before publication.,2026-05-22
https://www.softwarecircle.com/,Software Circle official site,official_site,primary,public web,Industry-atlas entity source; verify page-level claim before publication.,2026-05-22
https://www.chaptersgroup.com/,Chapters Group official site,official_site,primary,public web,Industry-atlas entity source; verify page-level claim before publication.,2026-05-22
https://www.visma.com/,Visma official site,official_site,primary,public web,Industry-atlas entity source; verify page-level claim before publication.,2026-05-22
https://main.nl/,Main Capital Partners official site,official_site,primary,public web,Industry-atlas entity source; verify page-level claim before publication.,2026-05-22
https://www.searchfunder.com/,Searchfunder official site,official_site,primary,public web,Industry-atlas entity source; verify page-level claim before publication.,2026-05-22
https://www.searchfundalliance.org/,Search Fund Alliance official site,official_site,primary,public web,Industry-atlas entity source; verify page-level claim before publication.,2026-05-22
https://www.gsb.stanford.edu/experience/about/centers-institutes/ces/research/search-funds,Stanford Search Fund Center official site,official_site,primary,public web,Industry-atlas entity source; verify page-level claim before publication.,2026-05-22
https://www.pacificlake.com/,Pacific Lake Partners official site,official_site,primary,public web,Industry-atlas entity source; verify page-level claim before publication.,2026-05-22
https://www.relayinvestments.com/,Relay Investments official site,official_site,primary,public web,Industry-atlas entity source; verify page-level claim before publication.,2026-05-22
https://www.anacapapartners.com/,Anacapa Partners official site,official_site,primary,public web,Industry-atlas entity source; verify page-level claim before publication.,2026-05-22
https://www.searchfunds.net/,Search Fund Partners official site,official_site,primary,public web,Industry-atlas entity source; verify page-level claim before publication.,2026-05-22
https://www.trilogysearch.com/,Trilogy Search Partners official site,official_site,primary,public web,Industry-atlas entity source; verify page-level claim before publication.,2026-05-22
https://www.nextcoasteta.com/,Next Coast ETA official site,official_site,primary,public web,Industry-atlas entity source; verify page-level claim before publication.,2026-05-22
https://www.wscandcompany.com/,WSC & Company official site,official_site,primary,public web,Industry-atlas entity source; verify page-level claim before publication.,2026-05-22
https://www.ambit.partners/,Ambit Partners official site,official_site,primary,public web,Industry-atlas entity source; verify page-level claim before publication.,2026-05-22
https://www.miramarequity.com/,Miramar Equity Partners official site,official_site,primary,public web,Industry-atlas entity source; verify page-level claim before publication.,2026-05-22
https://www.huntersearchcapital.com/,Hunter Search Capital official site,official_site,primary,public web,Industry-atlas entity source; verify page-level claim before publication.,2026-05-22
https://www.alzacapital.com/,Alza Capital Partners official site,official_site,primary,public web,Industry-atlas entity source; verify page-level claim before publication.,2026-05-22
https://www.acquira.com/,Acquira official site,official_site,primary,public web,Industry-atlas entity source; verify page-level claim before publication.,2026-05-22
https://mainshares.com/,Mainshares official site,official_site,primary,public web,Industry-atlas entity source; verify page-level claim before publication.,2026-05-22
https://www.teamshares.com/,Teamshares official site,official_site,primary,public web,Industry-atlas entity source; verify page-level claim before publication.,2026-05-22
https://www.permanentequity.com/,Permanent Equity official site,official_site,primary,public web,Industry-atlas entity source; verify page-level claim before publication.,2026-05-22
https://capitalpad.com/,CapitalPad official site,official_site,primary,public web,Industry-atlas entity source; verify page-level claim before publication.,2026-05-22
https://acquire.com/,Acquire.com official site,official_site,primary,public web,Industry-atlas entity source; verify page-level claim before publication.,2026-05-22
https://flippa.com/,Flippa official site,official_site,primary,public web,Industry-atlas entity source; verify page-level claim before publication.,2026-05-22
https://empireflippers.com/,Empire Flippers official site,official_site,primary,public web,Industry-atlas entity source; verify page-level claim before publication.,2026-05-22
https://feinternational.com/,FE International official site,official_site,primary,public web,Industry-atlas entity source; verify page-level claim before publication.,2026-05-22
https://quietlight.com/,Quiet Light official site,official_site,primary,public web,Industry-atlas entity source; verify page-level claim before publication.,2026-05-22
https://www.bizbuysell.com/,BizBuySell official site,official_site,primary,public web,Industry-atlas entity source; verify page-level claim before publication.,2026-05-22
https://www.bizquest.com/,BizQuest official site,official_site,primary,public web,Industry-atlas entity source; verify page-level claim before publication.,2026-05-22
https://www.axial.net/,Axial official site,official_site,primary,public web,Industry-atlas entity source; verify page-level claim before publication.,2026-05-22
https://bitsfordigits.com/,BitsForDigits official site,official_site,primary,public web,Industry-atlas entity source; verify page-level claim before publication.,2026-05-22
https://www.microns.io/,Microns official site,official_site,primary,public web,Industry-atlas entity source; verify page-level claim before publication.,2026-05-22
https://acumen.org/,Acumen official site,official_site,primary,public web,Industry-atlas entity source; verify page-level claim before publication.,2026-05-22
https://foundersfirstcapitalpartners.com/,Founders First Capital Partners official site,official_site,primary,public web,Industry-atlas entity source; verify page-level claim before publication.,2026-05-22
https://purpose.ventures/,Purpose Ventures official site,official_site,primary,public web,Industry-atlas entity source; verify page-level claim before publication.,2026-05-22
https://candidegroup.com/,Candide Group official site,official_site,primary,public web,Industry-atlas entity source; verify page-level claim before publication.,2026-05-22
https://rsfsocialfinance.org/,RSF Social Finance official site,official_site,primary,public web,Industry-atlas entity source; verify page-level claim before publication.,2026-05-22
https://www.commonfuture.co/,Common Future official site,official_site,primary,public web,Industry-atlas entity source; verify page-level claim before publication.,2026-05-22
https://www.zebrasunite.org/,Zebras Unite official site,official_site,primary,public web,Industry-atlas entity source; verify page-level claim before publication.,2026-05-22
https://vilcap.com/,Village Capital official site,official_site,primary,public web,Industry-atlas entity source; verify page-level claim before publication.,2026-05-22
https://collab.capital/,Collab Capital official site,official_site,primary,public web,Industry-atlas entity source; verify page-level claim before publication.,2026-05-22
https://bostonimpact.org/,Boston Impact Initiative official site,official_site,primary,public web,Industry-atlas entity source; verify page-level claim before publication.,2026-05-22
https://www.temasek.com.sg/,Temasek official site,official_site,primary,public web,Industry-atlas entity source; verify page-level claim before publication.,2026-05-22
https://www.gic.com.sg/,GIC official site,official_site,primary,public web,Industry-atlas entity source; verify page-level claim before publication.,2026-05-22
https://www.mubadala.com/,Mubadala official site,official_site,primary,public web,Industry-atlas entity source; verify page-level claim before publication.,2026-05-22
https://www.sanabil.com/,Sanabil Investments official site,official_site,primary,public web,Industry-atlas entity source; verify page-level claim before publication.,2026-05-22
https://www.pif.gov.sa/,Public Investment Fund official site,official_site,primary,public web,Industry-atlas entity source; verify page-level claim before publication.,2026-05-22
https://www.qia.qa/,Qatar Investment Authority official site,official_site,primary,public web,Industry-atlas entity source; verify page-level claim before publication.,2026-05-22
https://www.bpifrance.com/,Bpifrance official site,official_site,primary,public web,Industry-atlas entity source; verify page-level claim before publication.,2026-05-22
https://www.british-business-bank.co.uk/,British Business Bank official site,official_site,primary,public web,Industry-atlas entity source; verify page-level claim before publication.,2026-05-22
https://eic.ec.europa.eu/eic-fund_en,EIC Fund official site,official_site,primary,public web,Industry-atlas entity source; verify page-level claim before publication.,2026-05-22
https://www.eif.org/,European Investment Fund official site,official_site,primary,public web,Industry-atlas entity source; verify page-level claim before publication.,2026-05-22
https://www.nif.fund/,NATO Innovation Fund official site,official_site,primary,public web,Industry-atlas entity source; verify page-level claim before publication.,2026-05-22
https://www.kfw-capital.de/,KfW Capital official site,official_site,primary,public web,Industry-atlas entity source; verify page-level claim before publication.,2026-05-22
https://www.edbi.com/,EDBI official site,official_site,primary,public web,Industry-atlas entity source; verify page-level claim before publication.,2026-05-22
https://www.sginnovate.com/,SGInnovate official site,official_site,primary,public web,Industry-atlas entity source; verify page-level claim before publication.,2026-05-22
https://www.khazanah.com.my/,Khazanah Nasional official site,official_site,primary,public web,Industry-atlas entity source; verify page-level claim before publication.,2026-05-22
https://innovationisrael.org.il/en/,Israel Innovation Authority official site,official_site,primary,public web,Industry-atlas entity source; verify page-level claim before publication.,2026-05-22
https://www.ukri.org/councils/innovate-uk/,Innovate UK official site,official_site,primary,public web,Industry-atlas entity source; verify page-level claim before publication.,2026-05-22
https://www.iqt.org/,In-Q-Tel official site,official_site,primary,public web,Industry-atlas entity source; verify page-level claim before publication.,2026-05-22
https://www.highalpha.com/,High Alpha official site,official_site,primary,public web,Industry-atlas entity source; verify page-level claim before publication.,2026-05-22
https://atomic.vc/,Atomic official site,official_site,primary,public web,Industry-atlas entity source; verify page-level claim before publication.,2026-05-22
https://www.expa.com/,Expa official site,official_site,primary,public web,Industry-atlas entity source; verify page-level claim before publication.,2026-05-22
https://betaworks.com/,Betaworks official site,official_site,primary,public web,Industry-atlas entity source; verify page-level claim before publication.,2026-05-22
https://www.hexa.com/,Hexa official site,official_site,primary,public web,Industry-atlas entity source; verify page-level claim before publication.,2026-05-22
https://www.rocket-internet.com/,Rocket Internet official site,official_site,primary,public web,Industry-atlas entity source; verify page-level claim before publication.,2026-05-22
https://www.idealab.com/,Idealab official site,official_site,primary,public web,Industry-atlas entity source; verify page-level claim before publication.,2026-05-22
https://www.psl.com/,Pioneer Square Labs official site,official_site,primary,public web,Industry-atlas entity source; verify page-level claim before publication.,2026-05-22
https://human.vc/,Human Ventures official site,official_site,primary,public web,Industry-atlas entity source; verify page-level claim before publication.,2026-05-22
https://www.science-inc.com/,Science Inc. official site,official_site,primary,public web,Industry-atlas entity source; verify page-level claim before publication.,2026-05-22
https://www.wilburlabs.com/,Wilbur Labs official site,official_site,primary,public web,Industry-atlas entity source; verify page-level claim before publication.,2026-05-22
https://www.juxtapose.com/,Juxtapose official site,official_site,primary,public web,Industry-atlas entity source; verify page-level claim before publication.,2026-05-22
https://foundersfactory.com/,Founders Factory official site,official_site,primary,public web,Industry-atlas entity source; verify page-level claim before publication.,2026-05-22
https://www.joinef.com/,Entrepreneur First official site,official_site,primary,public web,Industry-atlas entity source; verify page-level claim before publication.,2026-05-22
https://www.antler.co/,Antler official site,official_site,primary,public web,Industry-atlas entity source; verify page-level claim before publication.,2026-05-22
https://enhance.online/,Enhance Ventures official site,official_site,primary,public web,Industry-atlas entity source; verify page-level claim before publication.,2026-05-22
https://team8.vc/,Team8 official site,official_site,primary,public web,Industry-atlas entity source; verify page-level claim before publication.,2026-05-22
https://www.fractalsoftware.com/,Fractal Software official site,official_site,primary,public web,Industry-atlas entity source; verify page-level claim before publication.,2026-05-22
https://weekend.fund/,Weekend Fund official site,official_site,primary,public web,Industry-atlas entity source; verify page-level claim before publication.,2026-05-22
https://pioneer.app/,Pioneer official site,official_site,primary,public web,Industry-atlas entity source; verify page-level claim before publication.,2026-05-22
https://aigrant.org/,AI Grant official site,official_site,primary,public web,Industry-atlas entity source; verify page-level claim before publication.,2026-05-22
https://www.hf0.com/,HF0 official site,official_site,primary,public web,Industry-atlas entity source; verify page-level claim before publication.,2026-05-22
https://www.indiehackers.com/,Indie Hackers official site,official_site,primary,public web,Industry-atlas entity source; verify page-level claim before publication.,2026-05-22
https://microconf.com/,MicroConf official site,official_site,primary,public web,Industry-atlas entity source; verify page-level claim before publication.,2026-05-22
https://techcrunch.com/2021/06/08/network-security-startup-extrahop-skips-and-jumps-to-900m-exit/,TechCrunch ExtraHop exit,article,credible_press,public web,Supporting company-event source from the earlier company proof layer.,2026-05-22
https://techcrunch.com/2021/03/16/appfire-provider-of-atlassian-apps-raises-100m-to-continue-its-buying-spree/,TechCrunch Appfire growth investment,article,credible_press,public web,Supporting company-event source from the earlier company proof layer.,2026-05-22
https://theygotacquired.com/saas/baremetrics-acquired-by-xenon-partners/,They Got Acquired Baremetrics,article,credible_press,public web,Supporting company-event source; verify before paper use.,2026-05-22
https://startupfounderstories.com/stories/rob-walling-drip-bootstrapped-acquisition,Startup Founder Stories Drip,founder_story,discourse,public web,Supporting founder-story source; verify before paper use.,2026-05-22
https://en.wikipedia.org/wiki/David_Hauser,David Hauser profile,profile,database_seed,public web,Lead source only; find primary/press source before paper use.,2026-05-22
https://tinyseed.com/about,TinySeed about,company_site,primary,public web,Source for TinySeed origin story and capital-efficiency framing.,2026-05-22
https://calmfund.com/writing/shared-earnings-safe,Calm Company Fund shared earnings SAFE,company_site,primary,public web,Source for shared earnings SAFE framing.,2026-05-22
https://help.acquire.com/how-does-acquire.com-work,Acquire.com help,company_site,primary,public web,Source for acquisition marketplace mechanics.,2026-05-22
https://www.indiehackers.com/post/we-ve-acquired-40-bootstrapped-businesses-in-6-years-and-run-a-growing-portfolio-of-saas-products-ama-3f640f44fc,Indie Hackers SureSwift AMA,founder_discourse,discourse,public web,Discourse source for SaaS acquisition holding company model; verify with company source before central claims.,2026-05-22
https://www.venturestudioindex.com/p/the-largest-venture-studio-exits,Venture Studio Index largest exits,research,research,public web,Research/media source for venture studio exits and methodology limitations.,2026-05-22
https://www.breit.com/offering-terms/,BREIT offering terms,company_site,primary,public web,"Supporting liquidity-design analogy, not core industry proof.",2026-05-22
https://dwpcapital.com/,DWP Capital official site,official_site,primary,public web,Industry-atlas entity source; verify page-level claim before publication.,2026-05-22
https://www.uniongroupfund.com/,Union Group Fund official site,official_site,primary,public web,Industry-atlas entity source; verify page-level claim before publication.,2026-05-22
https://tvccapital.com/fund-focus/,TVC Capital official site,official_site,primary,public web,Industry-atlas entity source; verify page-level claim before publication.,2026-05-22
https://www.d2.fund/,D2 Fund official site,official_site,primary,public web,Industry-atlas entity source; verify page-level claim before publication.,2026-05-22
https://www.seedtwo.com/,SeedTwo Capital official site,official_site,primary,public web,Industry-atlas entity source; verify page-level claim before publication.,2026-05-22
https://www.sequel-capital.com/,Sequel Capital official site,official_site,primary,public web,Industry-atlas entity source; verify page-level claim before publication.,2026-05-22
https://mainsailpartners.com/,Mainsail Partners official site,official_site,primary,public web,Industry-atlas entity source; verify page-level claim before publication.,2026-05-22
https://serentcapital.com/why-serent/,Serent Capital official site,official_site,primary,public web,Industry-atlas entity source; verify page-level claim before publication.,2026-05-22
https://www.mambagrowth.com/investment-criteria/,Mamba Growth official site,official_site,primary,public web,Industry-atlas entity source; verify page-level claim before publication.,2026-05-22
https://www.fiveelms.com/,Five Elms Capital official site,official_site,primary,public web,Industry-atlas entity source; verify page-level claim before publication.,2026-05-22
https://elsewhere.partners/,Elsewhere Partners official site,official_site,primary,public web,Industry-atlas entity source; verify page-level claim before publication.,2026-05-22
https://sunstonepartners.com/,Sunstone Partners official site,official_site,primary,public web,Industry-atlas entity source; verify page-level claim before publication.,2026-05-22
https://expedition.capital/,Expedition Growth Capital official site,official_site,primary,public web,Industry-atlas entity source; verify page-level claim before publication.,2026-05-22
https://www.silversmith.com/,Silversmith Capital Partners official site,official_site,primary,public web,Industry-atlas entity source; verify page-level claim before publication.,2026-05-22
https://www.levelequity.com/,Level Equity official site,official_site,primary,public web,Industry-atlas entity source; verify page-level claim before publication.,2026-05-22
https://www.onesixone.ventures/,OneSixOne Ventures official site,official_site,primary,public web,Intake source only; verify source text before adding atlas claims.,2026-05-22
https://www.deep-tech-week.com/organizations/onesixone-fund,Deep Tech Week OneSixOne profile,directory_profile,research,public web,"Intake source only; use as candidate evidence, not authoritative proof by itself.",2026-05-22
https://refreshmiami.com/news/meet-the-vc-duo-shaking-up-miamis-tech-scene/,Refresh Miami OneSixOne profile,article,credible_press,public web,Intake source only; useful for platform/community model verification.,2026-05-22
https://www.linkedin.com/company/onesixone-ventures,OneSixOne Ventures LinkedIn,social_profile,social,public web,Intake source only; corroborate with official or press sources before paper use.,2026-05-22
https://www.venture10x.co,Venture10X web discovery source,web_search_result,unknown,public web,Discovered by research-agent web search run run-a30ba1067d59; requires verification.,2026-05-23
https://www.curiousholdings.com,Curious web discovery source,web_search_result,unknown,public web,Discovered by research-agent web search run run-a30ba1067d59; requires verification.,2026-05-23
https://apexpointequity.com,Apex Point Equity web discovery source,web_search_result,unknown,public web,Discovered by research-agent web search run run-a30ba1067d59; requires verification.,2026-05-23
https://www.alleyandstreet.com,Alley & Street web discovery source,web_search_result,unknown,public web,Discovered by research-agent web search run run-a30ba1067d59; requires verification.,2026-05-23
https://www.csiandromeda.com,Andromeda web discovery source,web_search_result,unknown,public web,Discovered by research-agent web search run run-baeaad67e491; requires verification.,2026-05-23
https://softequities.com,Soft Equities web discovery source,web_search_result,unknown,public web,Discovered by research-agent web search run run-baeaad67e491; requires verification.,2026-05-23
https://www.lightercapital.com,Startup Capital With Zero Dilution web discovery source,web_search_result,unknown,public web,Discovered by research-agent web search run run-baeaad67e491; requires verification.,2026-05-23
https://satyaganni.com,Satya Ganni web discovery source,web_search_result,unknown,public web,Discovered by research-agent web search run run-22b55f2ab066; requires verification.,2026-05-23
https://www.innovative.finance/patient,IFI Patient Capital Manifesto web discovery source,web_search_result,unknown,public web,Discovered by research-agent web search run run-22b55f2ab066; requires verification.,2026-05-23
https://www.meritholdings.com,Meritholdings web discovery source,web_search_result,unknown,public web,Discovered by research-agent web search run run-9c67596816a7; requires verification.,2026-05-24
https://www.riversaascapital.com,River Saas Capital web discovery source,web_search_result,unknown,public web,Discovered by research-agent web search run run-d3a12a4a3d21; requires verification.,2026-05-24
https://bigthinkcapital.com/revenue-based-financing-companies,Bigthinkcapital web discovery source,web_search_result,unknown,public web,Discovered by research-agent web search run run-c2cb04366726; requires verification.,2026-05-24
https://saasgrowthventures.com,SaaS Growth Ventures web discovery source,web_search_result,unknown,public web,Discovered by research-agent web search run run-b283bb784fbf; requires verification.,2026-05-24
https://elsewhere.partners,Growth Capital for B2B Software & Services Companies web discovery source,web_search_result,unknown,public web,Discovered by research-agent web search run run-89ad61f1556e; requires verification.,2026-05-24
https://aifundingtracker.com,AI Startup Investment Roundups 2026 web discovery source,web_search_result,unknown,public web,Discovered by research-agent web search run run-db0a161a2026; requires verification.,2026-05-24
https://www.infigos.com,Infigos LLC web discovery source,web_search_result,unknown,public web,Discovered by research-agent web search run run-c8476ddfbc2f; requires verification.,2026-05-24
https://www.goldensection.com,Golden Section web discovery source,web_search_result,unknown,public web,Discovered by research-agent web search run run-fa1157878173; requires verification.,2026-05-24
https://aventis-advisors.com/software-valuation-multiples,Software Valuation Multiples web discovery source,web_search_result,unknown,public web,Discovered by research-agent web search run run-fa1157878173; requires verification.,2026-05-24
https://www.ratiotech.com,B2B BNPL web discovery source,web_search_result,unknown,public web,Discovered by research-agent web search run run-ef87c68b51df; requires verification.,2026-05-24
https://acquire.com,Buy & Sell Profitable Online Businesses web discovery source,web_search_result,unknown,public web,Discovered by research-agent web search run run-63d002507514; requires verification.,2026-05-24
https://opengov.com,Local Government Software web discovery source,web_search_result,unknown,public web,Discovered by research-agent web search run run-63d002507514; requires verification.,2026-05-24
https://www.mosaicsoftwaregroup.com,Mosaic web discovery source,web_search_result,unknown,public web,Discovered by research-agent web search run run-68d25446f8f9; requires verification.,2026-05-24
https://windsordrake.com/saas-valuation-multiples,SaaS Valuation Multiples 2026 web discovery source,web_search_result,unknown,public web,Discovered by research-agent web search run run-da155b4096b8; requires verification.,2026-05-25
https://acumen.org/patient-capital,Patient Capital web discovery source,web_search_result,unknown,public web,Discovered by research-agent web search run run-da155b4096b8; requires verification.,2026-05-25
https://www.novasparkholdings.com,NovaSpark Holdings web discovery source,web_search_result,unknown,public web,Discovered by research-agent web search run run-1b3d0a2ffa07; requires verification.,2026-05-25
https://www.solensoftwaregroup.com,Solen Software Group web discovery source,web_search_result,unknown,public web,Discovered by research-agent web search run run-27bb5c5acca2; requires verification.,2026-05-26
https://www.evergreenfund.life,Evergreenfund web discovery source,web_search_result,unknown,public web,Discovered by research-agent web search run run-f5b2bda03dba; requires verification.,2026-05-26
https://entrepreneurloop.com/solo-founder-ai-tools,Solo Founder AI Tools web discovery source,web_search_result,unknown,public web,Discovered by research-agent web search run run-8808ff1fd6de; requires verification.,2026-05-26
https://www.searchfund.org,Search Fund web discovery source,web_search_result,unknown,public web,Discovered by research-agent web search run run-8808ff1fd6de; requires verification.,2026-05-26
https://www.petersonpartners.com/search,Search Funds web discovery source,web_search_result,unknown,public web,Discovered by research-agent web search run run-8808ff1fd6de; requires verification.,2026-05-26
https://smash.vc/search-fund,Search Fund Resources web discovery source,web_search_result,unknown,public web,Discovered by research-agent web search run run-8808ff1fd6de; requires verification.,2026-05-26
https://futuresight.ventures/what-is-a-venture-studio,What Is a Venture Studio? The Venture Studio Model Explained web discovery source,web_search_result,unknown,public web,Discovered by research-agent web search run run-8808ff1fd6de; requires verification.,2026-05-26
https://www.earthfoundry.com,Earth Foundry web discovery source,web_search_result,unknown,public web,Discovered by research-agent web search run run-8808ff1fd6de; requires verification.,2026-05-26
https://sovereignai.gov.uk,UK Sovereign AI Fund web discovery source,web_search_result,unknown,public web,Discovered by research-agent web search run run-8808ff1fd6de; requires verification.,2026-05-26
https://www.nif.fund,The Nato Innovation Fund web discovery source,web_search_result,unknown,public web,Discovered by research-agent web search run run-8808ff1fd6de; requires verification.,2026-05-26
https://nextgengp.com/resources,Entrepreneurship Through Acquisition and Search Fund Resource Library web discovery source,web_search_result,unknown,public web,Discovered by research-agent web search run run-7725e774df13; requires verification.,2026-05-26
https://www.sundancegrowth.com,Sundance Growth web discovery source,web_search_result,unknown,public web,Discovered by research-agent web search run run-edc08d37f5e6; requires verification.,2026-05-27
https://upstartzen.com/quiet-rise-profitable-indie-hackers,The Quiet Rise of Profitable Indie Hackers in 2026 web discovery source,web_search_result,unknown,public web,Discovered by research-agent web search run run-018630c8b0d7; requires verification.,2026-05-27
https://www.mrrstory.com/stories,Indie Hacker Success Stories Database web discovery source,web_search_result,unknown,public web,Discovered by research-agent web search run run-018630c8b0d7; requires verification.,2026-05-27
https://www.searchfund.org/search,ETA web discovery source,web_search_result,unknown,public web,Discovered by research-agent web search run run-018630c8b0d7; requires verification.,2026-05-27
https://www.theventurestudio.co,The Venture Studio web discovery source,web_search_result,unknown,public web,Discovered by research-agent web search run run-018630c8b0d7; requires verification.,2026-05-27
https://acquisitionlab.com,Acquisition Lab web discovery source,web_search_result,unknown,public web,Discovered by research-agent web search run run-0952098416ee; requires verification.,2026-05-27
https://vibecodingauthority.com/vibe-coding-for-solo-founders,Vibe Coding for Solo Founders and Indie Hackers web discovery source,web_search_result,unknown,public web,Discovered by research-agent web search run run-0952098416ee; requires verification.,2026-05-27
https://www.everhold.com/,Everhold self-description / discovery source,official_site,primary,public web,Added by Claude self-description discovery 2026-05-27; fetched & quoted.,2026-05-27
https://purpose-economy.org/en/pec/,Purpose Evergreen Capital self-description / discovery source,official_site,primary,public web,Added by Claude self-description discovery 2026-05-27; fetched & quoted.,2026-05-27
https://hold.co/blog/permanent-capital-holding-company-strategy,HOLD.co self-description / discovery source,official_site,unknown,public web,Added by Claude self-description discovery 2026-05-27; requires verification.,2026-05-27
https://upliift.com/2026/04/01/permanent-equity-approach/,Upliift self-description / discovery source,official_site,unknown,public web,Added by Claude self-description discovery 2026-05-27; requires verification.,2026-05-27
https://techcrunch.com/2025/11/25/why-hold-forever-investors-are-snapping-up-venture-capital-zombies/,Bending Spoons self-description / discovery source,press,secondary,public web,Added by Claude self-description discovery 2026-05-27; requires verification.,2026-05-27
https://www.evgoh.com/tfeo,Fund for Employee Ownership self-description / discovery source,official_site,unknown,public web,Added by Claude self-description discovery 2026-05-27; requires verification.,2026-05-27
https://www.evergreensg.com/,Evergreen (evergreensg.com) self-description / discovery source,official_site,unknown,public web,Added by Claude self-description discovery 2026-05-27; requires verification.,2026-05-27
https://springwater.tech,Springwater web discovery source,web_search_result,unknown,public web,Discovered by research-agent web search run run-ef8103f1c91a; requires verification.,2026-05-28
https://www.infigos.com/about,AI SaaS Acquisition Firm from IBM Veterans web discovery source,web_search_result,unknown,public web,Discovered by research-agent web search run run-4bbe33dab955; requires verification.,2026-05-28
https://acquisition-entrepreneurs.com,ETA London web discovery source,web_search_result,unknown,public web,Discovered by research-agent web search run run-4bbe33dab955; requires verification.,2026-05-28
https://www.searchfundaccelerator.com,Search Fund Accelerator web discovery source,web_search_result,unknown,public web,Discovered by research-agent web search run run-4bbe33dab955; requires verification.,2026-05-28
https://venturestudioforum.org,Venture Studio Forum web discovery source,web_search_result,unknown,public web,Discovered by research-agent web search run run-4bbe33dab955; requires verification.,2026-05-28
https://hbsfoundry.org,Foundry web discovery source,web_search_result,unknown,public web,Discovered by research-agent web search run run-4bbe33dab955; requires verification.,2026-05-28
https://www.parafin.com,A financing program built for your platform web discovery source,web_search_result,unknown,public web,Discovered by research-agent web search run run-4bbe33dab955; requires verification.,2026-05-28
https://risefi.com,RiseFi web discovery source,web_search_result,unknown,public web,Discovered by research-agent web search run run-4bbe33dab955; requires verification.,2026-05-28
https://www.gtmventurestudio.io,GTM Venture Studio web discovery source,web_search_result,unknown,public web,Discovered by research-agent web search run run-4bbe33dab955; requires verification.,2026-05-28
https://swiftcapital.vc/venture-studio-model,The Venture Studio Model web discovery source,web_search_result,unknown,public web,Discovered by research-agent web search run run-4bbe33dab955; requires verification.,2026-05-28
https://perpetualcapitalpartners.com/about-us,Perpetual Capital web discovery source,web_search_result,unknown,public web,Discovered by research-agent web search run run-4bbe33dab955; requires verification.,2026-05-28
https://www.perpetuacapital.com,Perpetua Capital web discovery source,web_search_result,unknown,public web,Discovered by research-agent web search run run-4bbe33dab955; requires verification.,2026-05-28
https://www.prptl.com,Perpetual web discovery source,web_search_result,unknown,public web,Discovered by research-agent web search run run-4bbe33dab955; requires verification.,2026-05-28
https://perpetual-wealth.ch,Perpetual Wealth AG web discovery source,web_search_result,unknown,public web,Discovered by research-agent web search run run-4bbe33dab955; requires verification.,2026-05-28
https://83kcapital.com,83K Capital web discovery source,web_search_result,unknown,public web,Discovered by research-agent web search run run-4bbe33dab955; requires verification.,2026-05-28
https://calmfund.com/thesis,The Calm Company Fund Investment Thesis web discovery source,web_search_result,unknown,public web,Discovered by research-agent web search run run-4bbe33dab955; requires verification.,2026-05-28
https://wefunder.com/calmfund,"Wefunder,  ... web discovery source",web_search_result,unknown,public web,Discovered by research-agent web search run run-4bbe33dab955; requires verification.,2026-05-28
https://www.lightercapital.com/how-it-works,Startup Financing web discovery source,web_search_result,unknown,public web,Discovered by research-agent web search run run-4bbe33dab955; requires verification.,2026-05-28
https://softwareexit.com/b2b-software-buyers,B2B Software Company Buyers web discovery source,web_search_result,unknown,public web,Discovered by research-agent web search run run-4bbe33dab955; requires verification.,2026-05-28
https://softwareequity.com/saas-ma-deal-database,Explore Our SaaS M&A Deal Database web discovery source,web_search_result,unknown,public web,Discovered by research-agent web search run run-4bbe33dab955; requires verification.,2026-05-28
https://www.acquiry.com/saas-acquisitions,SaaS M&A transaction services web discovery source,web_search_result,unknown,public web,Discovered by research-agent web search run run-4bbe33dab955; requires verification.,2026-05-28
https://ctacquisitions.com/roll-up-strategy-guide-2026,Roll-Up Strategy 2026 web discovery source,web_search_result,unknown,public web,Discovered by research-agent web search run run-4bbe33dab955; requires verification.,2026-05-28
https://www.whitehouse.gov/investments,Investments web discovery source,web_search_result,unknown,public web,Discovered by research-agent web search run run-4bbe33dab955; requires verification.,2026-05-28
https://www.cto.mil/osc,Office of Strategic Capital (OSC) web discovery source,web_search_result,unknown,public web,Discovered by research-agent web search run run-4bbe33dab955; requires verification.,2026-05-28
https://www.gtentrepreneurs.com,GT Entrepreneurs web discovery source,web_search_result,unknown,public web,Discovered by research-agent web search run run-4bbe33dab955; requires verification.,2026-05-28
https://ctacquisitions.com/what-is-an-independent-sponsor,What Is an Independent Sponsor? 2026 Guide to Fundless Sponsors in M&A web discovery source,web_search_result,unknown,public web,Discovered by research-agent web search run run-4bbe33dab955; requires verification.,2026-05-28
https://govclab.com,VC Lab web discovery source,web_search_result,unknown,public web,Discovered by research-agent web search run run-4bbe33dab955; requires verification.,2026-05-28
https://foundersfirstcdc.org,Founders First CDC web discovery source,web_search_result,unknown,public web,Discovered by research-agent web search run run-4bbe33dab955; requires verification.,2026-05-28
https://500.co/founders,Founder Programs web discovery source,web_search_result,unknown,public web,Discovered by research-agent web search run run-4bbe33dab955; requires verification.,2026-05-28
https://programs.somacap.com/fellows,Soma Fellows web discovery source,web_search_result,unknown,public web,Discovered by research-agent web search run run-4bbe33dab955; requires verification.,2026-05-28
https://www.futurefounders.com/fellowship,FELLOWSHIP web discovery source,web_search_result,unknown,public web,Discovered by research-agent web search run run-4bbe33dab955; requires verification.,2026-05-28
https://www.lightship.foundation/bootcamp,Lightship Bootcamp web discovery source,web_search_result,unknown,public web,Discovered by research-agent web search run run-4bbe33dab955; requires verification.,2026-05-28
https://hold.co/,HOLD.co intake source,intake_source,unknown,public web,Added by intake promotion agent; review source quality before paper use.,2026-05-28
https://upliift.com/,Upliift intake source,intake_source,unknown,public web,Added by intake promotion agent; review source quality before paper use.,2026-05-28
http://csiesg.com/,ESG site (directory-discovered),directory_crawl,unknown,public web,Discovered by directory crawler on 2026-05-28 via https://www.csisoftware.com/operating-groups; requires verification.,2026-05-28
https://jonassoftware.com/,view portfolio site (directory-discovered),directory_crawl,unknown,public web,Discovered by directory crawler on 2026-05-28 via https://www.csisoftware.com/operating-groups; requires verification.,2026-05-28
https://topicus.com/,view portfolio site (directory-discovered),directory_crawl,unknown,public web,Discovered by directory crawler on 2026-05-28 via https://www.csisoftware.com/operating-groups; requires verification.,2026-05-28
https://csiperseus.com/,view portfolio site (directory-discovered),directory_crawl,unknown,public web,Discovered by directory crawler on 2026-05-28 via https://www.csisoftware.com/operating-groups; requires verification.,2026-05-28
https://velasoftwaregroup.com/,view portfolio site (directory-discovered),directory_crawl,unknown,public web,Discovered by directory crawler on 2026-05-28 via https://www.csisoftware.com/operating-groups; requires verification.,2026-05-28
https://modaxo.com/,view portfolio site (directory-discovered),directory_crawl,unknown,public web,Discovered by directory crawler on 2026-05-28 via https://www.csisoftware.com/operating-groups; requires verification.,2026-05-28
https://www.csiandromeda.com/,view portfolio site (directory-discovered),directory_crawl,unknown,public web,Discovered by directory crawler on 2026-05-28 via https://www.csisoftware.com/operating-groups; requires verification.,2026-05-28
https://www.blueflamingo.ca/,Blue Flamingo - Web design Toronto & London site (directory-discovered),directory_crawl,unknown,public web,Discovered by directory crawler on 2026-05-28 via https://www.csisoftware.com/operating-groups; requires verification.,2026-05-28
https://foundersummit.co/,Founder Summit site (directory-discovered),directory_crawl,unknown,public web,Discovered by directory crawler on 2026-05-28 via https://calmfund.com; requires verification.,2026-05-28
https://calmsummit.com/,Calm Summit site (directory-discovered),directory_crawl,unknown,public web,Discovered by directory crawler on 2026-05-28 via https://calmfund.com; requires verification.,2026-05-28
https://www.scoutlab.com/,Design by Scout Lab site (directory-discovered),directory_crawl,unknown,public web,Discovered by directory crawler on 2026-05-28 via https://calmfund.com; requires verification.,2026-05-28
https://briteweb.com/,Site by Briteweb site (directory-discovered),directory_crawl,unknown,public web,Discovered by directory crawler on 2026-05-28 via https://acumen.org/our-investments; requires verification.,2026-05-28
https://joryand.co/,Jory & Co site (directory-discovered),directory_crawl,unknown,public web,Discovered by directory crawler on 2026-05-28 via https://www.bridgesfundmanagement.com/portfolio; requires verification.,2026-05-28
https://argentumgroup.com/about,Argentumgroup web discovery source,web_search_result,unknown,public web,Discovered by research-agent web search run run-28ddf4b6854a; requires verification.,2026-05-28
https://foundersfactory.com/studio,Venture Studio web discovery source,web_search_result,unknown,public web,Discovered by research-agent web search run run-28ddf4b6854a; requires verification.,2026-05-28
https://www.diana.nato.int,NATO DIANA web discovery source,web_search_result,unknown,public web,Discovered by research-agent web search run run-28ddf4b6854a; requires verification.,2026-05-28
https://blog.hi-fella.com/danantara-sovereign-ai-fund,Danantara Sovereign AI Fund Launching web discovery source,web_search_result,unknown,public web,Discovered by research-agent web search run run-28ddf4b6854a; requires verification.,2026-05-28
https://purposegroup.us/blog,Purpose Group web discovery source,web_search_result,unknown,public web,Discovered by research-agent web search run run-28ddf4b6854a; requires verification.,2026-05-28
https://saasoperations.com/bootstrapped-saas-success-stories,7 Actionable Bootstrapped SaaS Success Stories & Playbooks for 2025 web discovery source,web_search_result,unknown,public web,Discovered by research-agent web search run run-28ddf4b6854a; requires verification.,2026-05-28
https://startupbootcamp.org,Startupbootcamp web discovery source,web_search_result,unknown,public web,Discovered by research-agent web search run run-28ddf4b6854a; requires verification.,2026-05-28
https://www.onesixone.ventures/about,OneSixOne Ventures /about page,sub_page_rescue,unknown,public web,Rescue-fetch candidate for OneSixOne Ventures stalled at needs_more_source.,2026-05-22
https://www.onesixone.ventures/about-us,OneSixOne Ventures /about-us page,sub_page_rescue,unknown,public web,Rescue-fetch candidate for OneSixOne Ventures stalled at needs_more_source.,2026-05-22
https://www.onesixone.ventures/approach,OneSixOne Ventures /approach page,sub_page_rescue,unknown,public web,Rescue-fetch candidate for OneSixOne Ventures stalled at needs_more_source.,2026-05-22
https://www.onesixone.ventures/our-approach,OneSixOne Ventures /our-approach page,sub_page_rescue,unknown,public web,Rescue-fetch candidate for OneSixOne Ventures stalled at needs_more_source.,2026-05-22
https://www.onesixone.ventures/thesis,OneSixOne Ventures /thesis page,sub_page_rescue,unknown,public web,Rescue-fetch candidate for OneSixOne Ventures stalled at needs_more_source.,2026-05-22
https://www.onesixone.ventures/investment-thesis,OneSixOne Ventures /investment-thesis page,sub_page_rescue,unknown,public web,Rescue-fetch candidate for OneSixOne Ventures stalled at needs_more_source.,2026-05-22
https://www.onesixone.ventures/philosophy,OneSixOne Ventures /philosophy page,sub_page_rescue,unknown,public web,Rescue-fetch candidate for OneSixOne Ventures stalled at needs_more_source.,2026-05-22
https://www.onesixone.ventures/strategy,OneSixOne Ventures /strategy page,sub_page_rescue,unknown,public web,Rescue-fetch candidate for OneSixOne Ventures stalled at needs_more_source.,2026-05-22
https://www.onesixone.ventures/our-strategy,OneSixOne Ventures /our-strategy page,sub_page_rescue,unknown,public web,Rescue-fetch candidate for OneSixOne Ventures stalled at needs_more_source.,2026-05-22
https://www.onesixone.ventures/what-we-do,OneSixOne Ventures /what-we-do page,sub_page_rescue,unknown,public web,Rescue-fetch candidate for OneSixOne Ventures stalled at needs_more_source.,2026-05-22
https://www.onesixone.ventures/how-we-invest,OneSixOne Ventures /how-we-invest page,sub_page_rescue,unknown,public web,Rescue-fetch candidate for OneSixOne Ventures stalled at needs_more_source.,2026-05-22
https://www.onesixone.ventures/our-companies,OneSixOne Ventures /our-companies page,sub_page_rescue,unknown,public web,Rescue-fetch candidate for OneSixOne Ventures stalled at needs_more_source.,2026-05-22
https://www.onesixone.ventures/portfolio,OneSixOne Ventures /portfolio page,sub_page_rescue,unknown,public web,Rescue-fetch candidate for OneSixOne Ventures stalled at needs_more_source.,2026-05-22
https://www.onesixone.ventures/companies,OneSixOne Ventures /companies page,sub_page_rescue,unknown,public web,Rescue-fetch candidate for OneSixOne Ventures stalled at needs_more_source.,2026-05-22
https://www.onesixone.ventures/investments,OneSixOne Ventures /investments page,sub_page_rescue,unknown,public web,Rescue-fetch candidate for OneSixOne Ventures stalled at needs_more_source.,2026-05-22
https://www.onesixone.ventures/team,OneSixOne Ventures /team page,sub_page_rescue,unknown,public web,Rescue-fetch candidate for OneSixOne Ventures stalled at needs_more_source.,2026-05-22
https://www.onesixone.ventures/why-us,OneSixOne Ventures /why-us page,sub_page_rescue,unknown,public web,Rescue-fetch candidate for OneSixOne Ventures stalled at needs_more_source.,2026-05-22
https://www.onesixone.ventures/process,OneSixOne Ventures /process page,sub_page_rescue,unknown,public web,Rescue-fetch candidate for OneSixOne Ventures stalled at needs_more_source.,2026-05-22
https://www.csiandromeda.com/about,Andromeda /about page,sub_page_rescue,unknown,public web,Rescue-fetch candidate for Andromeda stalled at needs_more_source.,2026-05-23
https://www.csiandromeda.com/about-us,Andromeda /about-us page,sub_page_rescue,unknown,public web,Rescue-fetch candidate for Andromeda stalled at needs_more_source.,2026-05-23
https://www.csiandromeda.com/approach,Andromeda /approach page,sub_page_rescue,unknown,public web,Rescue-fetch candidate for Andromeda stalled at needs_more_source.,2026-05-23
https://www.csiandromeda.com/our-approach,Andromeda /our-approach page,sub_page_rescue,unknown,public web,Rescue-fetch candidate for Andromeda stalled at needs_more_source.,2026-05-23
https://www.csiandromeda.com/thesis,Andromeda /thesis page,sub_page_rescue,unknown,public web,Rescue-fetch candidate for Andromeda stalled at needs_more_source.,2026-05-23
https://www.csiandromeda.com/investment-thesis,Andromeda /investment-thesis page,sub_page_rescue,unknown,public web,Rescue-fetch candidate for Andromeda stalled at needs_more_source.,2026-05-23
https://www.csiandromeda.com/philosophy,Andromeda /philosophy page,sub_page_rescue,unknown,public web,Rescue-fetch candidate for Andromeda stalled at needs_more_source.,2026-05-23
https://www.csiandromeda.com/strategy,Andromeda /strategy page,sub_page_rescue,unknown,public web,Rescue-fetch candidate for Andromeda stalled at needs_more_source.,2026-05-23
https://www.csiandromeda.com/our-strategy,Andromeda /our-strategy page,sub_page_rescue,unknown,public web,Rescue-fetch candidate for Andromeda stalled at needs_more_source.,2026-05-23
https://www.csiandromeda.com/what-we-do,Andromeda /what-we-do page,sub_page_rescue,unknown,public web,Rescue-fetch candidate for Andromeda stalled at needs_more_source.,2026-05-23
https://www.csiandromeda.com/how-we-invest,Andromeda /how-we-invest page,sub_page_rescue,unknown,public web,Rescue-fetch candidate for Andromeda stalled at needs_more_source.,2026-05-23
https://www.csiandromeda.com/our-companies,Andromeda /our-companies page,sub_page_rescue,unknown,public web,Rescue-fetch candidate for Andromeda stalled at needs_more_source.,2026-05-23
https://www.csiandromeda.com/portfolio,Andromeda /portfolio page,sub_page_rescue,unknown,public web,Rescue-fetch candidate for Andromeda stalled at needs_more_source.,2026-05-23
https://www.csiandromeda.com/companies,Andromeda /companies page,sub_page_rescue,unknown,public web,Rescue-fetch candidate for Andromeda stalled at needs_more_source.,2026-05-23
https://www.csiandromeda.com/investments,Andromeda /investments page,sub_page_rescue,unknown,public web,Rescue-fetch candidate for Andromeda stalled at needs_more_source.,2026-05-23
https://www.csiandromeda.com/team,Andromeda /team page,sub_page_rescue,unknown,public web,Rescue-fetch candidate for Andromeda stalled at needs_more_source.,2026-05-23
https://www.csiandromeda.com/why-us,Andromeda /why-us page,sub_page_rescue,unknown,public web,Rescue-fetch candidate for Andromeda stalled at needs_more_source.,2026-05-23
https://www.csiandromeda.com/process,Andromeda /process page,sub_page_rescue,unknown,public web,Rescue-fetch candidate for Andromeda stalled at needs_more_source.,2026-05-23
https://satyaganni.com/about,Satya Ganni /about page,sub_page_rescue,unknown,public web,Rescue-fetch candidate for Satya Ganni stalled at needs_more_source.,2026-05-23
https://satyaganni.com/about-us,Satya Ganni /about-us page,sub_page_rescue,unknown,public web,Rescue-fetch candidate for Satya Ganni stalled at needs_more_source.,2026-05-23
https://satyaganni.com/approach,Satya Ganni /approach page,sub_page_rescue,unknown,public web,Rescue-fetch candidate for Satya Ganni stalled at needs_more_source.,2026-05-23
https://satyaganni.com/our-approach,Satya Ganni /our-approach page,sub_page_rescue,unknown,public web,Rescue-fetch candidate for Satya Ganni stalled at needs_more_source.,2026-05-23
https://satyaganni.com/thesis,Satya Ganni /thesis page,sub_page_rescue,unknown,public web,Rescue-fetch candidate for Satya Ganni stalled at needs_more_source.,2026-05-23
https://satyaganni.com/investment-thesis,Satya Ganni /investment-thesis page,sub_page_rescue,unknown,public web,Rescue-fetch candidate for Satya Ganni stalled at needs_more_source.,2026-05-23
https://satyaganni.com/philosophy,Satya Ganni /philosophy page,sub_page_rescue,unknown,public web,Rescue-fetch candidate for Satya Ganni stalled at needs_more_source.,2026-05-23
https://satyaganni.com/strategy,Satya Ganni /strategy page,sub_page_rescue,unknown,public web,Rescue-fetch candidate for Satya Ganni stalled at needs_more_source.,2026-05-23
https://satyaganni.com/our-strategy,Satya Ganni /our-strategy page,sub_page_rescue,unknown,public web,Rescue-fetch candidate for Satya Ganni stalled at needs_more_source.,2026-05-23
https://satyaganni.com/what-we-do,Satya Ganni /what-we-do page,sub_page_rescue,unknown,public web,Rescue-fetch candidate for Satya Ganni stalled at needs_more_source.,2026-05-23
https://satyaganni.com/how-we-invest,Satya Ganni /how-we-invest page,sub_page_rescue,unknown,public web,Rescue-fetch candidate for Satya Ganni stalled at needs_more_source.,2026-05-23
https://satyaganni.com/our-companies,Satya Ganni /our-companies page,sub_page_rescue,unknown,public web,Rescue-fetch candidate for Satya Ganni stalled at needs_more_source.,2026-05-23
https://satyaganni.com/portfolio,Satya Ganni /portfolio page,sub_page_rescue,unknown,public web,Rescue-fetch candidate for Satya Ganni stalled at needs_more_source.,2026-05-23
https://satyaganni.com/companies,Satya Ganni /companies page,sub_page_rescue,unknown,public web,Rescue-fetch candidate for Satya Ganni stalled at needs_more_source.,2026-05-23
https://satyaganni.com/investments,Satya Ganni /investments page,sub_page_rescue,unknown,public web,Rescue-fetch candidate for Satya Ganni stalled at needs_more_source.,2026-05-23
https://satyaganni.com/team,Satya Ganni /team page,sub_page_rescue,unknown,public web,Rescue-fetch candidate for Satya Ganni stalled at needs_more_source.,2026-05-23
https://satyaganni.com/why-us,Satya Ganni /why-us page,sub_page_rescue,unknown,public web,Rescue-fetch candidate for Satya Ganni stalled at needs_more_source.,2026-05-23
https://satyaganni.com/process,Satya Ganni /process page,sub_page_rescue,unknown,public web,Rescue-fetch candidate for Satya Ganni stalled at needs_more_source.,2026-05-23
https://www.meritholdings.com/about,Meritholdings /about page,sub_page_rescue,unknown,public web,Rescue-fetch candidate for Meritholdings stalled at needs_more_source.,2026-05-24
https://www.meritholdings.com/about-us,Meritholdings /about-us page,sub_page_rescue,unknown,public web,Rescue-fetch candidate for Meritholdings stalled at needs_more_source.,2026-05-24
https://www.meritholdings.com/approach,Meritholdings /approach page,sub_page_rescue,unknown,public web,Rescue-fetch candidate for Meritholdings stalled at needs_more_source.,2026-05-24
https://www.meritholdings.com/our-approach,Meritholdings /our-approach page,sub_page_rescue,unknown,public web,Rescue-fetch candidate for Meritholdings stalled at needs_more_source.,2026-05-24
https://www.meritholdings.com/thesis,Meritholdings /thesis page,sub_page_rescue,unknown,public web,Rescue-fetch candidate for Meritholdings stalled at needs_more_source.,2026-05-24
https://www.meritholdings.com/investment-thesis,Meritholdings /investment-thesis page,sub_page_rescue,unknown,public web,Rescue-fetch candidate for Meritholdings stalled at needs_more_source.,2026-05-24
https://www.meritholdings.com/philosophy,Meritholdings /philosophy page,sub_page_rescue,unknown,public web,Rescue-fetch candidate for Meritholdings stalled at needs_more_source.,2026-05-24
https://www.meritholdings.com/strategy,Meritholdings /strategy page,sub_page_rescue,unknown,public web,Rescue-fetch candidate for Meritholdings stalled at needs_more_source.,2026-05-24
https://www.meritholdings.com/our-strategy,Meritholdings /our-strategy page,sub_page_rescue,unknown,public web,Rescue-fetch candidate for Meritholdings stalled at needs_more_source.,2026-05-24
https://www.meritholdings.com/what-we-do,Meritholdings /what-we-do page,sub_page_rescue,unknown,public web,Rescue-fetch candidate for Meritholdings stalled at needs_more_source.,2026-05-24
https://www.meritholdings.com/how-we-invest,Meritholdings /how-we-invest page,sub_page_rescue,unknown,public web,Rescue-fetch candidate for Meritholdings stalled at needs_more_source.,2026-05-24
https://www.meritholdings.com/our-companies,Meritholdings /our-companies page,sub_page_rescue,unknown,public web,Rescue-fetch candidate for Meritholdings stalled at needs_more_source.,2026-05-24
https://www.meritholdings.com/portfolio,Meritholdings /portfolio page,sub_page_rescue,unknown,public web,Rescue-fetch candidate for Meritholdings stalled at needs_more_source.,2026-05-24
https://www.meritholdings.com/companies,Meritholdings /companies page,sub_page_rescue,unknown,public web,Rescue-fetch candidate for Meritholdings stalled at needs_more_source.,2026-05-24
https://www.meritholdings.com/investments,Meritholdings /investments page,sub_page_rescue,unknown,public web,Rescue-fetch candidate for Meritholdings stalled at needs_more_source.,2026-05-24
https://www.meritholdings.com/team,Meritholdings /team page,sub_page_rescue,unknown,public web,Rescue-fetch candidate for Meritholdings stalled at needs_more_source.,2026-05-24
https://www.meritholdings.com/why-us,Meritholdings /why-us page,sub_page_rescue,unknown,public web,Rescue-fetch candidate for Meritholdings stalled at needs_more_source.,2026-05-24
https://www.meritholdings.com/process,Meritholdings /process page,sub_page_rescue,unknown,public web,Rescue-fetch candidate for Meritholdings stalled at needs_more_source.,2026-05-24
https://www.infigos.com/about-us,Infigos LLC /about-us page,sub_page_rescue,unknown,public web,Rescue-fetch candidate for Infigos LLC stalled at needs_more_source.,2026-05-24
https://www.infigos.com/approach,Infigos LLC /approach page,sub_page_rescue,unknown,public web,Rescue-fetch candidate for Infigos LLC stalled at needs_more_source.,2026-05-24
https://www.infigos.com/our-approach,Infigos LLC /our-approach page,sub_page_rescue,unknown,public web,Rescue-fetch candidate for Infigos LLC stalled at needs_more_source.,2026-05-24
https://www.infigos.com/thesis,Infigos LLC /thesis page,sub_page_rescue,unknown,public web,Rescue-fetch candidate for Infigos LLC stalled at needs_more_source.,2026-05-24
https://www.infigos.com/investment-thesis,Infigos LLC /investment-thesis page,sub_page_rescue,unknown,public web,Rescue-fetch candidate for Infigos LLC stalled at needs_more_source.,2026-05-24
https://www.infigos.com/philosophy,Infigos LLC /philosophy page,sub_page_rescue,unknown,public web,Rescue-fetch candidate for Infigos LLC stalled at needs_more_source.,2026-05-24
https://www.infigos.com/strategy,Infigos LLC /strategy page,sub_page_rescue,unknown,public web,Rescue-fetch candidate for Infigos LLC stalled at needs_more_source.,2026-05-24
https://www.infigos.com/our-strategy,Infigos LLC /our-strategy page,sub_page_rescue,unknown,public web,Rescue-fetch candidate for Infigos LLC stalled at needs_more_source.,2026-05-24
https://www.infigos.com/what-we-do,Infigos LLC /what-we-do page,sub_page_rescue,unknown,public web,Rescue-fetch candidate for Infigos LLC stalled at needs_more_source.,2026-05-24
https://www.infigos.com/how-we-invest,Infigos LLC /how-we-invest page,sub_page_rescue,unknown,public web,Rescue-fetch candidate for Infigos LLC stalled at needs_more_source.,2026-05-24
https://www.infigos.com/our-companies,Infigos LLC /our-companies page,sub_page_rescue,unknown,public web,Rescue-fetch candidate for Infigos LLC stalled at needs_more_source.,2026-05-24
https://www.infigos.com/portfolio,Infigos LLC /portfolio page,sub_page_rescue,unknown,public web,Rescue-fetch candidate for Infigos LLC stalled at needs_more_source.,2026-05-24
https://www.infigos.com/companies,Infigos LLC /companies page,sub_page_rescue,unknown,public web,Rescue-fetch candidate for Infigos LLC stalled at needs_more_source.,2026-05-24
https://www.infigos.com/investments,Infigos LLC /investments page,sub_page_rescue,unknown,public web,Rescue-fetch candidate for Infigos LLC stalled at needs_more_source.,2026-05-24
https://www.infigos.com/team,Infigos LLC /team page,sub_page_rescue,unknown,public web,Rescue-fetch candidate for Infigos LLC stalled at needs_more_source.,2026-05-24
https://www.infigos.com/why-us,Infigos LLC /why-us page,sub_page_rescue,unknown,public web,Rescue-fetch candidate for Infigos LLC stalled at needs_more_source.,2026-05-24
https://www.infigos.com/process,Infigos LLC /process page,sub_page_rescue,unknown,public web,Rescue-fetch candidate for Infigos LLC stalled at needs_more_source.,2026-05-24
https://aventis-advisors.com/about,Software Valuation Multiples /about page,sub_page_rescue,unknown,public web,Rescue-fetch candidate for Software Valuation Multiples stalled at needs_more_source.,2026-05-24
https://aventis-advisors.com/about-us,Software Valuation Multiples /about-us page,sub_page_rescue,unknown,public web,Rescue-fetch candidate for Software Valuation Multiples stalled at needs_more_source.,2026-05-24
https://aventis-advisors.com/approach,Software Valuation Multiples /approach page,sub_page_rescue,unknown,public web,Rescue-fetch candidate for Software Valuation Multiples stalled at needs_more_source.,2026-05-24
https://aventis-advisors.com/our-approach,Software Valuation Multiples /our-approach page,sub_page_rescue,unknown,public web,Rescue-fetch candidate for Software Valuation Multiples stalled at needs_more_source.,2026-05-24
https://aventis-advisors.com/thesis,Software Valuation Multiples /thesis page,sub_page_rescue,unknown,public web,Rescue-fetch candidate for Software Valuation Multiples stalled at needs_more_source.,2026-05-24
https://aventis-advisors.com/investment-thesis,Software Valuation Multiples /investment-thesis page,sub_page_rescue,unknown,public web,Rescue-fetch candidate for Software Valuation Multiples stalled at needs_more_source.,2026-05-24
https://aventis-advisors.com/philosophy,Software Valuation Multiples /philosophy page,sub_page_rescue,unknown,public web,Rescue-fetch candidate for Software Valuation Multiples stalled at needs_more_source.,2026-05-24
https://aventis-advisors.com/strategy,Software Valuation Multiples /strategy page,sub_page_rescue,unknown,public web,Rescue-fetch candidate for Software Valuation Multiples stalled at needs_more_source.,2026-05-24
https://aventis-advisors.com/our-strategy,Software Valuation Multiples /our-strategy page,sub_page_rescue,unknown,public web,Rescue-fetch candidate for Software Valuation Multiples stalled at needs_more_source.,2026-05-24
https://aventis-advisors.com/what-we-do,Software Valuation Multiples /what-we-do page,sub_page_rescue,unknown,public web,Rescue-fetch candidate for Software Valuation Multiples stalled at needs_more_source.,2026-05-24
https://aventis-advisors.com/how-we-invest,Software Valuation Multiples /how-we-invest page,sub_page_rescue,unknown,public web,Rescue-fetch candidate for Software Valuation Multiples stalled at needs_more_source.,2026-05-24
https://aventis-advisors.com/our-companies,Software Valuation Multiples /our-companies page,sub_page_rescue,unknown,public web,Rescue-fetch candidate for Software Valuation Multiples stalled at needs_more_source.,2026-05-24
https://aventis-advisors.com/portfolio,Software Valuation Multiples /portfolio page,sub_page_rescue,unknown,public web,Rescue-fetch candidate for Software Valuation Multiples stalled at needs_more_source.,2026-05-24
https://aventis-advisors.com/companies,Software Valuation Multiples /companies page,sub_page_rescue,unknown,public web,Rescue-fetch candidate for Software Valuation Multiples stalled at needs_more_source.,2026-05-24
https://aventis-advisors.com/investments,Software Valuation Multiples /investments page,sub_page_rescue,unknown,public web,Rescue-fetch candidate for Software Valuation Multiples stalled at needs_more_source.,2026-05-24
https://aventis-advisors.com/team,Software Valuation Multiples /team page,sub_page_rescue,unknown,public web,Rescue-fetch candidate for Software Valuation Multiples stalled at needs_more_source.,2026-05-24
https://aventis-advisors.com/why-us,Software Valuation Multiples /why-us page,sub_page_rescue,unknown,public web,Rescue-fetch candidate for Software Valuation Multiples stalled at needs_more_source.,2026-05-24
https://aventis-advisors.com/process,Software Valuation Multiples /process page,sub_page_rescue,unknown,public web,Rescue-fetch candidate for Software Valuation Multiples stalled at needs_more_source.,2026-05-24
https://opengov.com/about,Local Government Software /about page,sub_page_rescue,unknown,public web,Rescue-fetch candidate for Local Government Software stalled at needs_more_source.,2026-05-24
https://opengov.com/about-us,Local Government Software /about-us page,sub_page_rescue,unknown,public web,Rescue-fetch candidate for Local Government Software stalled at needs_more_source.,2026-05-24
https://opengov.com/approach,Local Government Software /approach page,sub_page_rescue,unknown,public web,Rescue-fetch candidate for Local Government Software stalled at needs_more_source.,2026-05-24
https://opengov.com/our-approach,Local Government Software /our-approach page,sub_page_rescue,unknown,public web,Rescue-fetch candidate for Local Government Software stalled at needs_more_source.,2026-05-24
https://opengov.com/thesis,Local Government Software /thesis page,sub_page_rescue,unknown,public web,Rescue-fetch candidate for Local Government Software stalled at needs_more_source.,2026-05-24
https://opengov.com/investment-thesis,Local Government Software /investment-thesis page,sub_page_rescue,unknown,public web,Rescue-fetch candidate for Local Government Software stalled at needs_more_source.,2026-05-24
https://opengov.com/philosophy,Local Government Software /philosophy page,sub_page_rescue,unknown,public web,Rescue-fetch candidate for Local Government Software stalled at needs_more_source.,2026-05-24
https://opengov.com/strategy,Local Government Software /strategy page,sub_page_rescue,unknown,public web,Rescue-fetch candidate for Local Government Software stalled at needs_more_source.,2026-05-24
https://opengov.com/our-strategy,Local Government Software /our-strategy page,sub_page_rescue,unknown,public web,Rescue-fetch candidate for Local Government Software stalled at needs_more_source.,2026-05-24
https://opengov.com/what-we-do,Local Government Software /what-we-do page,sub_page_rescue,unknown,public web,Rescue-fetch candidate for Local Government Software stalled at needs_more_source.,2026-05-24
https://opengov.com/how-we-invest,Local Government Software /how-we-invest page,sub_page_rescue,unknown,public web,Rescue-fetch candidate for Local Government Software stalled at needs_more_source.,2026-05-24
https://opengov.com/our-companies,Local Government Software /our-companies page,sub_page_rescue,unknown,public web,Rescue-fetch candidate for Local Government Software stalled at needs_more_source.,2026-05-24
https://opengov.com/portfolio,Local Government Software /portfolio page,sub_page_rescue,unknown,public web,Rescue-fetch candidate for Local Government Software stalled at needs_more_source.,2026-05-24
https://opengov.com/companies,Local Government Software /companies page,sub_page_rescue,unknown,public web,Rescue-fetch candidate for Local Government Software stalled at needs_more_source.,2026-05-24
https://opengov.com/investments,Local Government Software /investments page,sub_page_rescue,unknown,public web,Rescue-fetch candidate for Local Government Software stalled at needs_more_source.,2026-05-24
https://opengov.com/team,Local Government Software /team page,sub_page_rescue,unknown,public web,Rescue-fetch candidate for Local Government Software stalled at needs_more_source.,2026-05-24
https://opengov.com/why-us,Local Government Software /why-us page,sub_page_rescue,unknown,public web,Rescue-fetch candidate for Local Government Software stalled at needs_more_source.,2026-05-24
https://opengov.com/process,Local Government Software /process page,sub_page_rescue,unknown,public web,Rescue-fetch candidate for Local Government Software stalled at needs_more_source.,2026-05-24
https://www.mosaicsoftwaregroup.com/about,Mosaic /about page,sub_page_rescue,unknown,public web,Rescue-fetch candidate for Mosaic stalled at needs_more_source.,2026-05-24
https://www.mosaicsoftwaregroup.com/about-us,Mosaic /about-us page,sub_page_rescue,unknown,public web,Rescue-fetch candidate for Mosaic stalled at needs_more_source.,2026-05-24
https://www.mosaicsoftwaregroup.com/approach,Mosaic /approach page,sub_page_rescue,unknown,public web,Rescue-fetch candidate for Mosaic stalled at needs_more_source.,2026-05-24
https://www.mosaicsoftwaregroup.com/our-approach,Mosaic /our-approach page,sub_page_rescue,unknown,public web,Rescue-fetch candidate for Mosaic stalled at needs_more_source.,2026-05-24
https://www.mosaicsoftwaregroup.com/thesis,Mosaic /thesis page,sub_page_rescue,unknown,public web,Rescue-fetch candidate for Mosaic stalled at needs_more_source.,2026-05-24
https://www.mosaicsoftwaregroup.com/investment-thesis,Mosaic /investment-thesis page,sub_page_rescue,unknown,public web,Rescue-fetch candidate for Mosaic stalled at needs_more_source.,2026-05-24
https://www.mosaicsoftwaregroup.com/philosophy,Mosaic /philosophy page,sub_page_rescue,unknown,public web,Rescue-fetch candidate for Mosaic stalled at needs_more_source.,2026-05-24
https://www.mosaicsoftwaregroup.com/strategy,Mosaic /strategy page,sub_page_rescue,unknown,public web,Rescue-fetch candidate for Mosaic stalled at needs_more_source.,2026-05-24
https://www.mosaicsoftwaregroup.com/our-strategy,Mosaic /our-strategy page,sub_page_rescue,unknown,public web,Rescue-fetch candidate for Mosaic stalled at needs_more_source.,2026-05-24
https://www.mosaicsoftwaregroup.com/what-we-do,Mosaic /what-we-do page,sub_page_rescue,unknown,public web,Rescue-fetch candidate for Mosaic stalled at needs_more_source.,2026-05-24
https://www.mosaicsoftwaregroup.com/how-we-invest,Mosaic /how-we-invest page,sub_page_rescue,unknown,public web,Rescue-fetch candidate for Mosaic stalled at needs_more_source.,2026-05-24
https://www.mosaicsoftwaregroup.com/our-companies,Mosaic /our-companies page,sub_page_rescue,unknown,public web,Rescue-fetch candidate for Mosaic stalled at needs_more_source.,2026-05-24
https://www.mosaicsoftwaregroup.com/portfolio,Mosaic /portfolio page,sub_page_rescue,unknown,public web,Rescue-fetch candidate for Mosaic stalled at needs_more_source.,2026-05-24
https://www.mosaicsoftwaregroup.com/companies,Mosaic /companies page,sub_page_rescue,unknown,public web,Rescue-fetch candidate for Mosaic stalled at needs_more_source.,2026-05-24
https://www.mosaicsoftwaregroup.com/investments,Mosaic /investments page,sub_page_rescue,unknown,public web,Rescue-fetch candidate for Mosaic stalled at needs_more_source.,2026-05-24
https://www.mosaicsoftwaregroup.com/team,Mosaic /team page,sub_page_rescue,unknown,public web,Rescue-fetch candidate for Mosaic stalled at needs_more_source.,2026-05-24
https://www.mosaicsoftwaregroup.com/why-us,Mosaic /why-us page,sub_page_rescue,unknown,public web,Rescue-fetch candidate for Mosaic stalled at needs_more_source.,2026-05-24
https://www.mosaicsoftwaregroup.com/process,Mosaic /process page,sub_page_rescue,unknown,public web,Rescue-fetch candidate for Mosaic stalled at needs_more_source.,2026-05-24
https://www.solensoftwaregroup.com/about,Solen Software Group /about page,sub_page_rescue,unknown,public web,Rescue-fetch candidate for Solen Software Group stalled at needs_more_source.,2026-05-26
https://www.solensoftwaregroup.com/about-us,Solen Software Group /about-us page,sub_page_rescue,unknown,public web,Rescue-fetch candidate for Solen Software Group stalled at needs_more_source.,2026-05-26
https://www.solensoftwaregroup.com/approach,Solen Software Group /approach page,sub_page_rescue,unknown,public web,Rescue-fetch candidate for Solen Software Group stalled at needs_more_source.,2026-05-26
https://www.solensoftwaregroup.com/our-approach,Solen Software Group /our-approach page,sub_page_rescue,unknown,public web,Rescue-fetch candidate for Solen Software Group stalled at needs_more_source.,2026-05-26
https://www.solensoftwaregroup.com/thesis,Solen Software Group /thesis page,sub_page_rescue,unknown,public web,Rescue-fetch candidate for Solen Software Group stalled at needs_more_source.,2026-05-26
https://www.solensoftwaregroup.com/investment-thesis,Solen Software Group /investment-thesis page,sub_page_rescue,unknown,public web,Rescue-fetch candidate for Solen Software Group stalled at needs_more_source.,2026-05-26
https://www.solensoftwaregroup.com/philosophy,Solen Software Group /philosophy page,sub_page_rescue,unknown,public web,Rescue-fetch candidate for Solen Software Group stalled at needs_more_source.,2026-05-26
https://www.solensoftwaregroup.com/strategy,Solen Software Group /strategy page,sub_page_rescue,unknown,public web,Rescue-fetch candidate for Solen Software Group stalled at needs_more_source.,2026-05-26
https://www.solensoftwaregroup.com/our-strategy,Solen Software Group /our-strategy page,sub_page_rescue,unknown,public web,Rescue-fetch candidate for Solen Software Group stalled at needs_more_source.,2026-05-26
https://www.solensoftwaregroup.com/what-we-do,Solen Software Group /what-we-do page,sub_page_rescue,unknown,public web,Rescue-fetch candidate for Solen Software Group stalled at needs_more_source.,2026-05-26
https://www.solensoftwaregroup.com/how-we-invest,Solen Software Group /how-we-invest page,sub_page_rescue,unknown,public web,Rescue-fetch candidate for Solen Software Group stalled at needs_more_source.,2026-05-26
https://www.solensoftwaregroup.com/our-companies,Solen Software Group /our-companies page,sub_page_rescue,unknown,public web,Rescue-fetch candidate for Solen Software Group stalled at needs_more_source.,2026-05-26
https://www.solensoftwaregroup.com/portfolio,Solen Software Group /portfolio page,sub_page_rescue,unknown,public web,Rescue-fetch candidate for Solen Software Group stalled at needs_more_source.,2026-05-26
https://www.solensoftwaregroup.com/companies,Solen Software Group /companies page,sub_page_rescue,unknown,public web,Rescue-fetch candidate for Solen Software Group stalled at needs_more_source.,2026-05-26
https://www.solensoftwaregroup.com/investments,Solen Software Group /investments page,sub_page_rescue,unknown,public web,Rescue-fetch candidate for Solen Software Group stalled at needs_more_source.,2026-05-26
https://www.solensoftwaregroup.com/team,Solen Software Group /team page,sub_page_rescue,unknown,public web,Rescue-fetch candidate for Solen Software Group stalled at needs_more_source.,2026-05-26
https://www.solensoftwaregroup.com/why-us,Solen Software Group /why-us page,sub_page_rescue,unknown,public web,Rescue-fetch candidate for Solen Software Group stalled at needs_more_source.,2026-05-26
https://www.solensoftwaregroup.com/process,Solen Software Group /process page,sub_page_rescue,unknown,public web,Rescue-fetch candidate for Solen Software Group stalled at needs_more_source.,2026-05-26
https://www.evergreenfund.life/about,Evergreenfund /about page,sub_page_rescue,unknown,public web,Rescue-fetch candidate for Evergreenfund stalled at needs_more_source.,2026-05-26
https://www.evergreenfund.life/about-us,Evergreenfund /about-us page,sub_page_rescue,unknown,public web,Rescue-fetch candidate for Evergreenfund stalled at needs_more_source.,2026-05-26
https://www.evergreenfund.life/approach,Evergreenfund /approach page,sub_page_rescue,unknown,public web,Rescue-fetch candidate for Evergreenfund stalled at needs_more_source.,2026-05-26
https://www.evergreenfund.life/our-approach,Evergreenfund /our-approach page,sub_page_rescue,unknown,public web,Rescue-fetch candidate for Evergreenfund stalled at needs_more_source.,2026-05-26
https://www.evergreenfund.life/thesis,Evergreenfund /thesis page,sub_page_rescue,unknown,public web,Rescue-fetch candidate for Evergreenfund stalled at needs_more_source.,2026-05-26
https://www.evergreenfund.life/investment-thesis,Evergreenfund /investment-thesis page,sub_page_rescue,unknown,public web,Rescue-fetch candidate for Evergreenfund stalled at needs_more_source.,2026-05-26
https://www.evergreenfund.life/philosophy,Evergreenfund /philosophy page,sub_page_rescue,unknown,public web,Rescue-fetch candidate for Evergreenfund stalled at needs_more_source.,2026-05-26
https://www.evergreenfund.life/strategy,Evergreenfund /strategy page,sub_page_rescue,unknown,public web,Rescue-fetch candidate for Evergreenfund stalled at needs_more_source.,2026-05-26
https://www.evergreenfund.life/our-strategy,Evergreenfund /our-strategy page,sub_page_rescue,unknown,public web,Rescue-fetch candidate for Evergreenfund stalled at needs_more_source.,2026-05-26
https://www.evergreenfund.life/what-we-do,Evergreenfund /what-we-do page,sub_page_rescue,unknown,public web,Rescue-fetch candidate for Evergreenfund stalled at needs_more_source.,2026-05-26
https://www.evergreenfund.life/how-we-invest,Evergreenfund /how-we-invest page,sub_page_rescue,unknown,public web,Rescue-fetch candidate for Evergreenfund stalled at needs_more_source.,2026-05-26
https://www.evergreenfund.life/our-companies,Evergreenfund /our-companies page,sub_page_rescue,unknown,public web,Rescue-fetch candidate for Evergreenfund stalled at needs_more_source.,2026-05-26
https://www.evergreenfund.life/portfolio,Evergreenfund /portfolio page,sub_page_rescue,unknown,public web,Rescue-fetch candidate for Evergreenfund stalled at needs_more_source.,2026-05-26
https://www.evergreenfund.life/companies,Evergreenfund /companies page,sub_page_rescue,unknown,public web,Rescue-fetch candidate for Evergreenfund stalled at needs_more_source.,2026-05-26
https://www.evergreenfund.life/investments,Evergreenfund /investments page,sub_page_rescue,unknown,public web,Rescue-fetch candidate for Evergreenfund stalled at needs_more_source.,2026-05-26
https://www.evergreenfund.life/team,Evergreenfund /team page,sub_page_rescue,unknown,public web,Rescue-fetch candidate for Evergreenfund stalled at needs_more_source.,2026-05-26
https://www.evergreenfund.life/why-us,Evergreenfund /why-us page,sub_page_rescue,unknown,public web,Rescue-fetch candidate for Evergreenfund stalled at needs_more_source.,2026-05-26
https://www.evergreenfund.life/process,Evergreenfund /process page,sub_page_rescue,unknown,public web,Rescue-fetch candidate for Evergreenfund stalled at needs_more_source.,2026-05-26
https://www.earthfoundry.com/about,Earth Foundry /about page,sub_page_rescue,unknown,public web,Rescue-fetch candidate for Earth Foundry stalled at needs_more_source.,2026-05-26
https://www.earthfoundry.com/about-us,Earth Foundry /about-us page,sub_page_rescue,unknown,public web,Rescue-fetch candidate for Earth Foundry stalled at needs_more_source.,2026-05-26
https://www.earthfoundry.com/approach,Earth Foundry /approach page,sub_page_rescue,unknown,public web,Rescue-fetch candidate for Earth Foundry stalled at needs_more_source.,2026-05-26
https://www.earthfoundry.com/our-approach,Earth Foundry /our-approach page,sub_page_rescue,unknown,public web,Rescue-fetch candidate for Earth Foundry stalled at needs_more_source.,2026-05-26
https://www.earthfoundry.com/thesis,Earth Foundry /thesis page,sub_page_rescue,unknown,public web,Rescue-fetch candidate for Earth Foundry stalled at needs_more_source.,2026-05-26
https://www.earthfoundry.com/investment-thesis,Earth Foundry /investment-thesis page,sub_page_rescue,unknown,public web,Rescue-fetch candidate for Earth Foundry stalled at needs_more_source.,2026-05-26
https://www.earthfoundry.com/philosophy,Earth Foundry /philosophy page,sub_page_rescue,unknown,public web,Rescue-fetch candidate for Earth Foundry stalled at needs_more_source.,2026-05-26
https://www.earthfoundry.com/strategy,Earth Foundry /strategy page,sub_page_rescue,unknown,public web,Rescue-fetch candidate for Earth Foundry stalled at needs_more_source.,2026-05-26
https://www.earthfoundry.com/our-strategy,Earth Foundry /our-strategy page,sub_page_rescue,unknown,public web,Rescue-fetch candidate for Earth Foundry stalled at needs_more_source.,2026-05-26
https://www.earthfoundry.com/what-we-do,Earth Foundry /what-we-do page,sub_page_rescue,unknown,public web,Rescue-fetch candidate for Earth Foundry stalled at needs_more_source.,2026-05-26
https://www.earthfoundry.com/how-we-invest,Earth Foundry /how-we-invest page,sub_page_rescue,unknown,public web,Rescue-fetch candidate for Earth Foundry stalled at needs_more_source.,2026-05-26
https://www.earthfoundry.com/our-companies,Earth Foundry /our-companies page,sub_page_rescue,unknown,public web,Rescue-fetch candidate for Earth Foundry stalled at needs_more_source.,2026-05-26
https://www.earthfoundry.com/portfolio,Earth Foundry /portfolio page,sub_page_rescue,unknown,public web,Rescue-fetch candidate for Earth Foundry stalled at needs_more_source.,2026-05-26
https://www.earthfoundry.com/companies,Earth Foundry /companies page,sub_page_rescue,unknown,public web,Rescue-fetch candidate for Earth Foundry stalled at needs_more_source.,2026-05-26
https://www.earthfoundry.com/investments,Earth Foundry /investments page,sub_page_rescue,unknown,public web,Rescue-fetch candidate for Earth Foundry stalled at needs_more_source.,2026-05-26
https://www.earthfoundry.com/team,Earth Foundry /team page,sub_page_rescue,unknown,public web,Rescue-fetch candidate for Earth Foundry stalled at needs_more_source.,2026-05-26
https://www.earthfoundry.com/why-us,Earth Foundry /why-us page,sub_page_rescue,unknown,public web,Rescue-fetch candidate for Earth Foundry stalled at needs_more_source.,2026-05-26
https://www.earthfoundry.com/process,Earth Foundry /process page,sub_page_rescue,unknown,public web,Rescue-fetch candidate for Earth Foundry stalled at needs_more_source.,2026-05-26
https://www.theventurestudio.co/about,The Venture Studio /about page,sub_page_rescue,unknown,public web,Rescue-fetch candidate for The Venture Studio stalled at needs_more_source.,2026-05-27
https://www.theventurestudio.co/about-us,The Venture Studio /about-us page,sub_page_rescue,unknown,public web,Rescue-fetch candidate for The Venture Studio stalled at needs_more_source.,2026-05-27
https://www.theventurestudio.co/approach,The Venture Studio /approach page,sub_page_rescue,unknown,public web,Rescue-fetch candidate for The Venture Studio stalled at needs_more_source.,2026-05-27
https://www.theventurestudio.co/our-approach,The Venture Studio /our-approach page,sub_page_rescue,unknown,public web,Rescue-fetch candidate for The Venture Studio stalled at needs_more_source.,2026-05-27
https://www.theventurestudio.co/thesis,The Venture Studio /thesis page,sub_page_rescue,unknown,public web,Rescue-fetch candidate for The Venture Studio stalled at needs_more_source.,2026-05-27
https://www.theventurestudio.co/investment-thesis,The Venture Studio /investment-thesis page,sub_page_rescue,unknown,public web,Rescue-fetch candidate for The Venture Studio stalled at needs_more_source.,2026-05-27
https://www.theventurestudio.co/philosophy,The Venture Studio /philosophy page,sub_page_rescue,unknown,public web,Rescue-fetch candidate for The Venture Studio stalled at needs_more_source.,2026-05-27
https://www.theventurestudio.co/strategy,The Venture Studio /strategy page,sub_page_rescue,unknown,public web,Rescue-fetch candidate for The Venture Studio stalled at needs_more_source.,2026-05-27
https://www.theventurestudio.co/our-strategy,The Venture Studio /our-strategy page,sub_page_rescue,unknown,public web,Rescue-fetch candidate for The Venture Studio stalled at needs_more_source.,2026-05-27
https://www.theventurestudio.co/what-we-do,The Venture Studio /what-we-do page,sub_page_rescue,unknown,public web,Rescue-fetch candidate for The Venture Studio stalled at needs_more_source.,2026-05-27
https://www.theventurestudio.co/how-we-invest,The Venture Studio /how-we-invest page,sub_page_rescue,unknown,public web,Rescue-fetch candidate for The Venture Studio stalled at needs_more_source.,2026-05-27
https://www.theventurestudio.co/our-companies,The Venture Studio /our-companies page,sub_page_rescue,unknown,public web,Rescue-fetch candidate for The Venture Studio stalled at needs_more_source.,2026-05-27
https://www.theventurestudio.co/portfolio,The Venture Studio /portfolio page,sub_page_rescue,unknown,public web,Rescue-fetch candidate for The Venture Studio stalled at needs_more_source.,2026-05-27
https://www.theventurestudio.co/companies,The Venture Studio /companies page,sub_page_rescue,unknown,public web,Rescue-fetch candidate for The Venture Studio stalled at needs_more_source.,2026-05-27
https://www.theventurestudio.co/investments,The Venture Studio /investments page,sub_page_rescue,unknown,public web,Rescue-fetch candidate for The Venture Studio stalled at needs_more_source.,2026-05-27
https://www.theventurestudio.co/team,The Venture Studio /team page,sub_page_rescue,unknown,public web,Rescue-fetch candidate for The Venture Studio stalled at needs_more_source.,2026-05-27
https://www.theventurestudio.co/why-us,The Venture Studio /why-us page,sub_page_rescue,unknown,public web,Rescue-fetch candidate for The Venture Studio stalled at needs_more_source.,2026-05-27
https://www.theventurestudio.co/process,The Venture Studio /process page,sub_page_rescue,unknown,public web,Rescue-fetch candidate for The Venture Studio stalled at needs_more_source.,2026-05-27
https://acquisitionlab.com/about,Acquisition Lab /about page,sub_page_rescue,unknown,public web,Rescue-fetch candidate for Acquisition Lab stalled at needs_more_source.,2026-05-27
https://acquisitionlab.com/about-us,Acquisition Lab /about-us page,sub_page_rescue,unknown,public web,Rescue-fetch candidate for Acquisition Lab stalled at needs_more_source.,2026-05-27
https://acquisitionlab.com/approach,Acquisition Lab /approach page,sub_page_rescue,unknown,public web,Rescue-fetch candidate for Acquisition Lab stalled at needs_more_source.,2026-05-27
https://acquisitionlab.com/our-approach,Acquisition Lab /our-approach page,sub_page_rescue,unknown,public web,Rescue-fetch candidate for Acquisition Lab stalled at needs_more_source.,2026-05-27
https://acquisitionlab.com/thesis,Acquisition Lab /thesis page,sub_page_rescue,unknown,public web,Rescue-fetch candidate for Acquisition Lab stalled at needs_more_source.,2026-05-27
https://acquisitionlab.com/investment-thesis,Acquisition Lab /investment-thesis page,sub_page_rescue,unknown,public web,Rescue-fetch candidate for Acquisition Lab stalled at needs_more_source.,2026-05-27
https://acquisitionlab.com/philosophy,Acquisition Lab /philosophy page,sub_page_rescue,unknown,public web,Rescue-fetch candidate for Acquisition Lab stalled at needs_more_source.,2026-05-27
https://acquisitionlab.com/strategy,Acquisition Lab /strategy page,sub_page_rescue,unknown,public web,Rescue-fetch candidate for Acquisition Lab stalled at needs_more_source.,2026-05-27
https://acquisitionlab.com/our-strategy,Acquisition Lab /our-strategy page,sub_page_rescue,unknown,public web,Rescue-fetch candidate for Acquisition Lab stalled at needs_more_source.,2026-05-27
https://acquisitionlab.com/what-we-do,Acquisition Lab /what-we-do page,sub_page_rescue,unknown,public web,Rescue-fetch candidate for Acquisition Lab stalled at needs_more_source.,2026-05-27
https://acquisitionlab.com/how-we-invest,Acquisition Lab /how-we-invest page,sub_page_rescue,unknown,public web,Rescue-fetch candidate for Acquisition Lab stalled at needs_more_source.,2026-05-27
https://acquisitionlab.com/our-companies,Acquisition Lab /our-companies page,sub_page_rescue,unknown,public web,Rescue-fetch candidate for Acquisition Lab stalled at needs_more_source.,2026-05-27
https://acquisitionlab.com/portfolio,Acquisition Lab /portfolio page,sub_page_rescue,unknown,public web,Rescue-fetch candidate for Acquisition Lab stalled at needs_more_source.,2026-05-27
https://acquisitionlab.com/companies,Acquisition Lab /companies page,sub_page_rescue,unknown,public web,Rescue-fetch candidate for Acquisition Lab stalled at needs_more_source.,2026-05-27
https://acquisitionlab.com/investments,Acquisition Lab /investments page,sub_page_rescue,unknown,public web,Rescue-fetch candidate for Acquisition Lab stalled at needs_more_source.,2026-05-27
https://acquisitionlab.com/team,Acquisition Lab /team page,sub_page_rescue,unknown,public web,Rescue-fetch candidate for Acquisition Lab stalled at needs_more_source.,2026-05-27
https://acquisitionlab.com/why-us,Acquisition Lab /why-us page,sub_page_rescue,unknown,public web,Rescue-fetch candidate for Acquisition Lab stalled at needs_more_source.,2026-05-27
https://acquisitionlab.com/process,Acquisition Lab /process page,sub_page_rescue,unknown,public web,Rescue-fetch candidate for Acquisition Lab stalled at needs_more_source.,2026-05-27
https://bendingspoons.com/about,Bending Spoons /about page,sub_page_rescue,unknown,public web,Rescue-fetch candidate for Bending Spoons stalled at needs_more_source.,2026-05-27
https://bendingspoons.com/about-us,Bending Spoons /about-us page,sub_page_rescue,unknown,public web,Rescue-fetch candidate for Bending Spoons stalled at needs_more_source.,2026-05-27
https://bendingspoons.com/approach,Bending Spoons /approach page,sub_page_rescue,unknown,public web,Rescue-fetch candidate for Bending Spoons stalled at needs_more_source.,2026-05-27
https://bendingspoons.com/our-approach,Bending Spoons /our-approach page,sub_page_rescue,unknown,public web,Rescue-fetch candidate for Bending Spoons stalled at needs_more_source.,2026-05-27
https://bendingspoons.com/thesis,Bending Spoons /thesis page,sub_page_rescue,unknown,public web,Rescue-fetch candidate for Bending Spoons stalled at needs_more_source.,2026-05-27
https://bendingspoons.com/investment-thesis,Bending Spoons /investment-thesis page,sub_page_rescue,unknown,public web,Rescue-fetch candidate for Bending Spoons stalled at needs_more_source.,2026-05-27
https://bendingspoons.com/philosophy,Bending Spoons /philosophy page,sub_page_rescue,unknown,public web,Rescue-fetch candidate for Bending Spoons stalled at needs_more_source.,2026-05-27
https://bendingspoons.com/strategy,Bending Spoons /strategy page,sub_page_rescue,unknown,public web,Rescue-fetch candidate for Bending Spoons stalled at needs_more_source.,2026-05-27
https://bendingspoons.com/our-strategy,Bending Spoons /our-strategy page,sub_page_rescue,unknown,public web,Rescue-fetch candidate for Bending Spoons stalled at needs_more_source.,2026-05-27
https://bendingspoons.com/what-we-do,Bending Spoons /what-we-do page,sub_page_rescue,unknown,public web,Rescue-fetch candidate for Bending Spoons stalled at needs_more_source.,2026-05-27
https://bendingspoons.com/how-we-invest,Bending Spoons /how-we-invest page,sub_page_rescue,unknown,public web,Rescue-fetch candidate for Bending Spoons stalled at needs_more_source.,2026-05-27
https://bendingspoons.com/our-companies,Bending Spoons /our-companies page,sub_page_rescue,unknown,public web,Rescue-fetch candidate for Bending Spoons stalled at needs_more_source.,2026-05-27
https://bendingspoons.com/portfolio,Bending Spoons /portfolio page,sub_page_rescue,unknown,public web,Rescue-fetch candidate for Bending Spoons stalled at needs_more_source.,2026-05-27
https://bendingspoons.com/companies,Bending Spoons /companies page,sub_page_rescue,unknown,public web,Rescue-fetch candidate for Bending Spoons stalled at needs_more_source.,2026-05-27
https://bendingspoons.com/investments,Bending Spoons /investments page,sub_page_rescue,unknown,public web,Rescue-fetch candidate for Bending Spoons stalled at needs_more_source.,2026-05-27
https://bendingspoons.com/team,Bending Spoons /team page,sub_page_rescue,unknown,public web,Rescue-fetch candidate for Bending Spoons stalled at needs_more_source.,2026-05-27
https://bendingspoons.com/why-us,Bending Spoons /why-us page,sub_page_rescue,unknown,public web,Rescue-fetch candidate for Bending Spoons stalled at needs_more_source.,2026-05-27
https://bendingspoons.com/process,Bending Spoons /process page,sub_page_rescue,unknown,public web,Rescue-fetch candidate for Bending Spoons stalled at needs_more_source.,2026-05-27
https://venturestudioforum.org/about,Venture Studio Forum /about page,sub_page_rescue,unknown,public web,Rescue-fetch candidate for Venture Studio Forum stalled at needs_more_source.,2026-05-28
https://venturestudioforum.org/about-us,Venture Studio Forum /about-us page,sub_page_rescue,unknown,public web,Rescue-fetch candidate for Venture Studio Forum stalled at needs_more_source.,2026-05-28
https://venturestudioforum.org/approach,Venture Studio Forum /approach page,sub_page_rescue,unknown,public web,Rescue-fetch candidate for Venture Studio Forum stalled at needs_more_source.,2026-05-28
https://venturestudioforum.org/our-approach,Venture Studio Forum /our-approach page,sub_page_rescue,unknown,public web,Rescue-fetch candidate for Venture Studio Forum stalled at needs_more_source.,2026-05-28
https://venturestudioforum.org/thesis,Venture Studio Forum /thesis page,sub_page_rescue,unknown,public web,Rescue-fetch candidate for Venture Studio Forum stalled at needs_more_source.,2026-05-28
https://venturestudioforum.org/investment-thesis,Venture Studio Forum /investment-thesis page,sub_page_rescue,unknown,public web,Rescue-fetch candidate for Venture Studio Forum stalled at needs_more_source.,2026-05-28
https://venturestudioforum.org/philosophy,Venture Studio Forum /philosophy page,sub_page_rescue,unknown,public web,Rescue-fetch candidate for Venture Studio Forum stalled at needs_more_source.,2026-05-28
https://venturestudioforum.org/strategy,Venture Studio Forum /strategy page,sub_page_rescue,unknown,public web,Rescue-fetch candidate for Venture Studio Forum stalled at needs_more_source.,2026-05-28
https://venturestudioforum.org/our-strategy,Venture Studio Forum /our-strategy page,sub_page_rescue,unknown,public web,Rescue-fetch candidate for Venture Studio Forum stalled at needs_more_source.,2026-05-28
https://venturestudioforum.org/what-we-do,Venture Studio Forum /what-we-do page,sub_page_rescue,unknown,public web,Rescue-fetch candidate for Venture Studio Forum stalled at needs_more_source.,2026-05-28
https://venturestudioforum.org/how-we-invest,Venture Studio Forum /how-we-invest page,sub_page_rescue,unknown,public web,Rescue-fetch candidate for Venture Studio Forum stalled at needs_more_source.,2026-05-28
https://venturestudioforum.org/our-companies,Venture Studio Forum /our-companies page,sub_page_rescue,unknown,public web,Rescue-fetch candidate for Venture Studio Forum stalled at needs_more_source.,2026-05-28
https://venturestudioforum.org/portfolio,Venture Studio Forum /portfolio page,sub_page_rescue,unknown,public web,Rescue-fetch candidate for Venture Studio Forum stalled at needs_more_source.,2026-05-28
https://venturestudioforum.org/companies,Venture Studio Forum /companies page,sub_page_rescue,unknown,public web,Rescue-fetch candidate for Venture Studio Forum stalled at needs_more_source.,2026-05-28
https://venturestudioforum.org/investments,Venture Studio Forum /investments page,sub_page_rescue,unknown,public web,Rescue-fetch candidate for Venture Studio Forum stalled at needs_more_source.,2026-05-28
https://venturestudioforum.org/team,Venture Studio Forum /team page,sub_page_rescue,unknown,public web,Rescue-fetch candidate for Venture Studio Forum stalled at needs_more_source.,2026-05-28
https://venturestudioforum.org/why-us,Venture Studio Forum /why-us page,sub_page_rescue,unknown,public web,Rescue-fetch candidate for Venture Studio Forum stalled at needs_more_source.,2026-05-28
https://venturestudioforum.org/process,Venture Studio Forum /process page,sub_page_rescue,unknown,public web,Rescue-fetch candidate for Venture Studio Forum stalled at needs_more_source.,2026-05-28
https://hbsfoundry.org/about,Foundry /about page,sub_page_rescue,unknown,public web,Rescue-fetch candidate for Foundry stalled at needs_more_source.,2026-05-28
https://hbsfoundry.org/about-us,Foundry /about-us page,sub_page_rescue,unknown,public web,Rescue-fetch candidate for Foundry stalled at needs_more_source.,2026-05-28
https://hbsfoundry.org/approach,Foundry /approach page,sub_page_rescue,unknown,public web,Rescue-fetch candidate for Foundry stalled at needs_more_source.,2026-05-28
https://hbsfoundry.org/our-approach,Foundry /our-approach page,sub_page_rescue,unknown,public web,Rescue-fetch candidate for Foundry stalled at needs_more_source.,2026-05-28
https://hbsfoundry.org/thesis,Foundry /thesis page,sub_page_rescue,unknown,public web,Rescue-fetch candidate for Foundry stalled at needs_more_source.,2026-05-28
https://hbsfoundry.org/investment-thesis,Foundry /investment-thesis page,sub_page_rescue,unknown,public web,Rescue-fetch candidate for Foundry stalled at needs_more_source.,2026-05-28
https://hbsfoundry.org/philosophy,Foundry /philosophy page,sub_page_rescue,unknown,public web,Rescue-fetch candidate for Foundry stalled at needs_more_source.,2026-05-28
https://hbsfoundry.org/strategy,Foundry /strategy page,sub_page_rescue,unknown,public web,Rescue-fetch candidate for Foundry stalled at needs_more_source.,2026-05-28
https://hbsfoundry.org/our-strategy,Foundry /our-strategy page,sub_page_rescue,unknown,public web,Rescue-fetch candidate for Foundry stalled at needs_more_source.,2026-05-28
https://hbsfoundry.org/what-we-do,Foundry /what-we-do page,sub_page_rescue,unknown,public web,Rescue-fetch candidate for Foundry stalled at needs_more_source.,2026-05-28
https://hbsfoundry.org/how-we-invest,Foundry /how-we-invest page,sub_page_rescue,unknown,public web,Rescue-fetch candidate for Foundry stalled at needs_more_source.,2026-05-28
https://hbsfoundry.org/our-companies,Foundry /our-companies page,sub_page_rescue,unknown,public web,Rescue-fetch candidate for Foundry stalled at needs_more_source.,2026-05-28
https://hbsfoundry.org/portfolio,Foundry /portfolio page,sub_page_rescue,unknown,public web,Rescue-fetch candidate for Foundry stalled at needs_more_source.,2026-05-28
https://hbsfoundry.org/companies,Foundry /companies page,sub_page_rescue,unknown,public web,Rescue-fetch candidate for Foundry stalled at needs_more_source.,2026-05-28
https://hbsfoundry.org/investments,Foundry /investments page,sub_page_rescue,unknown,public web,Rescue-fetch candidate for Foundry stalled at needs_more_source.,2026-05-28
https://hbsfoundry.org/team,Foundry /team page,sub_page_rescue,unknown,public web,Rescue-fetch candidate for Foundry stalled at needs_more_source.,2026-05-28
https://hbsfoundry.org/why-us,Foundry /why-us page,sub_page_rescue,unknown,public web,Rescue-fetch candidate for Foundry stalled at needs_more_source.,2026-05-28
https://hbsfoundry.org/process,Foundry /process page,sub_page_rescue,unknown,public web,Rescue-fetch candidate for Foundry stalled at needs_more_source.,2026-05-28
https://risefi.com/about,RiseFi /about page,sub_page_rescue,unknown,public web,Rescue-fetch candidate for RiseFi stalled at needs_more_source.,2026-05-28
https://risefi.com/about-us,RiseFi /about-us page,sub_page_rescue,unknown,public web,Rescue-fetch candidate for RiseFi stalled at needs_more_source.,2026-05-28
https://risefi.com/approach,RiseFi /approach page,sub_page_rescue,unknown,public web,Rescue-fetch candidate for RiseFi stalled at needs_more_source.,2026-05-28
https://risefi.com/our-approach,RiseFi /our-approach page,sub_page_rescue,unknown,public web,Rescue-fetch candidate for RiseFi stalled at needs_more_source.,2026-05-28
https://risefi.com/thesis,RiseFi /thesis page,sub_page_rescue,unknown,public web,Rescue-fetch candidate for RiseFi stalled at needs_more_source.,2026-05-28
https://risefi.com/investment-thesis,RiseFi /investment-thesis page,sub_page_rescue,unknown,public web,Rescue-fetch candidate for RiseFi stalled at needs_more_source.,2026-05-28
https://risefi.com/philosophy,RiseFi /philosophy page,sub_page_rescue,unknown,public web,Rescue-fetch candidate for RiseFi stalled at needs_more_source.,2026-05-28
https://risefi.com/strategy,RiseFi /strategy page,sub_page_rescue,unknown,public web,Rescue-fetch candidate for RiseFi stalled at needs_more_source.,2026-05-28
https://risefi.com/our-strategy,RiseFi /our-strategy page,sub_page_rescue,unknown,public web,Rescue-fetch candidate for RiseFi stalled at needs_more_source.,2026-05-28
https://risefi.com/what-we-do,RiseFi /what-we-do page,sub_page_rescue,unknown,public web,Rescue-fetch candidate for RiseFi stalled at needs_more_source.,2026-05-28
https://risefi.com/how-we-invest,RiseFi /how-we-invest page,sub_page_rescue,unknown,public web,Rescue-fetch candidate for RiseFi stalled at needs_more_source.,2026-05-28
https://risefi.com/our-companies,RiseFi /our-companies page,sub_page_rescue,unknown,public web,Rescue-fetch candidate for RiseFi stalled at needs_more_source.,2026-05-28
https://risefi.com/portfolio,RiseFi /portfolio page,sub_page_rescue,unknown,public web,Rescue-fetch candidate for RiseFi stalled at needs_more_source.,2026-05-28
https://risefi.com/companies,RiseFi /companies page,sub_page_rescue,unknown,public web,Rescue-fetch candidate for RiseFi stalled at needs_more_source.,2026-05-28
https://risefi.com/investments,RiseFi /investments page,sub_page_rescue,unknown,public web,Rescue-fetch candidate for RiseFi stalled at needs_more_source.,2026-05-28
https://risefi.com/team,RiseFi /team page,sub_page_rescue,unknown,public web,Rescue-fetch candidate for RiseFi stalled at needs_more_source.,2026-05-28
https://risefi.com/why-us,RiseFi /why-us page,sub_page_rescue,unknown,public web,Rescue-fetch candidate for RiseFi stalled at needs_more_source.,2026-05-28
https://risefi.com/process,RiseFi /process page,sub_page_rescue,unknown,public web,Rescue-fetch candidate for RiseFi stalled at needs_more_source.,2026-05-28
https://swiftcapital.vc/about,The Venture Studio Model /about page,sub_page_rescue,unknown,public web,Rescue-fetch candidate for The Venture Studio Model stalled at needs_more_source.,2026-05-28
https://swiftcapital.vc/about-us,The Venture Studio Model /about-us page,sub_page_rescue,unknown,public web,Rescue-fetch candidate for The Venture Studio Model stalled at needs_more_source.,2026-05-28
https://swiftcapital.vc/approach,The Venture Studio Model /approach page,sub_page_rescue,unknown,public web,Rescue-fetch candidate for The Venture Studio Model stalled at needs_more_source.,2026-05-28
https://swiftcapital.vc/our-approach,The Venture Studio Model /our-approach page,sub_page_rescue,unknown,public web,Rescue-fetch candidate for The Venture Studio Model stalled at needs_more_source.,2026-05-28
https://swiftcapital.vc/thesis,The Venture Studio Model /thesis page,sub_page_rescue,unknown,public web,Rescue-fetch candidate for The Venture Studio Model stalled at needs_more_source.,2026-05-28
https://swiftcapital.vc/investment-thesis,The Venture Studio Model /investment-thesis page,sub_page_rescue,unknown,public web,Rescue-fetch candidate for The Venture Studio Model stalled at needs_more_source.,2026-05-28
https://swiftcapital.vc/philosophy,The Venture Studio Model /philosophy page,sub_page_rescue,unknown,public web,Rescue-fetch candidate for The Venture Studio Model stalled at needs_more_source.,2026-05-28
https://swiftcapital.vc/strategy,The Venture Studio Model /strategy page,sub_page_rescue,unknown,public web,Rescue-fetch candidate for The Venture Studio Model stalled at needs_more_source.,2026-05-28
https://swiftcapital.vc/our-strategy,The Venture Studio Model /our-strategy page,sub_page_rescue,unknown,public web,Rescue-fetch candidate for The Venture Studio Model stalled at needs_more_source.,2026-05-28
https://swiftcapital.vc/what-we-do,The Venture Studio Model /what-we-do page,sub_page_rescue,unknown,public web,Rescue-fetch candidate for The Venture Studio Model stalled at needs_more_source.,2026-05-28
https://swiftcapital.vc/how-we-invest,The Venture Studio Model /how-we-invest page,sub_page_rescue,unknown,public web,Rescue-fetch candidate for The Venture Studio Model stalled at needs_more_source.,2026-05-28
https://swiftcapital.vc/our-companies,The Venture Studio Model /our-companies page,sub_page_rescue,unknown,public web,Rescue-fetch candidate for The Venture Studio Model stalled at needs_more_source.,2026-05-28
https://swiftcapital.vc/portfolio,The Venture Studio Model /portfolio page,sub_page_rescue,unknown,public web,Rescue-fetch candidate for The Venture Studio Model stalled at needs_more_source.,2026-05-28
https://swiftcapital.vc/companies,The Venture Studio Model /companies page,sub_page_rescue,unknown,public web,Rescue-fetch candidate for The Venture Studio Model stalled at needs_more_source.,2026-05-28
https://swiftcapital.vc/investments,The Venture Studio Model /investments page,sub_page_rescue,unknown,public web,Rescue-fetch candidate for The Venture Studio Model stalled at needs_more_source.,2026-05-28
https://swiftcapital.vc/team,The Venture Studio Model /team page,sub_page_rescue,unknown,public web,Rescue-fetch candidate for The Venture Studio Model stalled at needs_more_source.,2026-05-28
https://swiftcapital.vc/why-us,The Venture Studio Model /why-us page,sub_page_rescue,unknown,public web,Rescue-fetch candidate for The Venture Studio Model stalled at needs_more_source.,2026-05-28
https://swiftcapital.vc/process,The Venture Studio Model /process page,sub_page_rescue,unknown,public web,Rescue-fetch candidate for The Venture Studio Model stalled at needs_more_source.,2026-05-28
https://www.perpetuacapital.com/about,Perpetua Capital /about page,sub_page_rescue,unknown,public web,Rescue-fetch candidate for Perpetua Capital stalled at needs_more_source.,2026-05-28
https://www.perpetuacapital.com/about-us,Perpetua Capital /about-us page,sub_page_rescue,unknown,public web,Rescue-fetch candidate for Perpetua Capital stalled at needs_more_source.,2026-05-28
https://www.perpetuacapital.com/approach,Perpetua Capital /approach page,sub_page_rescue,unknown,public web,Rescue-fetch candidate for Perpetua Capital stalled at needs_more_source.,2026-05-28
https://www.perpetuacapital.com/our-approach,Perpetua Capital /our-approach page,sub_page_rescue,unknown,public web,Rescue-fetch candidate for Perpetua Capital stalled at needs_more_source.,2026-05-28
https://www.perpetuacapital.com/thesis,Perpetua Capital /thesis page,sub_page_rescue,unknown,public web,Rescue-fetch candidate for Perpetua Capital stalled at needs_more_source.,2026-05-28
https://www.perpetuacapital.com/investment-thesis,Perpetua Capital /investment-thesis page,sub_page_rescue,unknown,public web,Rescue-fetch candidate for Perpetua Capital stalled at needs_more_source.,2026-05-28
https://www.perpetuacapital.com/philosophy,Perpetua Capital /philosophy page,sub_page_rescue,unknown,public web,Rescue-fetch candidate for Perpetua Capital stalled at needs_more_source.,2026-05-28
https://www.perpetuacapital.com/strategy,Perpetua Capital /strategy page,sub_page_rescue,unknown,public web,Rescue-fetch candidate for Perpetua Capital stalled at needs_more_source.,2026-05-28
https://www.perpetuacapital.com/our-strategy,Perpetua Capital /our-strategy page,sub_page_rescue,unknown,public web,Rescue-fetch candidate for Perpetua Capital stalled at needs_more_source.,2026-05-28
https://www.perpetuacapital.com/what-we-do,Perpetua Capital /what-we-do page,sub_page_rescue,unknown,public web,Rescue-fetch candidate for Perpetua Capital stalled at needs_more_source.,2026-05-28
https://www.perpetuacapital.com/how-we-invest,Perpetua Capital /how-we-invest page,sub_page_rescue,unknown,public web,Rescue-fetch candidate for Perpetua Capital stalled at needs_more_source.,2026-05-28
https://www.perpetuacapital.com/our-companies,Perpetua Capital /our-companies page,sub_page_rescue,unknown,public web,Rescue-fetch candidate for Perpetua Capital stalled at needs_more_source.,2026-05-28
https://www.perpetuacapital.com/portfolio,Perpetua Capital /portfolio page,sub_page_rescue,unknown,public web,Rescue-fetch candidate for Perpetua Capital stalled at needs_more_source.,2026-05-28
https://www.perpetuacapital.com/companies,Perpetua Capital /companies page,sub_page_rescue,unknown,public web,Rescue-fetch candidate for Perpetua Capital stalled at needs_more_source.,2026-05-28
https://www.perpetuacapital.com/investments,Perpetua Capital /investments page,sub_page_rescue,unknown,public web,Rescue-fetch candidate for Perpetua Capital stalled at needs_more_source.,2026-05-28
https://www.perpetuacapital.com/team,Perpetua Capital /team page,sub_page_rescue,unknown,public web,Rescue-fetch candidate for Perpetua Capital stalled at needs_more_source.,2026-05-28
https://www.perpetuacapital.com/why-us,Perpetua Capital /why-us page,sub_page_rescue,unknown,public web,Rescue-fetch candidate for Perpetua Capital stalled at needs_more_source.,2026-05-28
https://www.perpetuacapital.com/process,Perpetua Capital /process page,sub_page_rescue,unknown,public web,Rescue-fetch candidate for Perpetua Capital stalled at needs_more_source.,2026-05-28
https://perpetual-wealth.ch/about,Perpetual Wealth AG /about page,sub_page_rescue,unknown,public web,Rescue-fetch candidate for Perpetual Wealth AG stalled at needs_more_source.,2026-05-28
https://perpetual-wealth.ch/about-us,Perpetual Wealth AG /about-us page,sub_page_rescue,unknown,public web,Rescue-fetch candidate for Perpetual Wealth AG stalled at needs_more_source.,2026-05-28
https://perpetual-wealth.ch/approach,Perpetual Wealth AG /approach page,sub_page_rescue,unknown,public web,Rescue-fetch candidate for Perpetual Wealth AG stalled at needs_more_source.,2026-05-28
https://perpetual-wealth.ch/our-approach,Perpetual Wealth AG /our-approach page,sub_page_rescue,unknown,public web,Rescue-fetch candidate for Perpetual Wealth AG stalled at needs_more_source.,2026-05-28
https://perpetual-wealth.ch/thesis,Perpetual Wealth AG /thesis page,sub_page_rescue,unknown,public web,Rescue-fetch candidate for Perpetual Wealth AG stalled at needs_more_source.,2026-05-28
https://perpetual-wealth.ch/investment-thesis,Perpetual Wealth AG /investment-thesis page,sub_page_rescue,unknown,public web,Rescue-fetch candidate for Perpetual Wealth AG stalled at needs_more_source.,2026-05-28
https://perpetual-wealth.ch/philosophy,Perpetual Wealth AG /philosophy page,sub_page_rescue,unknown,public web,Rescue-fetch candidate for Perpetual Wealth AG stalled at needs_more_source.,2026-05-28
https://perpetual-wealth.ch/strategy,Perpetual Wealth AG /strategy page,sub_page_rescue,unknown,public web,Rescue-fetch candidate for Perpetual Wealth AG stalled at needs_more_source.,2026-05-28
https://perpetual-wealth.ch/our-strategy,Perpetual Wealth AG /our-strategy page,sub_page_rescue,unknown,public web,Rescue-fetch candidate for Perpetual Wealth AG stalled at needs_more_source.,2026-05-28
https://perpetual-wealth.ch/what-we-do,Perpetual Wealth AG /what-we-do page,sub_page_rescue,unknown,public web,Rescue-fetch candidate for Perpetual Wealth AG stalled at needs_more_source.,2026-05-28
https://perpetual-wealth.ch/how-we-invest,Perpetual Wealth AG /how-we-invest page,sub_page_rescue,unknown,public web,Rescue-fetch candidate for Perpetual Wealth AG stalled at needs_more_source.,2026-05-28
https://perpetual-wealth.ch/our-companies,Perpetual Wealth AG /our-companies page,sub_page_rescue,unknown,public web,Rescue-fetch candidate for Perpetual Wealth AG stalled at needs_more_source.,2026-05-28
https://perpetual-wealth.ch/portfolio,Perpetual Wealth AG /portfolio page,sub_page_rescue,unknown,public web,Rescue-fetch candidate for Perpetual Wealth AG stalled at needs_more_source.,2026-05-28
https://perpetual-wealth.ch/companies,Perpetual Wealth AG /companies page,sub_page_rescue,unknown,public web,Rescue-fetch candidate for Perpetual Wealth AG stalled at needs_more_source.,2026-05-28
https://perpetual-wealth.ch/investments,Perpetual Wealth AG /investments page,sub_page_rescue,unknown,public web,Rescue-fetch candidate for Perpetual Wealth AG stalled at needs_more_source.,2026-05-28
https://perpetual-wealth.ch/team,Perpetual Wealth AG /team page,sub_page_rescue,unknown,public web,Rescue-fetch candidate for Perpetual Wealth AG stalled at needs_more_source.,2026-05-28
https://perpetual-wealth.ch/why-us,Perpetual Wealth AG /why-us page,sub_page_rescue,unknown,public web,Rescue-fetch candidate for Perpetual Wealth AG stalled at needs_more_source.,2026-05-28
https://perpetual-wealth.ch/process,Perpetual Wealth AG /process page,sub_page_rescue,unknown,public web,Rescue-fetch candidate for Perpetual Wealth AG stalled at needs_more_source.,2026-05-28
https://83kcapital.com/about,83K Capital /about page,sub_page_rescue,unknown,public web,Rescue-fetch candidate for 83K Capital stalled at needs_more_source.,2026-05-28
https://83kcapital.com/about-us,83K Capital /about-us page,sub_page_rescue,unknown,public web,Rescue-fetch candidate for 83K Capital stalled at needs_more_source.,2026-05-28
https://83kcapital.com/approach,83K Capital /approach page,sub_page_rescue,unknown,public web,Rescue-fetch candidate for 83K Capital stalled at needs_more_source.,2026-05-28
https://83kcapital.com/our-approach,83K Capital /our-approach page,sub_page_rescue,unknown,public web,Rescue-fetch candidate for 83K Capital stalled at needs_more_source.,2026-05-28
https://83kcapital.com/thesis,83K Capital /thesis page,sub_page_rescue,unknown,public web,Rescue-fetch candidate for 83K Capital stalled at needs_more_source.,2026-05-28
https://83kcapital.com/investment-thesis,83K Capital /investment-thesis page,sub_page_rescue,unknown,public web,Rescue-fetch candidate for 83K Capital stalled at needs_more_source.,2026-05-28
https://83kcapital.com/philosophy,83K Capital /philosophy page,sub_page_rescue,unknown,public web,Rescue-fetch candidate for 83K Capital stalled at needs_more_source.,2026-05-28
https://83kcapital.com/strategy,83K Capital /strategy page,sub_page_rescue,unknown,public web,Rescue-fetch candidate for 83K Capital stalled at needs_more_source.,2026-05-28
https://83kcapital.com/our-strategy,83K Capital /our-strategy page,sub_page_rescue,unknown,public web,Rescue-fetch candidate for 83K Capital stalled at needs_more_source.,2026-05-28
https://83kcapital.com/what-we-do,83K Capital /what-we-do page,sub_page_rescue,unknown,public web,Rescue-fetch candidate for 83K Capital stalled at needs_more_source.,2026-05-28
https://83kcapital.com/how-we-invest,83K Capital /how-we-invest page,sub_page_rescue,unknown,public web,Rescue-fetch candidate for 83K Capital stalled at needs_more_source.,2026-05-28
https://83kcapital.com/our-companies,83K Capital /our-companies page,sub_page_rescue,unknown,public web,Rescue-fetch candidate for 83K Capital stalled at needs_more_source.,2026-05-28
https://83kcapital.com/portfolio,83K Capital /portfolio page,sub_page_rescue,unknown,public web,Rescue-fetch candidate for 83K Capital stalled at needs_more_source.,2026-05-28
https://83kcapital.com/companies,83K Capital /companies page,sub_page_rescue,unknown,public web,Rescue-fetch candidate for 83K Capital stalled at needs_more_source.,2026-05-28
https://83kcapital.com/investments,83K Capital /investments page,sub_page_rescue,unknown,public web,Rescue-fetch candidate for 83K Capital stalled at needs_more_source.,2026-05-28
https://83kcapital.com/team,83K Capital /team page,sub_page_rescue,unknown,public web,Rescue-fetch candidate for 83K Capital stalled at needs_more_source.,2026-05-28
https://83kcapital.com/why-us,83K Capital /why-us page,sub_page_rescue,unknown,public web,Rescue-fetch candidate for 83K Capital stalled at needs_more_source.,2026-05-28
https://83kcapital.com/process,83K Capital /process page,sub_page_rescue,unknown,public web,Rescue-fetch candidate for 83K Capital stalled at needs_more_source.,2026-05-28
https://wefunder.com/about,"Wefunder,  ... /about page",sub_page_rescue,unknown,public web,"Rescue-fetch candidate for Wefunder,  ... stalled at needs_more_source.",2026-05-28
https://wefunder.com/about-us,"Wefunder,  ... /about-us page",sub_page_rescue,unknown,public web,"Rescue-fetch candidate for Wefunder,  ... stalled at needs_more_source.",2026-05-28
https://wefunder.com/approach,"Wefunder,  ... /approach page",sub_page_rescue,unknown,public web,"Rescue-fetch candidate for Wefunder,  ... stalled at needs_more_source.",2026-05-28
https://wefunder.com/our-approach,"Wefunder,  ... /our-approach page",sub_page_rescue,unknown,public web,"Rescue-fetch candidate for Wefunder,  ... stalled at needs_more_source.",2026-05-28
https://wefunder.com/thesis,"Wefunder,  ... /thesis page",sub_page_rescue,unknown,public web,"Rescue-fetch candidate for Wefunder,  ... stalled at needs_more_source.",2026-05-28
https://wefunder.com/investment-thesis,"Wefunder,  ... /investment-thesis page",sub_page_rescue,unknown,public web,"Rescue-fetch candidate for Wefunder,  ... stalled at needs_more_source.",2026-05-28
https://wefunder.com/philosophy,"Wefunder,  ... /philosophy page",sub_page_rescue,unknown,public web,"Rescue-fetch candidate for Wefunder,  ... stalled at needs_more_source.",2026-05-28
https://wefunder.com/strategy,"Wefunder,  ... /strategy page",sub_page_rescue,unknown,public web,"Rescue-fetch candidate for Wefunder,  ... stalled at needs_more_source.",2026-05-28
https://wefunder.com/our-strategy,"Wefunder,  ... /our-strategy page",sub_page_rescue,unknown,public web,"Rescue-fetch candidate for Wefunder,  ... stalled at needs_more_source.",2026-05-28
https://wefunder.com/what-we-do,"Wefunder,  ... /what-we-do page",sub_page_rescue,unknown,public web,"Rescue-fetch candidate for Wefunder,  ... stalled at needs_more_source.",2026-05-28
https://wefunder.com/how-we-invest,"Wefunder,  ... /how-we-invest page",sub_page_rescue,unknown,public web,"Rescue-fetch candidate for Wefunder,  ... stalled at needs_more_source.",2026-05-28
https://wefunder.com/our-companies,"Wefunder,  ... /our-companies page",sub_page_rescue,unknown,public web,"Rescue-fetch candidate for Wefunder,  ... stalled at needs_more_source.",2026-05-28
https://wefunder.com/portfolio,"Wefunder,  ... /portfolio page",sub_page_rescue,unknown,public web,"Rescue-fetch candidate for Wefunder,  ... stalled at needs_more_source.",2026-05-28
https://wefunder.com/companies,"Wefunder,  ... /companies page",sub_page_rescue,unknown,public web,"Rescue-fetch candidate for Wefunder,  ... stalled at needs_more_source.",2026-05-28
https://wefunder.com/investments,"Wefunder,  ... /investments page",sub_page_rescue,unknown,public web,"Rescue-fetch candidate for Wefunder,  ... stalled at needs_more_source.",2026-05-28
https://wefunder.com/team,"Wefunder,  ... /team page",sub_page_rescue,unknown,public web,"Rescue-fetch candidate for Wefunder,  ... stalled at needs_more_source.",2026-05-28
https://wefunder.com/why-us,"Wefunder,  ... /why-us page",sub_page_rescue,unknown,public web,"Rescue-fetch candidate for Wefunder,  ... stalled at needs_more_source.",2026-05-28
https://wefunder.com/process,"Wefunder,  ... /process page",sub_page_rescue,unknown,public web,"Rescue-fetch candidate for Wefunder,  ... stalled at needs_more_source.",2026-05-28
https://softwareequity.com/about,Explore Our SaaS M&A Deal Database /about page,sub_page_rescue,unknown,public web,Rescue-fetch candidate for Explore Our SaaS M&A Deal Database stalled at needs_more_source.,2026-05-28
https://softwareequity.com/about-us,Explore Our SaaS M&A Deal Database /about-us page,sub_page_rescue,unknown,public web,Rescue-fetch candidate for Explore Our SaaS M&A Deal Database stalled at needs_more_source.,2026-05-28
https://softwareequity.com/approach,Explore Our SaaS M&A Deal Database /approach page,sub_page_rescue,unknown,public web,Rescue-fetch candidate for Explore Our SaaS M&A Deal Database stalled at needs_more_source.,2026-05-28
https://softwareequity.com/our-approach,Explore Our SaaS M&A Deal Database /our-approach page,sub_page_rescue,unknown,public web,Rescue-fetch candidate for Explore Our SaaS M&A Deal Database stalled at needs_more_source.,2026-05-28
https://softwareequity.com/thesis,Explore Our SaaS M&A Deal Database /thesis page,sub_page_rescue,unknown,public web,Rescue-fetch candidate for Explore Our SaaS M&A Deal Database stalled at needs_more_source.,2026-05-28
https://softwareequity.com/investment-thesis,Explore Our SaaS M&A Deal Database /investment-thesis page,sub_page_rescue,unknown,public web,Rescue-fetch candidate for Explore Our SaaS M&A Deal Database stalled at needs_more_source.,2026-05-28
https://softwareequity.com/philosophy,Explore Our SaaS M&A Deal Database /philosophy page,sub_page_rescue,unknown,public web,Rescue-fetch candidate for Explore Our SaaS M&A Deal Database stalled at needs_more_source.,2026-05-28
https://softwareequity.com/strategy,Explore Our SaaS M&A Deal Database /strategy page,sub_page_rescue,unknown,public web,Rescue-fetch candidate for Explore Our SaaS M&A Deal Database stalled at needs_more_source.,2026-05-28
https://softwareequity.com/our-strategy,Explore Our SaaS M&A Deal Database /our-strategy page,sub_page_rescue,unknown,public web,Rescue-fetch candidate for Explore Our SaaS M&A Deal Database stalled at needs_more_source.,2026-05-28
https://softwareequity.com/what-we-do,Explore Our SaaS M&A Deal Database /what-we-do page,sub_page_rescue,unknown,public web,Rescue-fetch candidate for Explore Our SaaS M&A Deal Database stalled at needs_more_source.,2026-05-28
https://softwareequity.com/how-we-invest,Explore Our SaaS M&A Deal Database /how-we-invest page,sub_page_rescue,unknown,public web,Rescue-fetch candidate for Explore Our SaaS M&A Deal Database stalled at needs_more_source.,2026-05-28
https://softwareequity.com/our-companies,Explore Our SaaS M&A Deal Database /our-companies page,sub_page_rescue,unknown,public web,Rescue-fetch candidate for Explore Our SaaS M&A Deal Database stalled at needs_more_source.,2026-05-28
https://softwareequity.com/portfolio,Explore Our SaaS M&A Deal Database /portfolio page,sub_page_rescue,unknown,public web,Rescue-fetch candidate for Explore Our SaaS M&A Deal Database stalled at needs_more_source.,2026-05-28
https://softwareequity.com/companies,Explore Our SaaS M&A Deal Database /companies page,sub_page_rescue,unknown,public web,Rescue-fetch candidate for Explore Our SaaS M&A Deal Database stalled at needs_more_source.,2026-05-28
https://softwareequity.com/investments,Explore Our SaaS M&A Deal Database /investments page,sub_page_rescue,unknown,public web,Rescue-fetch candidate for Explore Our SaaS M&A Deal Database stalled at needs_more_source.,2026-05-28
https://softwareequity.com/team,Explore Our SaaS M&A Deal Database /team page,sub_page_rescue,unknown,public web,Rescue-fetch candidate for Explore Our SaaS M&A Deal Database stalled at needs_more_source.,2026-05-28
https://softwareequity.com/why-us,Explore Our SaaS M&A Deal Database /why-us page,sub_page_rescue,unknown,public web,Rescue-fetch candidate for Explore Our SaaS M&A Deal Database stalled at needs_more_source.,2026-05-28
https://softwareequity.com/process,Explore Our SaaS M&A Deal Database /process page,sub_page_rescue,unknown,public web,Rescue-fetch candidate for Explore Our SaaS M&A Deal Database stalled at needs_more_source.,2026-05-28
https://www.acquiry.com/about,SaaS M&A transaction services /about page,sub_page_rescue,unknown,public web,Rescue-fetch candidate for SaaS M&A transaction services stalled at needs_more_source.,2026-05-28
https://www.acquiry.com/about-us,SaaS M&A transaction services /about-us page,sub_page_rescue,unknown,public web,Rescue-fetch candidate for SaaS M&A transaction services stalled at needs_more_source.,2026-05-28
https://www.acquiry.com/approach,SaaS M&A transaction services /approach page,sub_page_rescue,unknown,public web,Rescue-fetch candidate for SaaS M&A transaction services stalled at needs_more_source.,2026-05-28
https://www.acquiry.com/our-approach,SaaS M&A transaction services /our-approach page,sub_page_rescue,unknown,public web,Rescue-fetch candidate for SaaS M&A transaction services stalled at needs_more_source.,2026-05-28
https://www.acquiry.com/thesis,SaaS M&A transaction services /thesis page,sub_page_rescue,unknown,public web,Rescue-fetch candidate for SaaS M&A transaction services stalled at needs_more_source.,2026-05-28
https://www.acquiry.com/investment-thesis,SaaS M&A transaction services /investment-thesis page,sub_page_rescue,unknown,public web,Rescue-fetch candidate for SaaS M&A transaction services stalled at needs_more_source.,2026-05-28
https://www.acquiry.com/philosophy,SaaS M&A transaction services /philosophy page,sub_page_rescue,unknown,public web,Rescue-fetch candidate for SaaS M&A transaction services stalled at needs_more_source.,2026-05-28
https://www.acquiry.com/strategy,SaaS M&A transaction services /strategy page,sub_page_rescue,unknown,public web,Rescue-fetch candidate for SaaS M&A transaction services stalled at needs_more_source.,2026-05-28
https://www.acquiry.com/our-strategy,SaaS M&A transaction services /our-strategy page,sub_page_rescue,unknown,public web,Rescue-fetch candidate for SaaS M&A transaction services stalled at needs_more_source.,2026-05-28
https://www.acquiry.com/what-we-do,SaaS M&A transaction services /what-we-do page,sub_page_rescue,unknown,public web,Rescue-fetch candidate for SaaS M&A transaction services stalled at needs_more_source.,2026-05-28
https://www.acquiry.com/how-we-invest,SaaS M&A transaction services /how-we-invest page,sub_page_rescue,unknown,public web,Rescue-fetch candidate for SaaS M&A transaction services stalled at needs_more_source.,2026-05-28
https://www.acquiry.com/our-companies,SaaS M&A transaction services /our-companies page,sub_page_rescue,unknown,public web,Rescue-fetch candidate for SaaS M&A transaction services stalled at needs_more_source.,2026-05-28
https://www.acquiry.com/portfolio,SaaS M&A transaction services /portfolio page,sub_page_rescue,unknown,public web,Rescue-fetch candidate for SaaS M&A transaction services stalled at needs_more_source.,2026-05-28
https://www.acquiry.com/companies,SaaS M&A transaction services /companies page,sub_page_rescue,unknown,public web,Rescue-fetch candidate for SaaS M&A transaction services stalled at needs_more_source.,2026-05-28
https://www.acquiry.com/investments,SaaS M&A transaction services /investments page,sub_page_rescue,unknown,public web,Rescue-fetch candidate for SaaS M&A transaction services stalled at needs_more_source.,2026-05-28
https://www.acquiry.com/team,SaaS M&A transaction services /team page,sub_page_rescue,unknown,public web,Rescue-fetch candidate for SaaS M&A transaction services stalled at needs_more_source.,2026-05-28
https://www.acquiry.com/why-us,SaaS M&A transaction services /why-us page,sub_page_rescue,unknown,public web,Rescue-fetch candidate for SaaS M&A transaction services stalled at needs_more_source.,2026-05-28
https://www.acquiry.com/process,SaaS M&A transaction services /process page,sub_page_rescue,unknown,public web,Rescue-fetch candidate for SaaS M&A transaction services stalled at needs_more_source.,2026-05-28
https://www.cto.mil/about,Office of Strategic Capital (OSC) /about page,sub_page_rescue,unknown,public web,Rescue-fetch candidate for Office of Strategic Capital (OSC) stalled at needs_more_source.,2026-05-28
https://www.cto.mil/about-us,Office of Strategic Capital (OSC) /about-us page,sub_page_rescue,unknown,public web,Rescue-fetch candidate for Office of Strategic Capital (OSC) stalled at needs_more_source.,2026-05-28
https://www.cto.mil/approach,Office of Strategic Capital (OSC) /approach page,sub_page_rescue,unknown,public web,Rescue-fetch candidate for Office of Strategic Capital (OSC) stalled at needs_more_source.,2026-05-28
https://www.cto.mil/our-approach,Office of Strategic Capital (OSC) /our-approach page,sub_page_rescue,unknown,public web,Rescue-fetch candidate for Office of Strategic Capital (OSC) stalled at needs_more_source.,2026-05-28
https://www.cto.mil/thesis,Office of Strategic Capital (OSC) /thesis page,sub_page_rescue,unknown,public web,Rescue-fetch candidate for Office of Strategic Capital (OSC) stalled at needs_more_source.,2026-05-28
https://www.cto.mil/investment-thesis,Office of Strategic Capital (OSC) /investment-thesis page,sub_page_rescue,unknown,public web,Rescue-fetch candidate for Office of Strategic Capital (OSC) stalled at needs_more_source.,2026-05-28
https://www.cto.mil/philosophy,Office of Strategic Capital (OSC) /philosophy page,sub_page_rescue,unknown,public web,Rescue-fetch candidate for Office of Strategic Capital (OSC) stalled at needs_more_source.,2026-05-28
https://www.cto.mil/strategy,Office of Strategic Capital (OSC) /strategy page,sub_page_rescue,unknown,public web,Rescue-fetch candidate for Office of Strategic Capital (OSC) stalled at needs_more_source.,2026-05-28
https://www.cto.mil/our-strategy,Office of Strategic Capital (OSC) /our-strategy page,sub_page_rescue,unknown,public web,Rescue-fetch candidate for Office of Strategic Capital (OSC) stalled at needs_more_source.,2026-05-28
https://www.cto.mil/what-we-do,Office of Strategic Capital (OSC) /what-we-do page,sub_page_rescue,unknown,public web,Rescue-fetch candidate for Office of Strategic Capital (OSC) stalled at needs_more_source.,2026-05-28
https://www.cto.mil/how-we-invest,Office of Strategic Capital (OSC) /how-we-invest page,sub_page_rescue,unknown,public web,Rescue-fetch candidate for Office of Strategic Capital (OSC) stalled at needs_more_source.,2026-05-28
https://www.cto.mil/our-companies,Office of Strategic Capital (OSC) /our-companies page,sub_page_rescue,unknown,public web,Rescue-fetch candidate for Office of Strategic Capital (OSC) stalled at needs_more_source.,2026-05-28
https://www.cto.mil/portfolio,Office of Strategic Capital (OSC) /portfolio page,sub_page_rescue,unknown,public web,Rescue-fetch candidate for Office of Strategic Capital (OSC) stalled at needs_more_source.,2026-05-28
https://www.cto.mil/companies,Office of Strategic Capital (OSC) /companies page,sub_page_rescue,unknown,public web,Rescue-fetch candidate for Office of Strategic Capital (OSC) stalled at needs_more_source.,2026-05-28
https://www.cto.mil/investments,Office of Strategic Capital (OSC) /investments page,sub_page_rescue,unknown,public web,Rescue-fetch candidate for Office of Strategic Capital (OSC) stalled at needs_more_source.,2026-05-28
https://www.cto.mil/team,Office of Strategic Capital (OSC) /team page,sub_page_rescue,unknown,public web,Rescue-fetch candidate for Office of Strategic Capital (OSC) stalled at needs_more_source.,2026-05-28
https://www.cto.mil/why-us,Office of Strategic Capital (OSC) /why-us page,sub_page_rescue,unknown,public web,Rescue-fetch candidate for Office of Strategic Capital (OSC) stalled at needs_more_source.,2026-05-28
https://www.cto.mil/process,Office of Strategic Capital (OSC) /process page,sub_page_rescue,unknown,public web,Rescue-fetch candidate for Office of Strategic Capital (OSC) stalled at needs_more_source.,2026-05-28
https://govclab.com/about,VC Lab /about page,sub_page_rescue,unknown,public web,Rescue-fetch candidate for VC Lab stalled at needs_more_source.,2026-05-28
https://govclab.com/about-us,VC Lab /about-us page,sub_page_rescue,unknown,public web,Rescue-fetch candidate for VC Lab stalled at needs_more_source.,2026-05-28
https://govclab.com/approach,VC Lab /approach page,sub_page_rescue,unknown,public web,Rescue-fetch candidate for VC Lab stalled at needs_more_source.,2026-05-28
https://govclab.com/our-approach,VC Lab /our-approach page,sub_page_rescue,unknown,public web,Rescue-fetch candidate for VC Lab stalled at needs_more_source.,2026-05-28
https://govclab.com/thesis,VC Lab /thesis page,sub_page_rescue,unknown,public web,Rescue-fetch candidate for VC Lab stalled at needs_more_source.,2026-05-28
https://govclab.com/investment-thesis,VC Lab /investment-thesis page,sub_page_rescue,unknown,public web,Rescue-fetch candidate for VC Lab stalled at needs_more_source.,2026-05-28
https://govclab.com/philosophy,VC Lab /philosophy page,sub_page_rescue,unknown,public web,Rescue-fetch candidate for VC Lab stalled at needs_more_source.,2026-05-28
https://govclab.com/strategy,VC Lab /strategy page,sub_page_rescue,unknown,public web,Rescue-fetch candidate for VC Lab stalled at needs_more_source.,2026-05-28
https://govclab.com/our-strategy,VC Lab /our-strategy page,sub_page_rescue,unknown,public web,Rescue-fetch candidate for VC Lab stalled at needs_more_source.,2026-05-28
https://govclab.com/what-we-do,VC Lab /what-we-do page,sub_page_rescue,unknown,public web,Rescue-fetch candidate for VC Lab stalled at needs_more_source.,2026-05-28
https://govclab.com/how-we-invest,VC Lab /how-we-invest page,sub_page_rescue,unknown,public web,Rescue-fetch candidate for VC Lab stalled at needs_more_source.,2026-05-28
https://govclab.com/our-companies,VC Lab /our-companies page,sub_page_rescue,unknown,public web,Rescue-fetch candidate for VC Lab stalled at needs_more_source.,2026-05-28
https://govclab.com/portfolio,VC Lab /portfolio page,sub_page_rescue,unknown,public web,Rescue-fetch candidate for VC Lab stalled at needs_more_source.,2026-05-28
https://govclab.com/companies,VC Lab /companies page,sub_page_rescue,unknown,public web,Rescue-fetch candidate for VC Lab stalled at needs_more_source.,2026-05-28
https://govclab.com/investments,VC Lab /investments page,sub_page_rescue,unknown,public web,Rescue-fetch candidate for VC Lab stalled at needs_more_source.,2026-05-28
https://govclab.com/team,VC Lab /team page,sub_page_rescue,unknown,public web,Rescue-fetch candidate for VC Lab stalled at needs_more_source.,2026-05-28
https://govclab.com/why-us,VC Lab /why-us page,sub_page_rescue,unknown,public web,Rescue-fetch candidate for VC Lab stalled at needs_more_source.,2026-05-28
https://govclab.com/process,VC Lab /process page,sub_page_rescue,unknown,public web,Rescue-fetch candidate for VC Lab stalled at needs_more_source.,2026-05-28
https://foundersfirstcdc.org/about,Founders First CDC /about page,sub_page_rescue,unknown,public web,Rescue-fetch candidate for Founders First CDC stalled at needs_more_source.,2026-05-28
https://foundersfirstcdc.org/about-us,Founders First CDC /about-us page,sub_page_rescue,unknown,public web,Rescue-fetch candidate for Founders First CDC stalled at needs_more_source.,2026-05-28
https://foundersfirstcdc.org/approach,Founders First CDC /approach page,sub_page_rescue,unknown,public web,Rescue-fetch candidate for Founders First CDC stalled at needs_more_source.,2026-05-28
https://foundersfirstcdc.org/our-approach,Founders First CDC /our-approach page,sub_page_rescue,unknown,public web,Rescue-fetch candidate for Founders First CDC stalled at needs_more_source.,2026-05-28
https://foundersfirstcdc.org/thesis,Founders First CDC /thesis page,sub_page_rescue,unknown,public web,Rescue-fetch candidate for Founders First CDC stalled at needs_more_source.,2026-05-28
https://foundersfirstcdc.org/investment-thesis,Founders First CDC /investment-thesis page,sub_page_rescue,unknown,public web,Rescue-fetch candidate for Founders First CDC stalled at needs_more_source.,2026-05-28
https://foundersfirstcdc.org/philosophy,Founders First CDC /philosophy page,sub_page_rescue,unknown,public web,Rescue-fetch candidate for Founders First CDC stalled at needs_more_source.,2026-05-28
https://foundersfirstcdc.org/strategy,Founders First CDC /strategy page,sub_page_rescue,unknown,public web,Rescue-fetch candidate for Founders First CDC stalled at needs_more_source.,2026-05-28
https://foundersfirstcdc.org/our-strategy,Founders First CDC /our-strategy page,sub_page_rescue,unknown,public web,Rescue-fetch candidate for Founders First CDC stalled at needs_more_source.,2026-05-28
https://foundersfirstcdc.org/what-we-do,Founders First CDC /what-we-do page,sub_page_rescue,unknown,public web,Rescue-fetch candidate for Founders First CDC stalled at needs_more_source.,2026-05-28
https://foundersfirstcdc.org/how-we-invest,Founders First CDC /how-we-invest page,sub_page_rescue,unknown,public web,Rescue-fetch candidate for Founders First CDC stalled at needs_more_source.,2026-05-28
https://foundersfirstcdc.org/our-companies,Founders First CDC /our-companies page,sub_page_rescue,unknown,public web,Rescue-fetch candidate for Founders First CDC stalled at needs_more_source.,2026-05-28
https://foundersfirstcdc.org/portfolio,Founders First CDC /portfolio page,sub_page_rescue,unknown,public web,Rescue-fetch candidate for Founders First CDC stalled at needs_more_source.,2026-05-28
https://foundersfirstcdc.org/companies,Founders First CDC /companies page,sub_page_rescue,unknown,public web,Rescue-fetch candidate for Founders First CDC stalled at needs_more_source.,2026-05-28
https://foundersfirstcdc.org/investments,Founders First CDC /investments page,sub_page_rescue,unknown,public web,Rescue-fetch candidate for Founders First CDC stalled at needs_more_source.,2026-05-28
https://foundersfirstcdc.org/team,Founders First CDC /team page,sub_page_rescue,unknown,public web,Rescue-fetch candidate for Founders First CDC stalled at needs_more_source.,2026-05-28
https://foundersfirstcdc.org/why-us,Founders First CDC /why-us page,sub_page_rescue,unknown,public web,Rescue-fetch candidate for Founders First CDC stalled at needs_more_source.,2026-05-28
https://foundersfirstcdc.org/process,Founders First CDC /process page,sub_page_rescue,unknown,public web,Rescue-fetch candidate for Founders First CDC stalled at needs_more_source.,2026-05-28
https://500.co/about,Founder Programs /about page,sub_page_rescue,unknown,public web,Rescue-fetch candidate for Founder Programs stalled at needs_more_source.,2026-05-28
https://500.co/about-us,Founder Programs /about-us page,sub_page_rescue,unknown,public web,Rescue-fetch candidate for Founder Programs stalled at needs_more_source.,2026-05-28
https://500.co/approach,Founder Programs /approach page,sub_page_rescue,unknown,public web,Rescue-fetch candidate for Founder Programs stalled at needs_more_source.,2026-05-28
https://500.co/our-approach,Founder Programs /our-approach page,sub_page_rescue,unknown,public web,Rescue-fetch candidate for Founder Programs stalled at needs_more_source.,2026-05-28
https://500.co/thesis,Founder Programs /thesis page,sub_page_rescue,unknown,public web,Rescue-fetch candidate for Founder Programs stalled at needs_more_source.,2026-05-28
https://500.co/investment-thesis,Founder Programs /investment-thesis page,sub_page_rescue,unknown,public web,Rescue-fetch candidate for Founder Programs stalled at needs_more_source.,2026-05-28
https://500.co/philosophy,Founder Programs /philosophy page,sub_page_rescue,unknown,public web,Rescue-fetch candidate for Founder Programs stalled at needs_more_source.,2026-05-28
https://500.co/strategy,Founder Programs /strategy page,sub_page_rescue,unknown,public web,Rescue-fetch candidate for Founder Programs stalled at needs_more_source.,2026-05-28
https://500.co/our-strategy,Founder Programs /our-strategy page,sub_page_rescue,unknown,public web,Rescue-fetch candidate for Founder Programs stalled at needs_more_source.,2026-05-28
https://500.co/what-we-do,Founder Programs /what-we-do page,sub_page_rescue,unknown,public web,Rescue-fetch candidate for Founder Programs stalled at needs_more_source.,2026-05-28
https://500.co/how-we-invest,Founder Programs /how-we-invest page,sub_page_rescue,unknown,public web,Rescue-fetch candidate for Founder Programs stalled at needs_more_source.,2026-05-28
https://500.co/our-companies,Founder Programs /our-companies page,sub_page_rescue,unknown,public web,Rescue-fetch candidate for Founder Programs stalled at needs_more_source.,2026-05-28
https://500.co/portfolio,Founder Programs /portfolio page,sub_page_rescue,unknown,public web,Rescue-fetch candidate for Founder Programs stalled at needs_more_source.,2026-05-28
https://500.co/companies,Founder Programs /companies page,sub_page_rescue,unknown,public web,Rescue-fetch candidate for Founder Programs stalled at needs_more_source.,2026-05-28
https://500.co/investments,Founder Programs /investments page,sub_page_rescue,unknown,public web,Rescue-fetch candidate for Founder Programs stalled at needs_more_source.,2026-05-28
https://500.co/team,Founder Programs /team page,sub_page_rescue,unknown,public web,Rescue-fetch candidate for Founder Programs stalled at needs_more_source.,2026-05-28
https://500.co/why-us,Founder Programs /why-us page,sub_page_rescue,unknown,public web,Rescue-fetch candidate for Founder Programs stalled at needs_more_source.,2026-05-28
https://500.co/process,Founder Programs /process page,sub_page_rescue,unknown,public web,Rescue-fetch candidate for Founder Programs stalled at needs_more_source.,2026-05-28
https://programs.somacap.com/about,Soma Fellows /about page,sub_page_rescue,unknown,public web,Rescue-fetch candidate for Soma Fellows stalled at needs_more_source.,2026-05-28
https://programs.somacap.com/about-us,Soma Fellows /about-us page,sub_page_rescue,unknown,public web,Rescue-fetch candidate for Soma Fellows stalled at needs_more_source.,2026-05-28
https://programs.somacap.com/approach,Soma Fellows /approach page,sub_page_rescue,unknown,public web,Rescue-fetch candidate for Soma Fellows stalled at needs_more_source.,2026-05-28
https://programs.somacap.com/our-approach,Soma Fellows /our-approach page,sub_page_rescue,unknown,public web,Rescue-fetch candidate for Soma Fellows stalled at needs_more_source.,2026-05-28
https://programs.somacap.com/thesis,Soma Fellows /thesis page,sub_page_rescue,unknown,public web,Rescue-fetch candidate for Soma Fellows stalled at needs_more_source.,2026-05-28
https://programs.somacap.com/investment-thesis,Soma Fellows /investment-thesis page,sub_page_rescue,unknown,public web,Rescue-fetch candidate for Soma Fellows stalled at needs_more_source.,2026-05-28
https://programs.somacap.com/philosophy,Soma Fellows /philosophy page,sub_page_rescue,unknown,public web,Rescue-fetch candidate for Soma Fellows stalled at needs_more_source.,2026-05-28
https://programs.somacap.com/strategy,Soma Fellows /strategy page,sub_page_rescue,unknown,public web,Rescue-fetch candidate for Soma Fellows stalled at needs_more_source.,2026-05-28
https://programs.somacap.com/our-strategy,Soma Fellows /our-strategy page,sub_page_rescue,unknown,public web,Rescue-fetch candidate for Soma Fellows stalled at needs_more_source.,2026-05-28
https://programs.somacap.com/what-we-do,Soma Fellows /what-we-do page,sub_page_rescue,unknown,public web,Rescue-fetch candidate for Soma Fellows stalled at needs_more_source.,2026-05-28
https://programs.somacap.com/how-we-invest,Soma Fellows /how-we-invest page,sub_page_rescue,unknown,public web,Rescue-fetch candidate for Soma Fellows stalled at needs_more_source.,2026-05-28
https://programs.somacap.com/our-companies,Soma Fellows /our-companies page,sub_page_rescue,unknown,public web,Rescue-fetch candidate for Soma Fellows stalled at needs_more_source.,2026-05-28
https://programs.somacap.com/portfolio,Soma Fellows /portfolio page,sub_page_rescue,unknown,public web,Rescue-fetch candidate for Soma Fellows stalled at needs_more_source.,2026-05-28
https://programs.somacap.com/companies,Soma Fellows /companies page,sub_page_rescue,unknown,public web,Rescue-fetch candidate for Soma Fellows stalled at needs_more_source.,2026-05-28
https://programs.somacap.com/investments,Soma Fellows /investments page,sub_page_rescue,unknown,public web,Rescue-fetch candidate for Soma Fellows stalled at needs_more_source.,2026-05-28
https://programs.somacap.com/team,Soma Fellows /team page,sub_page_rescue,unknown,public web,Rescue-fetch candidate for Soma Fellows stalled at needs_more_source.,2026-05-28
https://programs.somacap.com/why-us,Soma Fellows /why-us page,sub_page_rescue,unknown,public web,Rescue-fetch candidate for Soma Fellows stalled at needs_more_source.,2026-05-28
https://programs.somacap.com/process,Soma Fellows /process page,sub_page_rescue,unknown,public web,Rescue-fetch candidate for Soma Fellows stalled at needs_more_source.,2026-05-28
https://www.futurefounders.com/about,FELLOWSHIP /about page,sub_page_rescue,unknown,public web,Rescue-fetch candidate for FELLOWSHIP stalled at needs_more_source.,2026-05-28
https://www.futurefounders.com/about-us,FELLOWSHIP /about-us page,sub_page_rescue,unknown,public web,Rescue-fetch candidate for FELLOWSHIP stalled at needs_more_source.,2026-05-28
https://www.futurefounders.com/approach,FELLOWSHIP /approach page,sub_page_rescue,unknown,public web,Rescue-fetch candidate for FELLOWSHIP stalled at needs_more_source.,2026-05-28
https://www.futurefounders.com/our-approach,FELLOWSHIP /our-approach page,sub_page_rescue,unknown,public web,Rescue-fetch candidate for FELLOWSHIP stalled at needs_more_source.,2026-05-28
https://www.futurefounders.com/thesis,FELLOWSHIP /thesis page,sub_page_rescue,unknown,public web,Rescue-fetch candidate for FELLOWSHIP stalled at needs_more_source.,2026-05-28
https://www.futurefounders.com/investment-thesis,FELLOWSHIP /investment-thesis page,sub_page_rescue,unknown,public web,Rescue-fetch candidate for FELLOWSHIP stalled at needs_more_source.,2026-05-28
https://www.futurefounders.com/philosophy,FELLOWSHIP /philosophy page,sub_page_rescue,unknown,public web,Rescue-fetch candidate for FELLOWSHIP stalled at needs_more_source.,2026-05-28
https://www.futurefounders.com/strategy,FELLOWSHIP /strategy page,sub_page_rescue,unknown,public web,Rescue-fetch candidate for FELLOWSHIP stalled at needs_more_source.,2026-05-28
https://www.futurefounders.com/our-strategy,FELLOWSHIP /our-strategy page,sub_page_rescue,unknown,public web,Rescue-fetch candidate for FELLOWSHIP stalled at needs_more_source.,2026-05-28
https://www.futurefounders.com/what-we-do,FELLOWSHIP /what-we-do page,sub_page_rescue,unknown,public web,Rescue-fetch candidate for FELLOWSHIP stalled at needs_more_source.,2026-05-28
https://www.futurefounders.com/how-we-invest,FELLOWSHIP /how-we-invest page,sub_page_rescue,unknown,public web,Rescue-fetch candidate for FELLOWSHIP stalled at needs_more_source.,2026-05-28
https://www.futurefounders.com/our-companies,FELLOWSHIP /our-companies page,sub_page_rescue,unknown,public web,Rescue-fetch candidate for FELLOWSHIP stalled at needs_more_source.,2026-05-28
https://www.futurefounders.com/portfolio,FELLOWSHIP /portfolio page,sub_page_rescue,unknown,public web,Rescue-fetch candidate for FELLOWSHIP stalled at needs_more_source.,2026-05-28
https://www.futurefounders.com/companies,FELLOWSHIP /companies page,sub_page_rescue,unknown,public web,Rescue-fetch candidate for FELLOWSHIP stalled at needs_more_source.,2026-05-28
https://www.futurefounders.com/investments,FELLOWSHIP /investments page,sub_page_rescue,unknown,public web,Rescue-fetch candidate for FELLOWSHIP stalled at needs_more_source.,2026-05-28
https://www.futurefounders.com/team,FELLOWSHIP /team page,sub_page_rescue,unknown,public web,Rescue-fetch candidate for FELLOWSHIP stalled at needs_more_source.,2026-05-28
https://www.futurefounders.com/why-us,FELLOWSHIP /why-us page,sub_page_rescue,unknown,public web,Rescue-fetch candidate for FELLOWSHIP stalled at needs_more_source.,2026-05-28
https://www.futurefounders.com/process,FELLOWSHIP /process page,sub_page_rescue,unknown,public web,Rescue-fetch candidate for FELLOWSHIP stalled at needs_more_source.,2026-05-28
https://www.lightship.foundation/about,Lightship Bootcamp /about page,sub_page_rescue,unknown,public web,Rescue-fetch candidate for Lightship Bootcamp stalled at needs_more_source.,2026-05-28
https://www.lightship.foundation/about-us,Lightship Bootcamp /about-us page,sub_page_rescue,unknown,public web,Rescue-fetch candidate for Lightship Bootcamp stalled at needs_more_source.,2026-05-28
https://www.lightship.foundation/approach,Lightship Bootcamp /approach page,sub_page_rescue,unknown,public web,Rescue-fetch candidate for Lightship Bootcamp stalled at needs_more_source.,2026-05-28
https://www.lightship.foundation/our-approach,Lightship Bootcamp /our-approach page,sub_page_rescue,unknown,public web,Rescue-fetch candidate for Lightship Bootcamp stalled at needs_more_source.,2026-05-28
https://www.lightship.foundation/thesis,Lightship Bootcamp /thesis page,sub_page_rescue,unknown,public web,Rescue-fetch candidate for Lightship Bootcamp stalled at needs_more_source.,2026-05-28
https://www.lightship.foundation/investment-thesis,Lightship Bootcamp /investment-thesis page,sub_page_rescue,unknown,public web,Rescue-fetch candidate for Lightship Bootcamp stalled at needs_more_source.,2026-05-28
https://www.lightship.foundation/philosophy,Lightship Bootcamp /philosophy page,sub_page_rescue,unknown,public web,Rescue-fetch candidate for Lightship Bootcamp stalled at needs_more_source.,2026-05-28
https://www.lightship.foundation/strategy,Lightship Bootcamp /strategy page,sub_page_rescue,unknown,public web,Rescue-fetch candidate for Lightship Bootcamp stalled at needs_more_source.,2026-05-28
https://www.lightship.foundation/our-strategy,Lightship Bootcamp /our-strategy page,sub_page_rescue,unknown,public web,Rescue-fetch candidate for Lightship Bootcamp stalled at needs_more_source.,2026-05-28
https://www.lightship.foundation/what-we-do,Lightship Bootcamp /what-we-do page,sub_page_rescue,unknown,public web,Rescue-fetch candidate for Lightship Bootcamp stalled at needs_more_source.,2026-05-28
https://www.lightship.foundation/how-we-invest,Lightship Bootcamp /how-we-invest page,sub_page_rescue,unknown,public web,Rescue-fetch candidate for Lightship Bootcamp stalled at needs_more_source.,2026-05-28
https://www.lightship.foundation/our-companies,Lightship Bootcamp /our-companies page,sub_page_rescue,unknown,public web,Rescue-fetch candidate for Lightship Bootcamp stalled at needs_more_source.,2026-05-28
https://www.lightship.foundation/portfolio,Lightship Bootcamp /portfolio page,sub_page_rescue,unknown,public web,Rescue-fetch candidate for Lightship Bootcamp stalled at needs_more_source.,2026-05-28
https://www.lightship.foundation/companies,Lightship Bootcamp /companies page,sub_page_rescue,unknown,public web,Rescue-fetch candidate for Lightship Bootcamp stalled at needs_more_source.,2026-05-28
https://www.lightship.foundation/investments,Lightship Bootcamp /investments page,sub_page_rescue,unknown,public web,Rescue-fetch candidate for Lightship Bootcamp stalled at needs_more_source.,2026-05-28
https://www.lightship.foundation/team,Lightship Bootcamp /team page,sub_page_rescue,unknown,public web,Rescue-fetch candidate for Lightship Bootcamp stalled at needs_more_source.,2026-05-28
https://www.lightship.foundation/why-us,Lightship Bootcamp /why-us page,sub_page_rescue,unknown,public web,Rescue-fetch candidate for Lightship Bootcamp stalled at needs_more_source.,2026-05-28
https://www.lightship.foundation/process,Lightship Bootcamp /process page,sub_page_rescue,unknown,public web,Rescue-fetch candidate for Lightship Bootcamp stalled at needs_more_source.,2026-05-28
http://csiesg.com/about,ESG /about page,sub_page_rescue,unknown,public web,Rescue-fetch candidate for ESG stalled at needs_more_source.,2026-05-28
http://csiesg.com/about-us,ESG /about-us page,sub_page_rescue,unknown,public web,Rescue-fetch candidate for ESG stalled at needs_more_source.,2026-05-28
http://csiesg.com/approach,ESG /approach page,sub_page_rescue,unknown,public web,Rescue-fetch candidate for ESG stalled at needs_more_source.,2026-05-28
http://csiesg.com/our-approach,ESG /our-approach page,sub_page_rescue,unknown,public web,Rescue-fetch candidate for ESG stalled at needs_more_source.,2026-05-28
http://csiesg.com/thesis,ESG /thesis page,sub_page_rescue,unknown,public web,Rescue-fetch candidate for ESG stalled at needs_more_source.,2026-05-28
http://csiesg.com/investment-thesis,ESG /investment-thesis page,sub_page_rescue,unknown,public web,Rescue-fetch candidate for ESG stalled at needs_more_source.,2026-05-28
http://csiesg.com/philosophy,ESG /philosophy page,sub_page_rescue,unknown,public web,Rescue-fetch candidate for ESG stalled at needs_more_source.,2026-05-28
http://csiesg.com/strategy,ESG /strategy page,sub_page_rescue,unknown,public web,Rescue-fetch candidate for ESG stalled at needs_more_source.,2026-05-28
http://csiesg.com/our-strategy,ESG /our-strategy page,sub_page_rescue,unknown,public web,Rescue-fetch candidate for ESG stalled at needs_more_source.,2026-05-28
http://csiesg.com/what-we-do,ESG /what-we-do page,sub_page_rescue,unknown,public web,Rescue-fetch candidate for ESG stalled at needs_more_source.,2026-05-28
http://csiesg.com/how-we-invest,ESG /how-we-invest page,sub_page_rescue,unknown,public web,Rescue-fetch candidate for ESG stalled at needs_more_source.,2026-05-28
http://csiesg.com/our-companies,ESG /our-companies page,sub_page_rescue,unknown,public web,Rescue-fetch candidate for ESG stalled at needs_more_source.,2026-05-28
http://csiesg.com/portfolio,ESG /portfolio page,sub_page_rescue,unknown,public web,Rescue-fetch candidate for ESG stalled at needs_more_source.,2026-05-28
http://csiesg.com/companies,ESG /companies page,sub_page_rescue,unknown,public web,Rescue-fetch candidate for ESG stalled at needs_more_source.,2026-05-28
http://csiesg.com/investments,ESG /investments page,sub_page_rescue,unknown,public web,Rescue-fetch candidate for ESG stalled at needs_more_source.,2026-05-28
http://csiesg.com/team,ESG /team page,sub_page_rescue,unknown,public web,Rescue-fetch candidate for ESG stalled at needs_more_source.,2026-05-28
http://csiesg.com/why-us,ESG /why-us page,sub_page_rescue,unknown,public web,Rescue-fetch candidate for ESG stalled at needs_more_source.,2026-05-28
http://csiesg.com/process,ESG /process page,sub_page_rescue,unknown,public web,Rescue-fetch candidate for ESG stalled at needs_more_source.,2026-05-28
https://velasoftwaregroup.com/about,view portfolio /about page,sub_page_rescue,unknown,public web,Rescue-fetch candidate for view portfolio stalled at needs_more_source.,2026-05-28
https://velasoftwaregroup.com/about-us,view portfolio /about-us page,sub_page_rescue,unknown,public web,Rescue-fetch candidate for view portfolio stalled at needs_more_source.,2026-05-28
https://velasoftwaregroup.com/approach,view portfolio /approach page,sub_page_rescue,unknown,public web,Rescue-fetch candidate for view portfolio stalled at needs_more_source.,2026-05-28
https://velasoftwaregroup.com/our-approach,view portfolio /our-approach page,sub_page_rescue,unknown,public web,Rescue-fetch candidate for view portfolio stalled at needs_more_source.,2026-05-28
https://velasoftwaregroup.com/thesis,view portfolio /thesis page,sub_page_rescue,unknown,public web,Rescue-fetch candidate for view portfolio stalled at needs_more_source.,2026-05-28
https://velasoftwaregroup.com/investment-thesis,view portfolio /investment-thesis page,sub_page_rescue,unknown,public web,Rescue-fetch candidate for view portfolio stalled at needs_more_source.,2026-05-28
https://velasoftwaregroup.com/philosophy,view portfolio /philosophy page,sub_page_rescue,unknown,public web,Rescue-fetch candidate for view portfolio stalled at needs_more_source.,2026-05-28
https://velasoftwaregroup.com/strategy,view portfolio /strategy page,sub_page_rescue,unknown,public web,Rescue-fetch candidate for view portfolio stalled at needs_more_source.,2026-05-28
https://velasoftwaregroup.com/our-strategy,view portfolio /our-strategy page,sub_page_rescue,unknown,public web,Rescue-fetch candidate for view portfolio stalled at needs_more_source.,2026-05-28
https://velasoftwaregroup.com/what-we-do,view portfolio /what-we-do page,sub_page_rescue,unknown,public web,Rescue-fetch candidate for view portfolio stalled at needs_more_source.,2026-05-28
https://velasoftwaregroup.com/how-we-invest,view portfolio /how-we-invest page,sub_page_rescue,unknown,public web,Rescue-fetch candidate for view portfolio stalled at needs_more_source.,2026-05-28
https://velasoftwaregroup.com/our-companies,view portfolio /our-companies page,sub_page_rescue,unknown,public web,Rescue-fetch candidate for view portfolio stalled at needs_more_source.,2026-05-28
https://velasoftwaregroup.com/portfolio,view portfolio /portfolio page,sub_page_rescue,unknown,public web,Rescue-fetch candidate for view portfolio stalled at needs_more_source.,2026-05-28
https://velasoftwaregroup.com/companies,view portfolio /companies page,sub_page_rescue,unknown,public web,Rescue-fetch candidate for view portfolio stalled at needs_more_source.,2026-05-28
https://velasoftwaregroup.com/investments,view portfolio /investments page,sub_page_rescue,unknown,public web,Rescue-fetch candidate for view portfolio stalled at needs_more_source.,2026-05-28
https://velasoftwaregroup.com/team,view portfolio /team page,sub_page_rescue,unknown,public web,Rescue-fetch candidate for view portfolio stalled at needs_more_source.,2026-05-28
https://velasoftwaregroup.com/why-us,view portfolio /why-us page,sub_page_rescue,unknown,public web,Rescue-fetch candidate for view portfolio stalled at needs_more_source.,2026-05-28
https://velasoftwaregroup.com/process,view portfolio /process page,sub_page_rescue,unknown,public web,Rescue-fetch candidate for view portfolio stalled at needs_more_source.,2026-05-28
https://modaxo.com/about,view portfolio /about page,sub_page_rescue,unknown,public web,Rescue-fetch candidate for view portfolio stalled at needs_more_source.,2026-05-28
https://modaxo.com/about-us,view portfolio /about-us page,sub_page_rescue,unknown,public web,Rescue-fetch candidate for view portfolio stalled at needs_more_source.,2026-05-28
https://modaxo.com/approach,view portfolio /approach page,sub_page_rescue,unknown,public web,Rescue-fetch candidate for view portfolio stalled at needs_more_source.,2026-05-28
https://modaxo.com/our-approach,view portfolio /our-approach page,sub_page_rescue,unknown,public web,Rescue-fetch candidate for view portfolio stalled at needs_more_source.,2026-05-28
https://modaxo.com/thesis,view portfolio /thesis page,sub_page_rescue,unknown,public web,Rescue-fetch candidate for view portfolio stalled at needs_more_source.,2026-05-28
https://modaxo.com/investment-thesis,view portfolio /investment-thesis page,sub_page_rescue,unknown,public web,Rescue-fetch candidate for view portfolio stalled at needs_more_source.,2026-05-28
https://modaxo.com/philosophy,view portfolio /philosophy page,sub_page_rescue,unknown,public web,Rescue-fetch candidate for view portfolio stalled at needs_more_source.,2026-05-28
https://modaxo.com/strategy,view portfolio /strategy page,sub_page_rescue,unknown,public web,Rescue-fetch candidate for view portfolio stalled at needs_more_source.,2026-05-28
https://modaxo.com/our-strategy,view portfolio /our-strategy page,sub_page_rescue,unknown,public web,Rescue-fetch candidate for view portfolio stalled at needs_more_source.,2026-05-28
https://modaxo.com/what-we-do,view portfolio /what-we-do page,sub_page_rescue,unknown,public web,Rescue-fetch candidate for view portfolio stalled at needs_more_source.,2026-05-28
https://modaxo.com/how-we-invest,view portfolio /how-we-invest page,sub_page_rescue,unknown,public web,Rescue-fetch candidate for view portfolio stalled at needs_more_source.,2026-05-28
https://modaxo.com/our-companies,view portfolio /our-companies page,sub_page_rescue,unknown,public web,Rescue-fetch candidate for view portfolio stalled at needs_more_source.,2026-05-28
https://modaxo.com/portfolio,view portfolio /portfolio page,sub_page_rescue,unknown,public web,Rescue-fetch candidate for view portfolio stalled at needs_more_source.,2026-05-28
https://modaxo.com/companies,view portfolio /companies page,sub_page_rescue,unknown,public web,Rescue-fetch candidate for view portfolio stalled at needs_more_source.,2026-05-28
https://modaxo.com/investments,view portfolio /investments page,sub_page_rescue,unknown,public web,Rescue-fetch candidate for view portfolio stalled at needs_more_source.,2026-05-28
https://modaxo.com/team,view portfolio /team page,sub_page_rescue,unknown,public web,Rescue-fetch candidate for view portfolio stalled at needs_more_source.,2026-05-28
https://modaxo.com/why-us,view portfolio /why-us page,sub_page_rescue,unknown,public web,Rescue-fetch candidate for view portfolio stalled at needs_more_source.,2026-05-28
https://modaxo.com/process,view portfolio /process page,sub_page_rescue,unknown,public web,Rescue-fetch candidate for view portfolio stalled at needs_more_source.,2026-05-28
https://www.blueflamingo.ca/about,Blue Flamingo - Web design Toronto & London /about page,sub_page_rescue,unknown,public web,Rescue-fetch candidate for Blue Flamingo - Web design Toronto & London stalled at needs_more_source.,2026-05-28
https://www.blueflamingo.ca/about-us,Blue Flamingo - Web design Toronto & London /about-us page,sub_page_rescue,unknown,public web,Rescue-fetch candidate for Blue Flamingo - Web design Toronto & London stalled at needs_more_source.,2026-05-28
https://www.blueflamingo.ca/approach,Blue Flamingo - Web design Toronto & London /approach page,sub_page_rescue,unknown,public web,Rescue-fetch candidate for Blue Flamingo - Web design Toronto & London stalled at needs_more_source.,2026-05-28
https://www.blueflamingo.ca/our-approach,Blue Flamingo - Web design Toronto & London /our-approach page,sub_page_rescue,unknown,public web,Rescue-fetch candidate for Blue Flamingo - Web design Toronto & London stalled at needs_more_source.,2026-05-28
https://www.blueflamingo.ca/thesis,Blue Flamingo - Web design Toronto & London /thesis page,sub_page_rescue,unknown,public web,Rescue-fetch candidate for Blue Flamingo - Web design Toronto & London stalled at needs_more_source.,2026-05-28
https://www.blueflamingo.ca/investment-thesis,Blue Flamingo - Web design Toronto & London /investment-thesis page,sub_page_rescue,unknown,public web,Rescue-fetch candidate for Blue Flamingo - Web design Toronto & London stalled at needs_more_source.,2026-05-28
https://www.blueflamingo.ca/philosophy,Blue Flamingo - Web design Toronto & London /philosophy page,sub_page_rescue,unknown,public web,Rescue-fetch candidate for Blue Flamingo - Web design Toronto & London stalled at needs_more_source.,2026-05-28
https://www.blueflamingo.ca/strategy,Blue Flamingo - Web design Toronto & London /strategy page,sub_page_rescue,unknown,public web,Rescue-fetch candidate for Blue Flamingo - Web design Toronto & London stalled at needs_more_source.,2026-05-28
https://www.blueflamingo.ca/our-strategy,Blue Flamingo - Web design Toronto & London /our-strategy page,sub_page_rescue,unknown,public web,Rescue-fetch candidate for Blue Flamingo - Web design Toronto & London stalled at needs_more_source.,2026-05-28
https://www.blueflamingo.ca/what-we-do,Blue Flamingo - Web design Toronto & London /what-we-do page,sub_page_rescue,unknown,public web,Rescue-fetch candidate for Blue Flamingo - Web design Toronto & London stalled at needs_more_source.,2026-05-28
https://www.blueflamingo.ca/how-we-invest,Blue Flamingo - Web design Toronto & London /how-we-invest page,sub_page_rescue,unknown,public web,Rescue-fetch candidate for Blue Flamingo - Web design Toronto & London stalled at needs_more_source.,2026-05-28
https://www.blueflamingo.ca/our-companies,Blue Flamingo - Web design Toronto & London /our-companies page,sub_page_rescue,unknown,public web,Rescue-fetch candidate for Blue Flamingo - Web design Toronto & London stalled at needs_more_source.,2026-05-28
https://www.blueflamingo.ca/portfolio,Blue Flamingo - Web design Toronto & London /portfolio page,sub_page_rescue,unknown,public web,Rescue-fetch candidate for Blue Flamingo - Web design Toronto & London stalled at needs_more_source.,2026-05-28
https://www.blueflamingo.ca/companies,Blue Flamingo - Web design Toronto & London /companies page,sub_page_rescue,unknown,public web,Rescue-fetch candidate for Blue Flamingo - Web design Toronto & London stalled at needs_more_source.,2026-05-28
https://www.blueflamingo.ca/investments,Blue Flamingo - Web design Toronto & London /investments page,sub_page_rescue,unknown,public web,Rescue-fetch candidate for Blue Flamingo - Web design Toronto & London stalled at needs_more_source.,2026-05-28
https://www.blueflamingo.ca/team,Blue Flamingo - Web design Toronto & London /team page,sub_page_rescue,unknown,public web,Rescue-fetch candidate for Blue Flamingo - Web design Toronto & London stalled at needs_more_source.,2026-05-28
https://www.blueflamingo.ca/why-us,Blue Flamingo - Web design Toronto & London /why-us page,sub_page_rescue,unknown,public web,Rescue-fetch candidate for Blue Flamingo - Web design Toronto & London stalled at needs_more_source.,2026-05-28
https://www.blueflamingo.ca/process,Blue Flamingo - Web design Toronto & London /process page,sub_page_rescue,unknown,public web,Rescue-fetch candidate for Blue Flamingo - Web design Toronto & London stalled at needs_more_source.,2026-05-28
https://foundersummit.co/about,Founder Summit /about page,sub_page_rescue,unknown,public web,Rescue-fetch candidate for Founder Summit stalled at needs_more_source.,2026-05-28
https://foundersummit.co/about-us,Founder Summit /about-us page,sub_page_rescue,unknown,public web,Rescue-fetch candidate for Founder Summit stalled at needs_more_source.,2026-05-28
https://foundersummit.co/approach,Founder Summit /approach page,sub_page_rescue,unknown,public web,Rescue-fetch candidate for Founder Summit stalled at needs_more_source.,2026-05-28
https://foundersummit.co/our-approach,Founder Summit /our-approach page,sub_page_rescue,unknown,public web,Rescue-fetch candidate for Founder Summit stalled at needs_more_source.,2026-05-28
https://foundersummit.co/thesis,Founder Summit /thesis page,sub_page_rescue,unknown,public web,Rescue-fetch candidate for Founder Summit stalled at needs_more_source.,2026-05-28
https://foundersummit.co/investment-thesis,Founder Summit /investment-thesis page,sub_page_rescue,unknown,public web,Rescue-fetch candidate for Founder Summit stalled at needs_more_source.,2026-05-28
https://foundersummit.co/philosophy,Founder Summit /philosophy page,sub_page_rescue,unknown,public web,Rescue-fetch candidate for Founder Summit stalled at needs_more_source.,2026-05-28
https://foundersummit.co/strategy,Founder Summit /strategy page,sub_page_rescue,unknown,public web,Rescue-fetch candidate for Founder Summit stalled at needs_more_source.,2026-05-28
https://foundersummit.co/our-strategy,Founder Summit /our-strategy page,sub_page_rescue,unknown,public web,Rescue-fetch candidate for Founder Summit stalled at needs_more_source.,2026-05-28
https://foundersummit.co/what-we-do,Founder Summit /what-we-do page,sub_page_rescue,unknown,public web,Rescue-fetch candidate for Founder Summit stalled at needs_more_source.,2026-05-28
https://foundersummit.co/how-we-invest,Founder Summit /how-we-invest page,sub_page_rescue,unknown,public web,Rescue-fetch candidate for Founder Summit stalled at needs_more_source.,2026-05-28
https://foundersummit.co/our-companies,Founder Summit /our-companies page,sub_page_rescue,unknown,public web,Rescue-fetch candidate for Founder Summit stalled at needs_more_source.,2026-05-28
https://foundersummit.co/portfolio,Founder Summit /portfolio page,sub_page_rescue,unknown,public web,Rescue-fetch candidate for Founder Summit stalled at needs_more_source.,2026-05-28
https://foundersummit.co/companies,Founder Summit /companies page,sub_page_rescue,unknown,public web,Rescue-fetch candidate for Founder Summit stalled at needs_more_source.,2026-05-28
https://foundersummit.co/investments,Founder Summit /investments page,sub_page_rescue,unknown,public web,Rescue-fetch candidate for Founder Summit stalled at needs_more_source.,2026-05-28
https://foundersummit.co/team,Founder Summit /team page,sub_page_rescue,unknown,public web,Rescue-fetch candidate for Founder Summit stalled at needs_more_source.,2026-05-28
https://foundersummit.co/why-us,Founder Summit /why-us page,sub_page_rescue,unknown,public web,Rescue-fetch candidate for Founder Summit stalled at needs_more_source.,2026-05-28
https://foundersummit.co/process,Founder Summit /process page,sub_page_rescue,unknown,public web,Rescue-fetch candidate for Founder Summit stalled at needs_more_source.,2026-05-28
https://calmsummit.com/about,Calm Summit /about page,sub_page_rescue,unknown,public web,Rescue-fetch candidate for Calm Summit stalled at needs_more_source.,2026-05-28
https://calmsummit.com/about-us,Calm Summit /about-us page,sub_page_rescue,unknown,public web,Rescue-fetch candidate for Calm Summit stalled at needs_more_source.,2026-05-28
https://calmsummit.com/approach,Calm Summit /approach page,sub_page_rescue,unknown,public web,Rescue-fetch candidate for Calm Summit stalled at needs_more_source.,2026-05-28
https://calmsummit.com/our-approach,Calm Summit /our-approach page,sub_page_rescue,unknown,public web,Rescue-fetch candidate for Calm Summit stalled at needs_more_source.,2026-05-28
https://calmsummit.com/thesis,Calm Summit /thesis page,sub_page_rescue,unknown,public web,Rescue-fetch candidate for Calm Summit stalled at needs_more_source.,2026-05-28
https://calmsummit.com/investment-thesis,Calm Summit /investment-thesis page,sub_page_rescue,unknown,public web,Rescue-fetch candidate for Calm Summit stalled at needs_more_source.,2026-05-28
https://calmsummit.com/philosophy,Calm Summit /philosophy page,sub_page_rescue,unknown,public web,Rescue-fetch candidate for Calm Summit stalled at needs_more_source.,2026-05-28
https://calmsummit.com/strategy,Calm Summit /strategy page,sub_page_rescue,unknown,public web,Rescue-fetch candidate for Calm Summit stalled at needs_more_source.,2026-05-28
https://calmsummit.com/our-strategy,Calm Summit /our-strategy page,sub_page_rescue,unknown,public web,Rescue-fetch candidate for Calm Summit stalled at needs_more_source.,2026-05-28
https://calmsummit.com/what-we-do,Calm Summit /what-we-do page,sub_page_rescue,unknown,public web,Rescue-fetch candidate for Calm Summit stalled at needs_more_source.,2026-05-28
https://calmsummit.com/how-we-invest,Calm Summit /how-we-invest page,sub_page_rescue,unknown,public web,Rescue-fetch candidate for Calm Summit stalled at needs_more_source.,2026-05-28
https://calmsummit.com/our-companies,Calm Summit /our-companies page,sub_page_rescue,unknown,public web,Rescue-fetch candidate for Calm Summit stalled at needs_more_source.,2026-05-28
https://calmsummit.com/portfolio,Calm Summit /portfolio page,sub_page_rescue,unknown,public web,Rescue-fetch candidate for Calm Summit stalled at needs_more_source.,2026-05-28
https://calmsummit.com/companies,Calm Summit /companies page,sub_page_rescue,unknown,public web,Rescue-fetch candidate for Calm Summit stalled at needs_more_source.,2026-05-28
https://calmsummit.com/investments,Calm Summit /investments page,sub_page_rescue,unknown,public web,Rescue-fetch candidate for Calm Summit stalled at needs_more_source.,2026-05-28
https://calmsummit.com/team,Calm Summit /team page,sub_page_rescue,unknown,public web,Rescue-fetch candidate for Calm Summit stalled at needs_more_source.,2026-05-28
https://calmsummit.com/why-us,Calm Summit /why-us page,sub_page_rescue,unknown,public web,Rescue-fetch candidate for Calm Summit stalled at needs_more_source.,2026-05-28
https://calmsummit.com/process,Calm Summit /process page,sub_page_rescue,unknown,public web,Rescue-fetch candidate for Calm Summit stalled at needs_more_source.,2026-05-28
https://www.scoutlab.com/about,Design by Scout Lab /about page,sub_page_rescue,unknown,public web,Rescue-fetch candidate for Design by Scout Lab stalled at needs_more_source.,2026-05-28
https://www.scoutlab.com/about-us,Design by Scout Lab /about-us page,sub_page_rescue,unknown,public web,Rescue-fetch candidate for Design by Scout Lab stalled at needs_more_source.,2026-05-28
https://www.scoutlab.com/approach,Design by Scout Lab /approach page,sub_page_rescue,unknown,public web,Rescue-fetch candidate for Design by Scout Lab stalled at needs_more_source.,2026-05-28
https://www.scoutlab.com/our-approach,Design by Scout Lab /our-approach page,sub_page_rescue,unknown,public web,Rescue-fetch candidate for Design by Scout Lab stalled at needs_more_source.,2026-05-28
https://www.scoutlab.com/thesis,Design by Scout Lab /thesis page,sub_page_rescue,unknown,public web,Rescue-fetch candidate for Design by Scout Lab stalled at needs_more_source.,2026-05-28
https://www.scoutlab.com/investment-thesis,Design by Scout Lab /investment-thesis page,sub_page_rescue,unknown,public web,Rescue-fetch candidate for Design by Scout Lab stalled at needs_more_source.,2026-05-28
https://www.scoutlab.com/philosophy,Design by Scout Lab /philosophy page,sub_page_rescue,unknown,public web,Rescue-fetch candidate for Design by Scout Lab stalled at needs_more_source.,2026-05-28
https://www.scoutlab.com/strategy,Design by Scout Lab /strategy page,sub_page_rescue,unknown,public web,Rescue-fetch candidate for Design by Scout Lab stalled at needs_more_source.,2026-05-28
https://www.scoutlab.com/our-strategy,Design by Scout Lab /our-strategy page,sub_page_rescue,unknown,public web,Rescue-fetch candidate for Design by Scout Lab stalled at needs_more_source.,2026-05-28
https://www.scoutlab.com/what-we-do,Design by Scout Lab /what-we-do page,sub_page_rescue,unknown,public web,Rescue-fetch candidate for Design by Scout Lab stalled at needs_more_source.,2026-05-28
https://www.scoutlab.com/how-we-invest,Design by Scout Lab /how-we-invest page,sub_page_rescue,unknown,public web,Rescue-fetch candidate for Design by Scout Lab stalled at needs_more_source.,2026-05-28
https://www.scoutlab.com/our-companies,Design by Scout Lab /our-companies page,sub_page_rescue,unknown,public web,Rescue-fetch candidate for Design by Scout Lab stalled at needs_more_source.,2026-05-28
https://www.scoutlab.com/portfolio,Design by Scout Lab /portfolio page,sub_page_rescue,unknown,public web,Rescue-fetch candidate for Design by Scout Lab stalled at needs_more_source.,2026-05-28
https://www.scoutlab.com/companies,Design by Scout Lab /companies page,sub_page_rescue,unknown,public web,Rescue-fetch candidate for Design by Scout Lab stalled at needs_more_source.,2026-05-28
https://www.scoutlab.com/investments,Design by Scout Lab /investments page,sub_page_rescue,unknown,public web,Rescue-fetch candidate for Design by Scout Lab stalled at needs_more_source.,2026-05-28
https://www.scoutlab.com/team,Design by Scout Lab /team page,sub_page_rescue,unknown,public web,Rescue-fetch candidate for Design by Scout Lab stalled at needs_more_source.,2026-05-28
https://www.scoutlab.com/why-us,Design by Scout Lab /why-us page,sub_page_rescue,unknown,public web,Rescue-fetch candidate for Design by Scout Lab stalled at needs_more_source.,2026-05-28
https://www.scoutlab.com/process,Design by Scout Lab /process page,sub_page_rescue,unknown,public web,Rescue-fetch candidate for Design by Scout Lab stalled at needs_more_source.,2026-05-28
https://briteweb.com/about,Site by Briteweb /about page,sub_page_rescue,unknown,public web,Rescue-fetch candidate for Site by Briteweb stalled at needs_more_source.,2026-05-28
https://briteweb.com/about-us,Site by Briteweb /about-us page,sub_page_rescue,unknown,public web,Rescue-fetch candidate for Site by Briteweb stalled at needs_more_source.,2026-05-28
https://briteweb.com/approach,Site by Briteweb /approach page,sub_page_rescue,unknown,public web,Rescue-fetch candidate for Site by Briteweb stalled at needs_more_source.,2026-05-28
https://briteweb.com/our-approach,Site by Briteweb /our-approach page,sub_page_rescue,unknown,public web,Rescue-fetch candidate for Site by Briteweb stalled at needs_more_source.,2026-05-28
https://briteweb.com/thesis,Site by Briteweb /thesis page,sub_page_rescue,unknown,public web,Rescue-fetch candidate for Site by Briteweb stalled at needs_more_source.,2026-05-28
https://briteweb.com/investment-thesis,Site by Briteweb /investment-thesis page,sub_page_rescue,unknown,public web,Rescue-fetch candidate for Site by Briteweb stalled at needs_more_source.,2026-05-28
https://briteweb.com/philosophy,Site by Briteweb /philosophy page,sub_page_rescue,unknown,public web,Rescue-fetch candidate for Site by Briteweb stalled at needs_more_source.,2026-05-28
https://briteweb.com/strategy,Site by Briteweb /strategy page,sub_page_rescue,unknown,public web,Rescue-fetch candidate for Site by Briteweb stalled at needs_more_source.,2026-05-28
https://briteweb.com/our-strategy,Site by Briteweb /our-strategy page,sub_page_rescue,unknown,public web,Rescue-fetch candidate for Site by Briteweb stalled at needs_more_source.,2026-05-28
https://briteweb.com/what-we-do,Site by Briteweb /what-we-do page,sub_page_rescue,unknown,public web,Rescue-fetch candidate for Site by Briteweb stalled at needs_more_source.,2026-05-28
https://briteweb.com/how-we-invest,Site by Briteweb /how-we-invest page,sub_page_rescue,unknown,public web,Rescue-fetch candidate for Site by Briteweb stalled at needs_more_source.,2026-05-28
https://briteweb.com/our-companies,Site by Briteweb /our-companies page,sub_page_rescue,unknown,public web,Rescue-fetch candidate for Site by Briteweb stalled at needs_more_source.,2026-05-28
https://briteweb.com/portfolio,Site by Briteweb /portfolio page,sub_page_rescue,unknown,public web,Rescue-fetch candidate for Site by Briteweb stalled at needs_more_source.,2026-05-28
https://briteweb.com/companies,Site by Briteweb /companies page,sub_page_rescue,unknown,public web,Rescue-fetch candidate for Site by Briteweb stalled at needs_more_source.,2026-05-28
https://briteweb.com/investments,Site by Briteweb /investments page,sub_page_rescue,unknown,public web,Rescue-fetch candidate for Site by Briteweb stalled at needs_more_source.,2026-05-28
https://briteweb.com/team,Site by Briteweb /team page,sub_page_rescue,unknown,public web,Rescue-fetch candidate for Site by Briteweb stalled at needs_more_source.,2026-05-28
https://briteweb.com/why-us,Site by Briteweb /why-us page,sub_page_rescue,unknown,public web,Rescue-fetch candidate for Site by Briteweb stalled at needs_more_source.,2026-05-28
https://briteweb.com/process,Site by Briteweb /process page,sub_page_rescue,unknown,public web,Rescue-fetch candidate for Site by Briteweb stalled at needs_more_source.,2026-05-28
https://joryand.co/about,Jory & Co /about page,sub_page_rescue,unknown,public web,Rescue-fetch candidate for Jory & Co stalled at needs_more_source.,2026-05-28
https://joryand.co/about-us,Jory & Co /about-us page,sub_page_rescue,unknown,public web,Rescue-fetch candidate for Jory & Co stalled at needs_more_source.,2026-05-28
https://joryand.co/approach,Jory & Co /approach page,sub_page_rescue,unknown,public web,Rescue-fetch candidate for Jory & Co stalled at needs_more_source.,2026-05-28
https://joryand.co/our-approach,Jory & Co /our-approach page,sub_page_rescue,unknown,public web,Rescue-fetch candidate for Jory & Co stalled at needs_more_source.,2026-05-28
https://joryand.co/thesis,Jory & Co /thesis page,sub_page_rescue,unknown,public web,Rescue-fetch candidate for Jory & Co stalled at needs_more_source.,2026-05-28
https://joryand.co/investment-thesis,Jory & Co /investment-thesis page,sub_page_rescue,unknown,public web,Rescue-fetch candidate for Jory & Co stalled at needs_more_source.,2026-05-28
https://joryand.co/philosophy,Jory & Co /philosophy page,sub_page_rescue,unknown,public web,Rescue-fetch candidate for Jory & Co stalled at needs_more_source.,2026-05-28
https://joryand.co/strategy,Jory & Co /strategy page,sub_page_rescue,unknown,public web,Rescue-fetch candidate for Jory & Co stalled at needs_more_source.,2026-05-28
https://joryand.co/our-strategy,Jory & Co /our-strategy page,sub_page_rescue,unknown,public web,Rescue-fetch candidate for Jory & Co stalled at needs_more_source.,2026-05-28
https://joryand.co/what-we-do,Jory & Co /what-we-do page,sub_page_rescue,unknown,public web,Rescue-fetch candidate for Jory & Co stalled at needs_more_source.,2026-05-28
https://joryand.co/how-we-invest,Jory & Co /how-we-invest page,sub_page_rescue,unknown,public web,Rescue-fetch candidate for Jory & Co stalled at needs_more_source.,2026-05-28
https://joryand.co/our-companies,Jory & Co /our-companies page,sub_page_rescue,unknown,public web,Rescue-fetch candidate for Jory & Co stalled at needs_more_source.,2026-05-28
https://joryand.co/portfolio,Jory & Co /portfolio page,sub_page_rescue,unknown,public web,Rescue-fetch candidate for Jory & Co stalled at needs_more_source.,2026-05-28
https://joryand.co/companies,Jory & Co /companies page,sub_page_rescue,unknown,public web,Rescue-fetch candidate for Jory & Co stalled at needs_more_source.,2026-05-28
https://joryand.co/investments,Jory & Co /investments page,sub_page_rescue,unknown,public web,Rescue-fetch candidate for Jory & Co stalled at needs_more_source.,2026-05-28
https://joryand.co/team,Jory & Co /team page,sub_page_rescue,unknown,public web,Rescue-fetch candidate for Jory & Co stalled at needs_more_source.,2026-05-28
https://joryand.co/why-us,Jory & Co /why-us page,sub_page_rescue,unknown,public web,Rescue-fetch candidate for Jory & Co stalled at needs_more_source.,2026-05-28
https://joryand.co/process,Jory & Co /process page,sub_page_rescue,unknown,public web,Rescue-fetch candidate for Jory & Co stalled at needs_more_source.,2026-05-28
https://argentumgroup.com/about-us,Argentumgroup /about-us page,sub_page_rescue,unknown,public web,Rescue-fetch candidate for Argentumgroup stalled at needs_more_source.,2026-05-28
https://argentumgroup.com/approach,Argentumgroup /approach page,sub_page_rescue,unknown,public web,Rescue-fetch candidate for Argentumgroup stalled at needs_more_source.,2026-05-28
https://argentumgroup.com/our-approach,Argentumgroup /our-approach page,sub_page_rescue,unknown,public web,Rescue-fetch candidate for Argentumgroup stalled at needs_more_source.,2026-05-28
https://argentumgroup.com/thesis,Argentumgroup /thesis page,sub_page_rescue,unknown,public web,Rescue-fetch candidate for Argentumgroup stalled at needs_more_source.,2026-05-28
https://argentumgroup.com/investment-thesis,Argentumgroup /investment-thesis page,sub_page_rescue,unknown,public web,Rescue-fetch candidate for Argentumgroup stalled at needs_more_source.,2026-05-28
https://argentumgroup.com/philosophy,Argentumgroup /philosophy page,sub_page_rescue,unknown,public web,Rescue-fetch candidate for Argentumgroup stalled at needs_more_source.,2026-05-28
https://argentumgroup.com/strategy,Argentumgroup /strategy page,sub_page_rescue,unknown,public web,Rescue-fetch candidate for Argentumgroup stalled at needs_more_source.,2026-05-28
https://argentumgroup.com/our-strategy,Argentumgroup /our-strategy page,sub_page_rescue,unknown,public web,Rescue-fetch candidate for Argentumgroup stalled at needs_more_source.,2026-05-28
https://argentumgroup.com/what-we-do,Argentumgroup /what-we-do page,sub_page_rescue,unknown,public web,Rescue-fetch candidate for Argentumgroup stalled at needs_more_source.,2026-05-28
https://argentumgroup.com/how-we-invest,Argentumgroup /how-we-invest page,sub_page_rescue,unknown,public web,Rescue-fetch candidate for Argentumgroup stalled at needs_more_source.,2026-05-28
https://argentumgroup.com/our-companies,Argentumgroup /our-companies page,sub_page_rescue,unknown,public web,Rescue-fetch candidate for Argentumgroup stalled at needs_more_source.,2026-05-28
https://argentumgroup.com/portfolio,Argentumgroup /portfolio page,sub_page_rescue,unknown,public web,Rescue-fetch candidate for Argentumgroup stalled at needs_more_source.,2026-05-28
https://argentumgroup.com/companies,Argentumgroup /companies page,sub_page_rescue,unknown,public web,Rescue-fetch candidate for Argentumgroup stalled at needs_more_source.,2026-05-28
https://argentumgroup.com/investments,Argentumgroup /investments page,sub_page_rescue,unknown,public web,Rescue-fetch candidate for Argentumgroup stalled at needs_more_source.,2026-05-28
https://argentumgroup.com/team,Argentumgroup /team page,sub_page_rescue,unknown,public web,Rescue-fetch candidate for Argentumgroup stalled at needs_more_source.,2026-05-28
https://argentumgroup.com/why-us,Argentumgroup /why-us page,sub_page_rescue,unknown,public web,Rescue-fetch candidate for Argentumgroup stalled at needs_more_source.,2026-05-28
https://argentumgroup.com/process,Argentumgroup /process page,sub_page_rescue,unknown,public web,Rescue-fetch candidate for Argentumgroup stalled at needs_more_source.,2026-05-28
https://www.diana.nato.int/about,NATO DIANA /about page,sub_page_rescue,unknown,public web,Rescue-fetch candidate for NATO DIANA stalled at needs_more_source.,2026-05-28
https://www.diana.nato.int/about-us,NATO DIANA /about-us page,sub_page_rescue,unknown,public web,Rescue-fetch candidate for NATO DIANA stalled at needs_more_source.,2026-05-28
https://www.diana.nato.int/approach,NATO DIANA /approach page,sub_page_rescue,unknown,public web,Rescue-fetch candidate for NATO DIANA stalled at needs_more_source.,2026-05-28
https://www.diana.nato.int/our-approach,NATO DIANA /our-approach page,sub_page_rescue,unknown,public web,Rescue-fetch candidate for NATO DIANA stalled at needs_more_source.,2026-05-28
https://www.diana.nato.int/thesis,NATO DIANA /thesis page,sub_page_rescue,unknown,public web,Rescue-fetch candidate for NATO DIANA stalled at needs_more_source.,2026-05-28
https://www.diana.nato.int/investment-thesis,NATO DIANA /investment-thesis page,sub_page_rescue,unknown,public web,Rescue-fetch candidate for NATO DIANA stalled at needs_more_source.,2026-05-28
https://www.diana.nato.int/philosophy,NATO DIANA /philosophy page,sub_page_rescue,unknown,public web,Rescue-fetch candidate for NATO DIANA stalled at needs_more_source.,2026-05-28
https://www.diana.nato.int/strategy,NATO DIANA /strategy page,sub_page_rescue,unknown,public web,Rescue-fetch candidate for NATO DIANA stalled at needs_more_source.,2026-05-28
https://www.diana.nato.int/our-strategy,NATO DIANA /our-strategy page,sub_page_rescue,unknown,public web,Rescue-fetch candidate for NATO DIANA stalled at needs_more_source.,2026-05-28
https://www.diana.nato.int/what-we-do,NATO DIANA /what-we-do page,sub_page_rescue,unknown,public web,Rescue-fetch candidate for NATO DIANA stalled at needs_more_source.,2026-05-28
https://www.diana.nato.int/how-we-invest,NATO DIANA /how-we-invest page,sub_page_rescue,unknown,public web,Rescue-fetch candidate for NATO DIANA stalled at needs_more_source.,2026-05-28
https://www.diana.nato.int/our-companies,NATO DIANA /our-companies page,sub_page_rescue,unknown,public web,Rescue-fetch candidate for NATO DIANA stalled at needs_more_source.,2026-05-28
https://www.diana.nato.int/portfolio,NATO DIANA /portfolio page,sub_page_rescue,unknown,public web,Rescue-fetch candidate for NATO DIANA stalled at needs_more_source.,2026-05-28
https://www.diana.nato.int/companies,NATO DIANA /companies page,sub_page_rescue,unknown,public web,Rescue-fetch candidate for NATO DIANA stalled at needs_more_source.,2026-05-28
https://www.diana.nato.int/investments,NATO DIANA /investments page,sub_page_rescue,unknown,public web,Rescue-fetch candidate for NATO DIANA stalled at needs_more_source.,2026-05-28
https://www.diana.nato.int/team,NATO DIANA /team page,sub_page_rescue,unknown,public web,Rescue-fetch candidate for NATO DIANA stalled at needs_more_source.,2026-05-28
https://www.diana.nato.int/why-us,NATO DIANA /why-us page,sub_page_rescue,unknown,public web,Rescue-fetch candidate for NATO DIANA stalled at needs_more_source.,2026-05-28
https://www.diana.nato.int/process,NATO DIANA /process page,sub_page_rescue,unknown,public web,Rescue-fetch candidate for NATO DIANA stalled at needs_more_source.,2026-05-28
https://blog.hi-fella.com/about,Danantara Sovereign AI Fund Launching /about page,sub_page_rescue,unknown,public web,Rescue-fetch candidate for Danantara Sovereign AI Fund Launching stalled at needs_more_source.,2026-05-28
https://blog.hi-fella.com/about-us,Danantara Sovereign AI Fund Launching /about-us page,sub_page_rescue,unknown,public web,Rescue-fetch candidate for Danantara Sovereign AI Fund Launching stalled at needs_more_source.,2026-05-28
https://blog.hi-fella.com/approach,Danantara Sovereign AI Fund Launching /approach page,sub_page_rescue,unknown,public web,Rescue-fetch candidate for Danantara Sovereign AI Fund Launching stalled at needs_more_source.,2026-05-28
https://blog.hi-fella.com/our-approach,Danantara Sovereign AI Fund Launching /our-approach page,sub_page_rescue,unknown,public web,Rescue-fetch candidate for Danantara Sovereign AI Fund Launching stalled at needs_more_source.,2026-05-28
https://blog.hi-fella.com/thesis,Danantara Sovereign AI Fund Launching /thesis page,sub_page_rescue,unknown,public web,Rescue-fetch candidate for Danantara Sovereign AI Fund Launching stalled at needs_more_source.,2026-05-28
https://blog.hi-fella.com/investment-thesis,Danantara Sovereign AI Fund Launching /investment-thesis page,sub_page_rescue,unknown,public web,Rescue-fetch candidate for Danantara Sovereign AI Fund Launching stalled at needs_more_source.,2026-05-28
https://blog.hi-fella.com/philosophy,Danantara Sovereign AI Fund Launching /philosophy page,sub_page_rescue,unknown,public web,Rescue-fetch candidate for Danantara Sovereign AI Fund Launching stalled at needs_more_source.,2026-05-28
https://blog.hi-fella.com/strategy,Danantara Sovereign AI Fund Launching /strategy page,sub_page_rescue,unknown,public web,Rescue-fetch candidate for Danantara Sovereign AI Fund Launching stalled at needs_more_source.,2026-05-28
https://blog.hi-fella.com/our-strategy,Danantara Sovereign AI Fund Launching /our-strategy page,sub_page_rescue,unknown,public web,Rescue-fetch candidate for Danantara Sovereign AI Fund Launching stalled at needs_more_source.,2026-05-28
https://blog.hi-fella.com/what-we-do,Danantara Sovereign AI Fund Launching /what-we-do page,sub_page_rescue,unknown,public web,Rescue-fetch candidate for Danantara Sovereign AI Fund Launching stalled at needs_more_source.,2026-05-28
https://blog.hi-fella.com/how-we-invest,Danantara Sovereign AI Fund Launching /how-we-invest page,sub_page_rescue,unknown,public web,Rescue-fetch candidate for Danantara Sovereign AI Fund Launching stalled at needs_more_source.,2026-05-28
https://blog.hi-fella.com/our-companies,Danantara Sovereign AI Fund Launching /our-companies page,sub_page_rescue,unknown,public web,Rescue-fetch candidate for Danantara Sovereign AI Fund Launching stalled at needs_more_source.,2026-05-28
https://blog.hi-fella.com/portfolio,Danantara Sovereign AI Fund Launching /portfolio page,sub_page_rescue,unknown,public web,Rescue-fetch candidate for Danantara Sovereign AI Fund Launching stalled at needs_more_source.,2026-05-28
https://blog.hi-fella.com/companies,Danantara Sovereign AI Fund Launching /companies page,sub_page_rescue,unknown,public web,Rescue-fetch candidate for Danantara Sovereign AI Fund Launching stalled at needs_more_source.,2026-05-28
https://blog.hi-fella.com/investments,Danantara Sovereign AI Fund Launching /investments page,sub_page_rescue,unknown,public web,Rescue-fetch candidate for Danantara Sovereign AI Fund Launching stalled at needs_more_source.,2026-05-28
https://blog.hi-fella.com/team,Danantara Sovereign AI Fund Launching /team page,sub_page_rescue,unknown,public web,Rescue-fetch candidate for Danantara Sovereign AI Fund Launching stalled at needs_more_source.,2026-05-28
https://blog.hi-fella.com/why-us,Danantara Sovereign AI Fund Launching /why-us page,sub_page_rescue,unknown,public web,Rescue-fetch candidate for Danantara Sovereign AI Fund Launching stalled at needs_more_source.,2026-05-28
https://blog.hi-fella.com/process,Danantara Sovereign AI Fund Launching /process page,sub_page_rescue,unknown,public web,Rescue-fetch candidate for Danantara Sovereign AI Fund Launching stalled at needs_more_source.,2026-05-28
https://purposegroup.us/about,Purpose Group /about page,sub_page_rescue,unknown,public web,Rescue-fetch candidate for Purpose Group stalled at needs_more_source.,2026-05-28
https://purposegroup.us/about-us,Purpose Group /about-us page,sub_page_rescue,unknown,public web,Rescue-fetch candidate for Purpose Group stalled at needs_more_source.,2026-05-28
https://purposegroup.us/approach,Purpose Group /approach page,sub_page_rescue,unknown,public web,Rescue-fetch candidate for Purpose Group stalled at needs_more_source.,2026-05-28
https://purposegroup.us/our-approach,Purpose Group /our-approach page,sub_page_rescue,unknown,public web,Rescue-fetch candidate for Purpose Group stalled at needs_more_source.,2026-05-28
https://purposegroup.us/thesis,Purpose Group /thesis page,sub_page_rescue,unknown,public web,Rescue-fetch candidate for Purpose Group stalled at needs_more_source.,2026-05-28
https://purposegroup.us/investment-thesis,Purpose Group /investment-thesis page,sub_page_rescue,unknown,public web,Rescue-fetch candidate for Purpose Group stalled at needs_more_source.,2026-05-28
https://purposegroup.us/philosophy,Purpose Group /philosophy page,sub_page_rescue,unknown,public web,Rescue-fetch candidate for Purpose Group stalled at needs_more_source.,2026-05-28
https://purposegroup.us/strategy,Purpose Group /strategy page,sub_page_rescue,unknown,public web,Rescue-fetch candidate for Purpose Group stalled at needs_more_source.,2026-05-28
https://purposegroup.us/our-strategy,Purpose Group /our-strategy page,sub_page_rescue,unknown,public web,Rescue-fetch candidate for Purpose Group stalled at needs_more_source.,2026-05-28
https://purposegroup.us/what-we-do,Purpose Group /what-we-do page,sub_page_rescue,unknown,public web,Rescue-fetch candidate for Purpose Group stalled at needs_more_source.,2026-05-28
https://purposegroup.us/how-we-invest,Purpose Group /how-we-invest page,sub_page_rescue,unknown,public web,Rescue-fetch candidate for Purpose Group stalled at needs_more_source.,2026-05-28
https://purposegroup.us/our-companies,Purpose Group /our-companies page,sub_page_rescue,unknown,public web,Rescue-fetch candidate for Purpose Group stalled at needs_more_source.,2026-05-28
https://purposegroup.us/portfolio,Purpose Group /portfolio page,sub_page_rescue,unknown,public web,Rescue-fetch candidate for Purpose Group stalled at needs_more_source.,2026-05-28
https://purposegroup.us/companies,Purpose Group /companies page,sub_page_rescue,unknown,public web,Rescue-fetch candidate for Purpose Group stalled at needs_more_source.,2026-05-28
https://purposegroup.us/investments,Purpose Group /investments page,sub_page_rescue,unknown,public web,Rescue-fetch candidate for Purpose Group stalled at needs_more_source.,2026-05-28
https://purposegroup.us/team,Purpose Group /team page,sub_page_rescue,unknown,public web,Rescue-fetch candidate for Purpose Group stalled at needs_more_source.,2026-05-28
https://purposegroup.us/why-us,Purpose Group /why-us page,sub_page_rescue,unknown,public web,Rescue-fetch candidate for Purpose Group stalled at needs_more_source.,2026-05-28
https://purposegroup.us/process,Purpose Group /process page,sub_page_rescue,unknown,public web,Rescue-fetch candidate for Purpose Group stalled at needs_more_source.,2026-05-28
https://saasoperations.com/about,7 Actionable Bootstrapped SaaS Success Stories & Playbooks for 2025 /about page,sub_page_rescue,unknown,public web,Rescue-fetch candidate for 7 Actionable Bootstrapped SaaS Success Stories & Playbooks for 2025 stalled at needs_more_source.,2026-05-28
https://saasoperations.com/about-us,7 Actionable Bootstrapped SaaS Success Stories & Playbooks for 2025 /about-us page,sub_page_rescue,unknown,public web,Rescue-fetch candidate for 7 Actionable Bootstrapped SaaS Success Stories & Playbooks for 2025 stalled at needs_more_source.,2026-05-28
https://saasoperations.com/approach,7 Actionable Bootstrapped SaaS Success Stories & Playbooks for 2025 /approach page,sub_page_rescue,unknown,public web,Rescue-fetch candidate for 7 Actionable Bootstrapped SaaS Success Stories & Playbooks for 2025 stalled at needs_more_source.,2026-05-28
https://saasoperations.com/our-approach,7 Actionable Bootstrapped SaaS Success Stories & Playbooks for 2025 /our-approach page,sub_page_rescue,unknown,public web,Rescue-fetch candidate for 7 Actionable Bootstrapped SaaS Success Stories & Playbooks for 2025 stalled at needs_more_source.,2026-05-28
https://saasoperations.com/thesis,7 Actionable Bootstrapped SaaS Success Stories & Playbooks for 2025 /thesis page,sub_page_rescue,unknown,public web,Rescue-fetch candidate for 7 Actionable Bootstrapped SaaS Success Stories & Playbooks for 2025 stalled at needs_more_source.,2026-05-28
https://saasoperations.com/investment-thesis,7 Actionable Bootstrapped SaaS Success Stories & Playbooks for 2025 /investment-thesis page,sub_page_rescue,unknown,public web,Rescue-fetch candidate for 7 Actionable Bootstrapped SaaS Success Stories & Playbooks for 2025 stalled at needs_more_source.,2026-05-28
https://saasoperations.com/philosophy,7 Actionable Bootstrapped SaaS Success Stories & Playbooks for 2025 /philosophy page,sub_page_rescue,unknown,public web,Rescue-fetch candidate for 7 Actionable Bootstrapped SaaS Success Stories & Playbooks for 2025 stalled at needs_more_source.,2026-05-28
https://saasoperations.com/strategy,7 Actionable Bootstrapped SaaS Success Stories & Playbooks for 2025 /strategy page,sub_page_rescue,unknown,public web,Rescue-fetch candidate for 7 Actionable Bootstrapped SaaS Success Stories & Playbooks for 2025 stalled at needs_more_source.,2026-05-28
https://saasoperations.com/our-strategy,7 Actionable Bootstrapped SaaS Success Stories & Playbooks for 2025 /our-strategy page,sub_page_rescue,unknown,public web,Rescue-fetch candidate for 7 Actionable Bootstrapped SaaS Success Stories & Playbooks for 2025 stalled at needs_more_source.,2026-05-28
https://saasoperations.com/what-we-do,7 Actionable Bootstrapped SaaS Success Stories & Playbooks for 2025 /what-we-do page,sub_page_rescue,unknown,public web,Rescue-fetch candidate for 7 Actionable Bootstrapped SaaS Success Stories & Playbooks for 2025 stalled at needs_more_source.,2026-05-28
https://saasoperations.com/how-we-invest,7 Actionable Bootstrapped SaaS Success Stories & Playbooks for 2025 /how-we-invest page,sub_page_rescue,unknown,public web,Rescue-fetch candidate for 7 Actionable Bootstrapped SaaS Success Stories & Playbooks for 2025 stalled at needs_more_source.,2026-05-28
https://saasoperations.com/our-companies,7 Actionable Bootstrapped SaaS Success Stories & Playbooks for 2025 /our-companies page,sub_page_rescue,unknown,public web,Rescue-fetch candidate for 7 Actionable Bootstrapped SaaS Success Stories & Playbooks for 2025 stalled at needs_more_source.,2026-05-28
https://saasoperations.com/portfolio,7 Actionable Bootstrapped SaaS Success Stories & Playbooks for 2025 /portfolio page,sub_page_rescue,unknown,public web,Rescue-fetch candidate for 7 Actionable Bootstrapped SaaS Success Stories & Playbooks for 2025 stalled at needs_more_source.,2026-05-28
https://saasoperations.com/companies,7 Actionable Bootstrapped SaaS Success Stories & Playbooks for 2025 /companies page,sub_page_rescue,unknown,public web,Rescue-fetch candidate for 7 Actionable Bootstrapped SaaS Success Stories & Playbooks for 2025 stalled at needs_more_source.,2026-05-28
https://saasoperations.com/investments,7 Actionable Bootstrapped SaaS Success Stories & Playbooks for 2025 /investments page,sub_page_rescue,unknown,public web,Rescue-fetch candidate for 7 Actionable Bootstrapped SaaS Success Stories & Playbooks for 2025 stalled at needs_more_source.,2026-05-28
https://saasoperations.com/team,7 Actionable Bootstrapped SaaS Success Stories & Playbooks for 2025 /team page,sub_page_rescue,unknown,public web,Rescue-fetch candidate for 7 Actionable Bootstrapped SaaS Success Stories & Playbooks for 2025 stalled at needs_more_source.,2026-05-28
https://saasoperations.com/why-us,7 Actionable Bootstrapped SaaS Success Stories & Playbooks for 2025 /why-us page,sub_page_rescue,unknown,public web,Rescue-fetch candidate for 7 Actionable Bootstrapped SaaS Success Stories & Playbooks for 2025 stalled at needs_more_source.,2026-05-28
https://saasoperations.com/process,7 Actionable Bootstrapped SaaS Success Stories & Playbooks for 2025 /process page,sub_page_rescue,unknown,public web,Rescue-fetch candidate for 7 Actionable Bootstrapped SaaS Success Stories & Playbooks for 2025 stalled at needs_more_source.,2026-05-28
https://startupbootcamp.org/about,Startupbootcamp /about page,sub_page_rescue,unknown,public web,Rescue-fetch candidate for Startupbootcamp stalled at needs_more_source.,2026-05-28
https://startupbootcamp.org/about-us,Startupbootcamp /about-us page,sub_page_rescue,unknown,public web,Rescue-fetch candidate for Startupbootcamp stalled at needs_more_source.,2026-05-28
https://startupbootcamp.org/approach,Startupbootcamp /approach page,sub_page_rescue,unknown,public web,Rescue-fetch candidate for Startupbootcamp stalled at needs_more_source.,2026-05-28
https://startupbootcamp.org/our-approach,Startupbootcamp /our-approach page,sub_page_rescue,unknown,public web,Rescue-fetch candidate for Startupbootcamp stalled at needs_more_source.,2026-05-28
https://startupbootcamp.org/thesis,Startupbootcamp /thesis page,sub_page_rescue,unknown,public web,Rescue-fetch candidate for Startupbootcamp stalled at needs_more_source.,2026-05-28
https://startupbootcamp.org/investment-thesis,Startupbootcamp /investment-thesis page,sub_page_rescue,unknown,public web,Rescue-fetch candidate for Startupbootcamp stalled at needs_more_source.,2026-05-28
https://startupbootcamp.org/philosophy,Startupbootcamp /philosophy page,sub_page_rescue,unknown,public web,Rescue-fetch candidate for Startupbootcamp stalled at needs_more_source.,2026-05-28
https://startupbootcamp.org/strategy,Startupbootcamp /strategy page,sub_page_rescue,unknown,public web,Rescue-fetch candidate for Startupbootcamp stalled at needs_more_source.,2026-05-28
https://startupbootcamp.org/our-strategy,Startupbootcamp /our-strategy page,sub_page_rescue,unknown,public web,Rescue-fetch candidate for Startupbootcamp stalled at needs_more_source.,2026-05-28
https://startupbootcamp.org/what-we-do,Startupbootcamp /what-we-do page,sub_page_rescue,unknown,public web,Rescue-fetch candidate for Startupbootcamp stalled at needs_more_source.,2026-05-28
https://startupbootcamp.org/how-we-invest,Startupbootcamp /how-we-invest page,sub_page_rescue,unknown,public web,Rescue-fetch candidate for Startupbootcamp stalled at needs_more_source.,2026-05-28
https://startupbootcamp.org/our-companies,Startupbootcamp /our-companies page,sub_page_rescue,unknown,public web,Rescue-fetch candidate for Startupbootcamp stalled at needs_more_source.,2026-05-28
https://startupbootcamp.org/portfolio,Startupbootcamp /portfolio page,sub_page_rescue,unknown,public web,Rescue-fetch candidate for Startupbootcamp stalled at needs_more_source.,2026-05-28
https://startupbootcamp.org/companies,Startupbootcamp /companies page,sub_page_rescue,unknown,public web,Rescue-fetch candidate for Startupbootcamp stalled at needs_more_source.,2026-05-28
https://startupbootcamp.org/investments,Startupbootcamp /investments page,sub_page_rescue,unknown,public web,Rescue-fetch candidate for Startupbootcamp stalled at needs_more_source.,2026-05-28
https://startupbootcamp.org/team,Startupbootcamp /team page,sub_page_rescue,unknown,public web,Rescue-fetch candidate for Startupbootcamp stalled at needs_more_source.,2026-05-28
https://startupbootcamp.org/why-us,Startupbootcamp /why-us page,sub_page_rescue,unknown,public web,Rescue-fetch candidate for Startupbootcamp stalled at needs_more_source.,2026-05-28
https://startupbootcamp.org/process,Startupbootcamp /process page,sub_page_rescue,unknown,public web,Rescue-fetch candidate for Startupbootcamp stalled at needs_more_source.,2026-05-28
https://velasoftwaregroup.com/portfolio/,view portfolio intake source,intake_source,unknown,public web,Added by intake promotion agent; review source quality before paper use.,2026-05-28
https://www.salesforce.com/,Salesforce site (article-extracted),article_extraction,unknown,public web,Discovered by article-crawler on 2026-05-28 from https://softwareequity.com/top-strategic-buyers. Verify before promotion.,2026-05-28
https://www.servicenow.com/,ServiceNow site (article-extracted),article_extraction,unknown,public web,Discovered by article-crawler on 2026-05-28 from https://softwareequity.com/top-strategic-buyers. Verify before promotion.,2026-05-28
https://hawkinfinity.com/,Hawk Infinity Software site (article-extracted),article_extraction,unknown,public web,Discovered by article-crawler on 2026-05-28 from https://softwareequity.com/top-strategic-buyers. Verify before promotion.,2026-05-28
https://www.ibm.com/,IBM site (article-extracted),article_extraction,unknown,public web,Discovered by article-crawler on 2026-05-28 from https://softwareequity.com/top-strategic-buyers. Verify before promotion.,2026-05-28
https://www.motorolasolutions.com/,Motorola Solutions site (article-extracted),article_extraction,unknown,public web,Discovered by article-crawler on 2026-05-28 from https://softwareequity.com/top-strategic-buyers. Verify before promotion.,2026-05-28
https://www.accel-kkr.com/,Accel-KKR site (article-extracted),article_extraction,unknown,public web,Discovered by article-crawler on 2026-05-28 from https://softwareequity.com/blog/top-software-private-equity-firms. Verify before promotion.,2026-05-28
https://keensight.com/,Keensight Capital site (article-extracted),article_extraction,unknown,public web,Discovered by article-crawler on 2026-05-28 from https://softwareequity.com/blog/top-software-private-equity-firms. Verify before promotion.,2026-05-28
https://www.thomabravo.com/,Thoma Bravo site (article-extracted),article_extraction,unknown,public web,Discovered by article-crawler on 2026-05-28 from https://softwareequity.com/blog/top-software-private-equity-firms. Verify before promotion.,2026-05-28
https://www.franciscopartners.com/,Francisco Partners site (article-extracted),article_extraction,unknown,public web,Discovered by article-crawler on 2026-05-28 from https://softwareequity.com/blog/top-software-private-equity-firms. Verify before promotion.,2026-05-28
https://www.gtcr.com/,GTCR site (article-extracted),article_extraction,unknown,public web,Discovered by article-crawler on 2026-05-28 from https://softwareequity.com/blog/top-software-private-equity-firms. Verify before promotion.,2026-05-28
https://www.vistaequitypartners.com/,Vista Equity Partners site (article-extracted),article_extraction,unknown,public web,Discovered by article-crawler on 2026-05-28 from https://softwareequity.com/blog/top-software-private-equity-firms. Verify before promotion.,2026-05-28
https://www.baincapital.com/,Bain Capital site (article-extracted),article_extraction,unknown,public web,Discovered by article-crawler on 2026-05-28 from https://softwareequity.com/blog/top-software-private-equity-firms. Verify before promotion.,2026-05-28
https://trustmrr.com/,TrustMRR site (article-extracted),article_extraction,unknown,public web,Discovered by article-crawler on 2026-05-28 from https://alignify.co/insights/indie-hackers. Verify before promotion.,2026-05-28
https://www.producthunt.com/,Product Hunt site (article-extracted),article_extraction,unknown,public web,Discovered by article-crawler on 2026-05-28 from https://alignify.co/insights/indie-hackers. Verify before promotion.,2026-05-28
https://news.ycombinator.com/,Hacker News site (article-extracted),article_extraction,unknown,public web,Discovered by article-crawler on 2026-05-28 from https://alignify.co/insights/indie-hackers. Verify before promotion.,2026-05-28
https://www.startupsfortherestofus.com/,Startups For The Rest of Us site (article-extracted),article_extraction,unknown,public web,Discovered by article-crawler on 2026-05-28 from https://alignify.co/insights/indie-hackers. Verify before promotion.,2026-05-28
https://www.dvgpartners.com/,DVG Partners official site,official_site,high,public web,Curated by claude session 2026-05-28; primary source for DVG Partners.,2026-05-28
https://www.broadtreepartners.com/,Broadtree Partners official site,official_site,high,public web,Curated by claude session 2026-05-28; primary source for Broadtree Partners.,2026-05-28
https://www.redforestcapital.com/,Red Forest Capital official site,official_site,high,public web,Curated by claude session 2026-05-28; primary source for Red Forest Capital.,2026-05-28
https://www.vroom.vc/,Vroom Ventures official site,official_site,high,public web,Curated by claude session 2026-05-28; primary source for Vroom Ventures.,2026-05-28
https://nextgengp.com/,NextGen GP official site,official_site,high,public web,Curated by claude session 2026-05-28; primary source for NextGen GP.,2026-05-28
https://avantecapital.com/,Avante Capital official site,official_site,high,public web,Curated by claude session 2026-05-28; primary source for Avante Capital.,2026-05-28
https://endurance-search.com/,Endurance Search Partners official site,official_site,high,public web,Curated by claude session 2026-05-28; primary source for Endurance Search Partners.,2026-05-28
https://www.brydongroup.com/,Brydon Group official site,official_site,high,public web,Curated by claude session 2026-05-28; primary source for Brydon Group.,2026-05-28
https://www.relaycommerce.com/,Relay Commerce official site,official_site,high,public web,Curated by claude session 2026-05-28; primary source for Relay Commerce.,2026-05-28
https://www.embracesoftware.com/,Embrace Software official site,official_site,high,public web,Curated by claude session 2026-05-28; primary source for Embrace Software.,2026-05-28
https://wearetern.com/,Tern Group official site,official_site,high,public web,Curated by claude session 2026-05-28; primary source for Tern Group.,2026-05-28
https://meritholdings.com/,Merit Network official site,official_site,high,public web,Curated by claude session 2026-05-28; primary source for Merit Network.,2026-05-28
https://www.hustlefund.vc/,Hustle Fund official site,official_site,high,public web,Curated by claude session 2026-05-28; primary source for Hustle Fund.,2026-05-28
https://www.southparkcommons.com/,South Park Commons official site,official_site,high,public web,Curated by claude session 2026-05-28; primary source for South Park Commons.,2026-05-28
https://www.banana.capital/,Banana Capital official site,official_site,high,public web,Curated by claude session 2026-05-28; primary source for Banana Capital.,2026-05-28
https://www.forumvc.com/,Forum Ventures official site,official_site,high,public web,Curated by claude session 2026-05-28; primary source for Forum Ventures.,2026-05-28
https://www.beondeck.com/,On Deck official site,official_site,high,public web,Curated by claude session 2026-05-28; primary source for On Deck.,2026-05-28
https://www.magic.fund/,Magic Fund official site,official_site,high,public web,Curated by claude session 2026-05-28; primary source for Magic Fund.,2026-05-28
https://re-cap.com/,Re:cap official site,official_site,high,public web,Curated by claude session 2026-05-28; primary source for Re:cap.,2026-05-28
https://www.karmen.io/,Karmen official site,official_site,high,public web,Curated by claude session 2026-05-28; primary source for Karmen.,2026-05-28
https://www.settle.com/,Settle official site,official_site,high,public web,Curated by claude session 2026-05-28; primary source for Settle.,2026-05-28
https://www.brex.com/product/capital,Brex Capital official site,official_site,high,public web,Curated by claude session 2026-05-28; primary source for Brex Capital.,2026-05-28
https://www.waltonenterprises.com/,Walton Enterprises official site,official_site,high,public web,Curated by claude session 2026-05-28; primary source for Walton Enterprises.,2026-05-28
https://www.pritzkergroup.com/,Pritzker Group official site,official_site,high,public web,Curated by claude session 2026-05-28; primary source for Pritzker Group.,2026-05-28
https://www.pohladcompanies.com/,Pohlad Companies official site,official_site,high,public web,Curated by claude session 2026-05-28; primary source for Pohlad Companies.,2026-05-28
https://www.patagoniaworks.com/,Patagonia Works official site,official_site,high,public web,Curated by claude session 2026-05-28; primary source for Patagonia Works.,2026-05-28
https://foundation.mozilla.org/,Mozilla Foundation official site,official_site,high,public web,Curated by claude session 2026-05-28; primary source for Mozilla Foundation.,2026-05-28
https://wellcome.org/,Wellcome Trust official site,official_site,high,public web,Curated by claude session 2026-05-28; primary source for Wellcome Trust.,2026-05-28
https://purpose-economy.org/en/foundation/,Purpose Foundation official site,official_site,high,public web,Curated by claude session 2026-05-28; primary source for Purpose Foundation.,2026-05-28
https://www.carlsonprivatecapital.com/,Carlson Private Capital Partners official site,official_site,high,public web,Curated round 2 by claude session 2026-05-28.,2026-05-28
https://www.waltonfamilyholdings.com/,Walton Family Holdings official site,official_site,high,public web,Curated round 2 by claude session 2026-05-28.,2026-05-28
https://www.carl-zeiss-stiftung.de/,Carl Zeiss Foundation official site,official_site,high,public web,Curated round 2 by claude session 2026-05-28.,2026-05-28
https://www.bosch-stiftung.de/,Robert Bosch Stiftung official site,official_site,high,public web,Curated round 2 by claude session 2026-05-28.,2026-05-28
https://www.elobau.com/,Elobau official site,official_site,high,public web,Curated round 2 by claude session 2026-05-28.,2026-05-28
https://www.mahle.com/,Mahle official site,official_site,high,public web,Curated round 2 by claude session 2026-05-28.,2026-05-28
https://www.johnlewispartnership.co.uk/,John Lewis Partnership official site,official_site,high,public web,Curated round 2 by claude session 2026-05-28.,2026-05-28
https://novonordiskfonden.dk/,Novo Nordisk Foundation official site,official_site,high,public web,Curated round 2 by claude session 2026-05-28.,2026-05-28
https://www.organicallygrown.com/,Organically Grown Company official site,official_site,high,public web,Curated round 2 by claude session 2026-05-28.,2026-05-28
https://www.mediqon.de/,MEDIQON Group official site,official_site,high,public web,Curated round 2 by claude session 2026-05-28.,2026-05-28
https://www.asseco.com/,Asseco Group official site,official_site,high,public web,Curated round 2 by claude session 2026-05-28.,2026-05-28
https://www.rebelcapital.io/,Rebel Capital official site,official_site,high,public web,Curated round 2 by claude session 2026-05-28.,2026-05-28
https://www.flex.capital/,FLEX Capital official site,official_site,high,public web,Curated round 2 by claude session 2026-05-28.,2026-05-28
https://www.perpetualinvestors.com/,Perpetual Investors official site,official_site,high,public web,Curated round 2 by claude session 2026-05-28.,2026-05-28
https://www.upstart.com/,Upstart Network official site,official_site,high,public web,Curated round 2 by claude session 2026-05-28.,2026-05-28
https://www.floatfinance.com/,Float Finance official site,official_site,high,public web,Curated round 2 by claude session 2026-05-28.,2026-05-28
https://www.clearlyacquired.com/,ClearlyAcquired official site,official_site,high,public web,Curated round 2 by claude session 2026-05-28.,2026-05-28
https://www.aventis-advisors.com/,Aventis Advisors official site,official_site,high,public web,Curated round 2 by claude session 2026-05-28.,2026-05-28
https://softwareequity.com/top-strategic-buyers,Hawk Infinity Software intake source,intake_source,unknown,public web,Added by intake promotion agent; review source quality before paper use.,2026-05-28
https://alignify.co/insights/indie-hackers,TrustMRR intake source,intake_source,unknown,public web,Added by intake promotion agent; review source quality before paper use.,2026-05-28
https://findskill.ai/learn-ai-for-entrepreneurs,Learn AI for Entrepreneurs web discovery source,web_search_result,unknown,public web,Discovered by research-agent web search run run-85b1bd1c23be; requires verification.,2026-05-28
https://bakerproject.org/esop-for-business-owners,What Is Employee Ownership? A Guide for Business Owners web discovery source,web_search_result,unknown,public web,Discovered by research-agent web search run run-85b1bd1c23be; requires verification.,2026-05-28
https://pathstone.com,Welcome to Pathstone web discovery source,web_search_result,unknown,public web,Discovered by research-agent web search run run-85b1bd1c23be; requires verification.,2026-05-28
https://www.futurefounders.com,Youth Entrepreneurship Programming web discovery source,web_search_result,unknown,public web,Discovered by research-agent web search run run-85b1bd1c23be; requires verification.,2026-05-28
https://masschallenge.org,Masschallenge web discovery source,web_search_result,unknown,public web,Discovered by research-agent web search run run-85b1bd1c23be; requires verification.,2026-05-28
https://fi.co,Founder Institute web discovery source,web_search_result,unknown,public web,Discovered by research-agent web search run run-85b1bd1c23be; requires verification.,2026-05-28
http://csiesg.com,ESG intake source,intake_referenced,unknown,public web,Auto-added from intake row intake-dir-8d0f63185a32 on 2026-05-28.,2026-05-28
https://www.volarisgroup.com/portfolio/,view portfolio intake source,intake_referenced,unknown,public web,Auto-added from intake row intake-dir-b571f5638d44 on 2026-05-28.,2026-05-28
https://jonassoftware.com/our-companies,view portfolio intake source,intake_referenced,unknown,public web,Auto-added from intake row intake-dir-414923ccd003 on 2026-05-28.,2026-05-28
https://topicus.com/our-companies,view portfolio intake source,intake_referenced,unknown,public web,Auto-added from intake row intake-dir-f07705144188 on 2026-05-28.,2026-05-28
https://csiperseus.com/portfolio/,view portfolio intake source,intake_referenced,unknown,public web,Auto-added from intake row intake-dir-9498c22e3755 on 2026-05-28.,2026-05-28
https://www.luminegroup.com/our-companies/,view portfolio intake source,intake_referenced,unknown,public web,Auto-added from intake row intake-dir-118018177d78 on 2026-05-28.,2026-05-28
https://modaxo.com/people-transportation-brands/index.html,view portfolio intake source,intake_referenced,unknown,public web,Auto-added from intake row intake-dir-3c1b3edaa53b on 2026-05-28.,2026-05-28
https://www.csiandromeda.com/our-portfolio,view portfolio intake source,intake_referenced,unknown,public web,Auto-added from intake row intake-dir-17a284c1a95b on 2026-05-28.,2026-05-28
https://www.searchfundalliance.org/about-sfa,ABOUT SFA intake source,intake_referenced,unknown,public web,Auto-added from intake row intake-dir-fbc81742197b on 2026-05-28.,2026-05-28
https://briteweb.com,Site by Briteweb intake source,intake_referenced,unknown,public web,Auto-added from intake row intake-dir-8ff709924891 on 2026-05-28.,2026-05-28
https://softwareequity.com/blog/top-software-private-equity-firms,Accel-KKR intake source,intake_referenced,unknown,public web,Auto-added from intake row intake-art-f9b10d19fbc9 on 2026-05-28.,2026-05-28
https://www.searchfundaccelerator.com/intro,Who We Are web discovery source,web_search_result,unknown,public web,Discovered by research-agent web search run run-8bd18c997708; requires verification.,2026-05-28
https://www.csiandromeda.com/acquisition-criteria,Acquisition Criteria web discovery source,web_search_result,unknown,public web,Discovered by research-agent web search run run-e940281e3afe; requires verification.,2026-05-28
https://hidayatrizvi.com/startup-studio-vs-venture-builder,Startup Studio vs Venture Builder web discovery source,web_search_result,unknown,public web,Discovered by research-agent web search run run-e940281e3afe; requires verification.,2026-05-28
https://www.impactterms.org/steward-ownership,Steward Ownership web discovery source,web_search_result,unknown,public web,Discovered by research-agent web search run run-e940281e3afe; requires verification.,2026-05-28
https://edc.nyc/founder-fellowship,Founder Fellowship web discovery source,web_search_result,unknown,public web,Discovered by research-agent web search run run-e940281e3afe; requires verification.,2026-05-28
https://www.atlanticcoastbusinessbrokers.com/plumbing-industry-report-2025,2025 Plumbing Industry Report web discovery source,web_search_result,unknown,public web,Discovered by research-agent web search run run-43e9b5f1b67f; requires verification.,2026-05-28
https://outroll.com,Outroll web discovery source,web_search_result,unknown,public web,Discovered by research-agent web search run run-99c80615ff70; requires verification.,2026-05-28
https://thebootstrappedfounder.com/funded,Funded! web discovery source,web_search_result,unknown,public web,Discovered by research-agent web search run run-99c80615ff70; requires verification.,2026-05-28
https://startup101.com/what-is-royalty-financing,What is Royalty Financing? web discovery source,web_search_result,unknown,public web,Discovered by research-agent web search run run-b3f18cf8fd70; requires verification.,2026-05-28
https://1719partners.com/the-fundless-sponsor-how-it-works,The Fundless Sponsor Explained web discovery source,web_search_result,unknown,public web,Discovered by research-agent web search run run-466f755e0ece; requires verification.,2026-05-28
https://www.sec.gov/search-filings,SEC.gov web discovery source,web_search_result,unknown,public web,Discovered by research-agent web search run run-4ada232606b0; requires verification.,2026-05-28
https://saasoperations.com/bootstrapped-saas,Bootstrapped SaaS The Complete Founder's Playbook web discovery source,web_search_result,unknown,public web,Discovered by research-agent web search run run-4ada232606b0; requires verification.,2026-05-28
https://prospectrockpartners.com/the-rise-of-micro-private-equity,Prospect Rock Partners web discovery source,web_search_result,unknown,public web,Discovered by research-agent web search run run-7bf12da14d49; requires verification.,2026-05-28
https://www.accesscappartners.com/the-independent-sponsor-model,Independent Sponsor Model web discovery source,web_search_result,unknown,public web,Discovered by research-agent web search run run-7bf12da14d49; requires verification.,2026-05-28
https://www.fundlesssponsorcapital.com/the-independent-sponsor-model,The Independent Sponsor Model or Fundless Sponsor Model web discovery source,web_search_result,unknown,public web,Discovered by research-agent web search run run-7bf12da14d49; requires verification.,2026-05-28
https://allegrow.com/private-equity-roll-up-strategy,Private Equity Roll Up Strategy Explained- Allegrow web discovery source,web_search_result,unknown,public web,Discovered by research-agent web search run run-25d58a29f3f6; requires verification.,2026-05-28
https://chenmark.com/,Chenmark official site,official_site,primary,public web,Curated round 3 by claude session 2026-05-28.,2026-05-28
https://www.atlasviewequity.com/,Atlasview Equity official site,official_site,primary,public web,Curated round 3 by claude session 2026-05-28.,2026-05-28
https://www.oneoutdoor.com/,OneOutdoor Holdings official site,official_site,primary,public web,Curated round 3 by claude session 2026-05-28.,2026-05-28
https://www.thrasio.com/,Thrasio official site,official_site,primary,public web,Curated round 3 by claude session 2026-05-28.,2026-05-28
https://www.evermoreequity.com/,Evermore official site,official_site,primary,public web,Curated round 3 by claude session 2026-05-28.,2026-05-28
https://www.calvertimpactcapital.org/,Calvert Impact Capital official site,official_site,primary,public web,Curated round 3 by claude session 2026-05-28.,2026-05-28
https://www.macfound.org/,MacArthur Foundation official site,official_site,primary,public web,Curated round 3 by claude session 2026-05-28.,2026-05-28
https://www.better.vc/,Better Ventures official site,official_site,primary,public web,Curated round 3 by claude session 2026-05-28.,2026-05-28
https://www.alignedclimatecapital.com/,Aligned Climate Capital official site,official_site,primary,public web,Curated round 3 by claude session 2026-05-28.,2026-05-28
https://www.lowercarbon.com/,Lowercarbon Capital official site,official_site,primary,public web,Curated round 3 by claude session 2026-05-28.,2026-05-28
https://www.blueearthcap.com/,Blue Earth Capital official site,official_site,primary,public web,Curated round 3 by claude session 2026-05-28.,2026-05-28
https://www.tiff.org/,TIFF Investment Management official site,official_site,primary,public web,Curated round 3 by claude session 2026-05-28.,2026-05-28
https://www.fundsforgood.eu/,Funds For Good official site,official_site,primary,public web,Curated round 3 by claude session 2026-05-28.,2026-05-28
https://www.missiondrivenfinance.com/,Mission Driven Finance official site,official_site,primary,public web,Curated round 3 by claude session 2026-05-28.,2026-05-28
https://www.thebuildersfund.com/,The Builders Fund official site,official_site,primary,public web,Curated round 3 by claude session 2026-05-28.,2026-05-28
https://www.golubcapital.com/,Golub Capital official site,official_site,primary,public web,Curated round 3 by claude session 2026-05-28.,2026-05-28
https://www.blueowl.com/,Blue Owl Capital official site,official_site,primary,public web,Curated round 3 by claude session 2026-05-28.,2026-05-28
https://www.sovereign.tech/,Sovereign Tech Fund official site,official_site,primary,public web,Curated round 3 by claude session 2026-05-28.,2026-05-28
https://humain.ai/,HUMAIN official site,official_site,primary,public web,Curated round 3 by claude session 2026-05-28.,2026-05-28
https://capshift.com/,CapShift official site,official_site,primary,public web,Curated round 3 by claude session 2026-05-28.,2026-05-28
https://thegiin.org/,The GIIN official site,official_site,primary,public web,Curated round 3 by claude session 2026-05-28.,2026-05-28
https://faithdriveninvestor.org/,Faith Driven Investor official site,official_site,primary,public web,Curated round 3 by claude session 2026-05-28.,2026-05-28
https://www.amanafunds.com/,Amana Mutual Funds official site,official_site,primary,public web,Curated round 3 by claude session 2026-05-28.,2026-05-28
https://www.peterlohmann.com/,Peter Lohmann official site,official_site,primary,public web,Curated round 3 by claude session 2026-05-28.,2026-05-28
https://www.perpetual-capital.com/,Permanent Capital (peer) official site,official_site,primary,public web,Curated round 3 by claude session 2026-05-28.,2026-05-28
https://carta.com/,Carta site (article-mined),article_mention,unknown,public web,Mined from https://entrepreneurloop.com/solo-founder-ai-tools on 2026-05-28; requires verification.,2026-05-28
https://aistack.aiworldtoday.net/,AI stacks site (article-mined),article_mention,unknown,public web,Mined from https://entrepreneurloop.com/solo-founder-ai-tools on 2026-05-28; requires verification.,2026-05-28
https://reddit.com/,ReddIt site (article-mined),article_mention,unknown,public web,Mined from https://entrepreneurloop.com/solo-founder-ai-tools on 2026-05-28; requires verification.,2026-05-28
https://telegram.me/,Telegram site (article-mined),article_mention,unknown,public web,Mined from https://entrepreneurloop.com/solo-founder-ai-tools on 2026-05-28; requires verification.,2026-05-28
https://makeautomation.co/,Makeautomation site (article-mined),article_mention,unknown,public web,Mined from https://saasoperations.com/bootstrapped-saas-success-stories/ on 2026-05-28; requires verification.,2026-05-28
https://bootstrappers.com/,Bootstrappers site (article-mined),article_mention,unknown,public web,Mined from https://saasoperations.com/bootstrapped-saas-success-stories/ on 2026-05-28; requires verification.,2026-05-28
https://baremetrics.com/,Baremetrics site (article-mined),article_mention,unknown,public web,Mined from https://saasoperations.com/bootstrapped-saas-success-stories/ on 2026-05-28; requires verification.,2026-05-28
https://saasplaybook.com/,Saasplaybook site (article-mined),article_mention,unknown,public web,Mined from https://saasoperations.com/bootstrapped-saas-success-stories/ on 2026-05-28; requires verification.,2026-05-28
https://www.noosalabs.com/,Noosa Labs official site,official_site,primary,public web,Curated round 4 by claude session 2026-05-28.,2026-05-28
https://www.itrinity.com/,itrinity official site,official_site,primary,public web,Curated round 4 by claude session 2026-05-28.,2026-05-28
https://wildfront.co/,Wildfront official site,official_site,primary,public web,Curated round 4 by claude session 2026-05-28.,2026-05-28
https://smb.fund/,Shareholder Ventures official site,official_site,primary,public web,Curated round 4 by claude session 2026-05-28.,2026-05-28
https://www.aspectinvestors.com/,Aspect Investors official site,official_site,primary,public web,Curated round 4 by claude session 2026-05-28.,2026-05-28
https://etaequity.com/,ETA Equity official site,official_site,primary,public web,Curated round 4 by claude session 2026-05-28.,2026-05-28
https://www.smbinvestornetwork.com/,SMB Investor Network official site,official_site,primary,public web,Curated round 4 by claude session 2026-05-28.,2026-05-28
https://nobodystudios.com/,Nobody Studios official site,official_site,primary,public web,Curated round 4 by claude session 2026-05-28.,2026-05-28
https://www.pointninecap.com/,Point Nine official site,official_site,primary,public web,Curated round 4 by claude session 2026-05-28.,2026-05-28
https://www.frontline.vc/,Frontline Ventures official site,official_site,primary,public web,Curated round 4 by claude session 2026-05-28.,2026-05-28
https://qubit.capital/,Qubit Capital official site,official_site,primary,public web,Curated round 4 by claude session 2026-05-28.,2026-05-28
https://www.atempo.fund/,Atempo official site,official_site,primary,public web,Curated round 4 by claude session 2026-05-28.,2026-05-28
https://www.fundwell.com,Fundwell web discovery source,web_search_result,unknown,public web,Discovered by research-agent web search run run-295d67c07b59; requires verification.,2026-05-28
https://saasoperations.com/bootstrapped-saas-success-stories/,Baremetrics intake source,intake_source,unknown,public web,Added by intake promotion agent; review source quality before paper use.,2026-05-28
https://durasoftware.com/,Dura Software official site,official_site,primary,public web,Curated round 5 by claude session 2026-05-28.,2026-05-28
https://www.southportventures.com/,Southport Ventures official site,official_site,primary,public web,Curated round 5 by claude session 2026-05-28.,2026-05-28
https://grahamwalker.com/,Graham & Walker official site,official_site,primary,public web,Curated round 5 by claude session 2026-05-28.,2026-05-28
https://www.freedfellowship.com/,Freed Fellowship official site,official_site,primary,public web,Curated round 5 by claude session 2026-05-28.,2026-05-28
https://halcyonincubator.org/,Halcyon Incubator official site,official_site,primary,public web,Curated round 5 by claude session 2026-05-28.,2026-05-28
https://neo.com/,Neo official site,official_site,primary,public web,Curated round 5 by claude session 2026-05-28.,2026-05-28
https://codelaunch.com/,CodeLaunch official site,official_site,primary,public web,Curated round 5 by claude session 2026-05-28.,2026-05-28
https://theanna.io/,Theanna official site,official_site,primary,public web,Curated round 5 by claude session 2026-05-28.,2026-05-28
https://michiganfoundersfund.org/,Michigan Founders Fund official site,official_site,primary,public web,Curated round 5 by claude session 2026-05-28.,2026-05-28
https://www.sky9capital.com/,Sky9 Capital official site,official_site,primary,public web,Curated round 5 by claude session 2026-05-28.,2026-05-28
https://febeventures.com/,FEBE Ventures official site,official_site,primary,public web,Curated round 6 by claude session 2026-05-28.,2026-05-28
https://insignia.vc/,Insignia Ventures Partners official site,official_site,primary,public web,Curated round 6 by claude session 2026-05-28.,2026-05-28
https://alliance.vc/,Alliance Venture official site,official_site,primary,public web,Curated round 6 by claude session 2026-05-28.,2026-05-28
https://basepoint.vc/,Basepoint VC official site,official_site,primary,public web,Curated round 6 by claude session 2026-05-28.,2026-05-28
https://www.inceptionfund.com/,Inception Fund official site,official_site,primary,public web,Curated round 6 by claude session 2026-05-28.,2026-05-28
https://kaszek.com/,Kaszek Ventures official site,official_site,primary,public web,Curated round 6 by claude session 2026-05-28.,2026-05-28
https://monashees.com.br/,Monashees official site,official_site,primary,public web,Curated round 6 by claude session 2026-05-28.,2026-05-28
https://underdog.inc/,Underdog Inc official site,official_site,primary,public web,Curated round 6 by claude session 2026-05-28.,2026-05-28
https://www.atomico.com/angels,Atomico Angels official site,official_site,primary,public web,Curated round 6 by claude session 2026-05-28.,2026-05-28
https://www.kimaventures.com/,Kima Ventures official site,official_site,primary,public web,Curated round 6 by claude session 2026-05-28.,2026-05-28
https://hoxtonventures.com/,Hoxton Ventures official site,official_site,primary,public web,Curated round 6 by claude session 2026-05-28.,2026-05-28
https://bendingspoons.com/,Bending Spoons intake source,intake_source,unknown,public web,Added by intake promotion agent; review source quality before paper use.,2026-05-28
https://www.dcoopholdings.com,Sell Your Micro SaaS web discovery source,web_search_result,unknown,public web,Discovered by research-agent web search run run-ccdc28eed68f; requires verification.,2026-05-28
https://consensys.io,Consensys web discovery source,web_search_result,unknown,public web,Discovered by research-agent web search run run-ccdc28eed68f; requires verification.,2026-05-28
https://www.amagi.com,"Cloud Solutions for Broadcast, CTV and FAST web discovery source",web_search_result,unknown,public web,Discovered by research-agent web search run run-ccdc28eed68f; requires verification.,2026-05-28
https://hvacventures.com,Built to Acquire. Engineered to Scale. Designed to Exit. web discovery source,web_search_result,unknown,public web,Discovered by research-agent web search run run-ccdc28eed68f; requires verification.,2026-05-28
https://startupbootcamp.org/investors,Startupbootcamp for Investors web discovery source,web_search_result,unknown,public web,Discovered by research-agent web search run run-ccdc28eed68f; requires verification.,2026-05-28
https://www.techstars.com,Building the World's Most Powerful Network for Founders web discovery source,web_search_result,unknown,public web,Discovered by research-agent web search run run-ccdc28eed68f; requires verification.,2026-05-28
https://www.mercatus.org/emergent-ventures,Emergent Ventures web discovery source,web_search_result,unknown,public web,Discovered by research-agent web search run run-ccdc28eed68f; requires verification.,2026-05-28
https://www.ah-equity.com/,AH Equity Investments official site,official_site,primary,public web,Curated round 7 by claude session 2026-05-28.,2026-05-28
https://perpetuocapital.com/,Perpetuo Capital official site,official_site,primary,public web,Curated round 7 by claude session 2026-05-28.,2026-05-28
https://www.snellventures.com/,Snell Ventures official site,official_site,primary,public web,Curated round 7 by claude session 2026-05-28.,2026-05-28
https://www.hummockcapital.com/,Hummock Capital official site,official_site,primary,public web,Curated round 7 by claude session 2026-05-28.,2026-05-28
https://www.courtneygroup.com/,The Courtney Group official site,official_site,primary,public web,Curated round 7 by claude session 2026-05-28.,2026-05-28
https://www.pacificdentalservices.com/,Pacific Dental Services official site,official_site,primary,public web,Curated round 7 by claude session 2026-05-28.,2026-05-28
https://www.specialtydentalbrands.com/,Specialty Dental Brands official site,official_site,primary,public web,Curated round 7 by claude session 2026-05-28.,2026-05-28
https://www.alliedoms.com/,Allied OMS official site,official_site,primary,public web,Curated round 7 by claude session 2026-05-28.,2026-05-28
https://www.beaconoralspecialists.com/,Beacon Oral Specialists official site,official_site,primary,public web,Curated round 7 by claude session 2026-05-28.,2026-05-28
https://www.epic4partners.com/,Epic4 Specialty Partners official site,official_site,primary,public web,Curated round 7 by claude session 2026-05-28.,2026-05-28
https://www.heartland.com/,Heartland Dental official site,official_site,primary,public web,Curated round 7 by claude session 2026-05-28.,2026-05-28
https://www.mb2dental.com/,MB2 Dental official site,official_site,primary,public web,Curated round 7 by claude session 2026-05-28.,2026-05-28
https://www.mortensondental.com/,Mortenson Dental Partners official site,official_site,primary,public web,Curated round 7 by claude session 2026-05-28.,2026-05-28
https://investing.io/indie-saas-investors,Investing web discovery source,web_search_result,unknown,public web,Discovered by research-agent web search run run-8d1b0924d5ac; requires verification.,2026-05-28
https://founderpath.com/founderled,FounderLed web discovery source,web_search_result,unknown,public web,Discovered by research-agent web search run run-b5cc6110473f; requires verification.,2026-05-28
https://pinpointiq.app,PinpointIQ web discovery source,web_search_result,unknown,public web,Discovered by research-agent web search run run-b5cc6110473f; requires verification.,2026-05-28
https://uplyftcapital.com,Merchant Cash Advances & Loans web discovery source,web_search_result,unknown,public web,Discovered by research-agent web search run run-f6aa76e14cbd; requires verification.,2026-05-28
https://strategicinvestmentfund.org/impact,Impact web discovery source,web_search_result,unknown,public web,Discovered by research-agent web search run run-5fdb7d0701b9; requires verification.,2026-05-28
https://slow.co/,Slow Ventures official site,official_site,primary,public web,Curated round 8 by claude session 2026-05-28.,2026-05-28
https://www.longjourney.vc/,Long Journey Ventures official site,official_site,primary,public web,Curated round 8 by claude session 2026-05-28.,2026-05-28
https://www.hyperplane.vc/,Hyperplane Venture Capital official site,official_site,primary,public web,Curated round 8 by claude session 2026-05-28.,2026-05-28
https://fika.vc/,Fika Ventures official site,official_site,primary,public web,Curated round 8 by claude session 2026-05-28.,2026-05-28
https://boost.vc/,Boost VC official site,official_site,primary,public web,Curated round 8 by claude session 2026-05-28.,2026-05-28
https://www.outsiders.fund/,Outsiders Fund official site,official_site,primary,public web,Curated round 8 by claude session 2026-05-28.,2026-05-28
https://8vc.com/,8VC official site,official_site,primary,public web,Curated round 8 by claude session 2026-05-28.,2026-05-28
https://foundercollective.com/,Founder Collective official site,official_site,primary,public web,Curated round 8 by claude session 2026-05-28.,2026-05-28
https://homebrew.co/,Homebrew official site,official_site,primary,public web,Curated round 8 by claude session 2026-05-28.,2026-05-28
https://www.mavenventures.com/,Maven Ventures official site,official_site,primary,public web,Curated round 8 by claude session 2026-05-28.,2026-05-28
https://bam.vc/,BAM Ventures official site,official_site,primary,public web,Curated round 8 by claude session 2026-05-28.,2026-05-28
https://bullpencap.com/,Bullpen Capital official site,official_site,primary,public web,Curated round 8 by claude session 2026-05-28.,2026-05-28
https://foundationcap.com/,Foundation Capital official site,official_site,primary,public web,Curated round 8 by claude session 2026-05-28.,2026-05-28
https://hack.vc/,Hack VC official site,official_site,primary,public web,Curated round 8 by claude session 2026-05-28.,2026-05-28
https://www.sapphire-cap.com/,Sapphire Capital official site,official_site,primary,public web,Curated round 8 by claude session 2026-05-28.,2026-05-28
https://www.searchinvestmentgroup.com/,Search Investment Group official site,official_site,primary,public web,Curated round 8 by claude session 2026-05-28.,2026-05-28
https://www.footbridge.com/,Footbridge Partners official site,official_site,primary,public web,Curated round 8 by claude session 2026-05-28.,2026-05-28
https://www.tundra-capital.com/,Tundra Capital official site,official_site,primary,public web,Curated round 8 by claude session 2026-05-28.,2026-05-28
https://www.westcoastsearchfund.com/,West Coast Search Fund official site,official_site,primary,public web,Curated round 8 by claude session 2026-05-28.,2026-05-28
https://www.industryventures.com/,Industry Ventures official site,official_site,primary,public web,Curated round 8 by claude session 2026-05-28.,2026-05-28
https://www.rockco.com/,Rockefeller Capital Management official site,official_site,primary,public web,Curated round 8 by claude session 2026-05-28.,2026-05-28
https://www.bessemertrust.com/,Bessemer Trust official site,official_site,primary,public web,Curated round 8 by claude session 2026-05-28.,2026-05-28
https://cascadeinvestment.com/,BMGI (Cascade Investment) official site,official_site,primary,public web,Curated round 8 by claude session 2026-05-28.,2026-05-28
https://www.iconiqcapital.com/,Iconiq Capital official site,official_site,primary,public web,Curated round 8 by claude session 2026-05-28.,2026-05-28
https://www.tudor.com/,Tudor Investment Corp official site,official_site,primary,public web,Curated round 8 by claude session 2026-05-28.,2026-05-28
https://www.soros.com/,Soros Fund Management official site,official_site,primary,public web,Curated round 8 by claude session 2026-05-28.,2026-05-28
https://www.mto.com/,Munger Tolles & Olson Trust official site,official_site,primary,public web,Curated round 8 by claude session 2026-05-28.,2026-05-28
https://www.vulcan.com/,Vulcan Inc official site,official_site,primary,public web,Curated round 8 by claude session 2026-05-28.,2026-05-28
https://www.fordfoundation.org/,Ford Foundation official site,official_site,primary,public web,Curated round 8 by claude session 2026-05-28.,2026-05-28
https://kresge.org/,Kresge Foundation official site,official_site,primary,public web,Curated round 8 by claude session 2026-05-28.,2026-05-28
https://www.heron.org/,Heron Foundation official site,official_site,primary,public web,Curated round 8 by claude session 2026-05-28.,2026-05-28
https://surdna.org/,Surdna Foundation official site,official_site,primary,public web,Curated round 8 by claude session 2026-05-28.,2026-05-28
https://www.bosch.com/,Bosch Group official site,official_site,primary,public web,Curated round 8 by claude session 2026-05-28.,2026-05-28
https://www.zf.com/,ZF Friedrichshafen official site,official_site,primary,public web,Curated round 8 by claude session 2026-05-28.,2026-05-28
https://www.hilti.com/,Hilti Group official site,official_site,primary,public web,Curated round 8 by claude session 2026-05-28.,2026-05-28
https://www.cargill.com/,OMV Petrom Family Office official site,official_site,primary,public web,Curated round 8 by claude session 2026-05-28.,2026-05-28
https://www.mars.com/,Mars Inc official site,official_site,primary,public web,Curated round 8 by claude session 2026-05-28.,2026-05-28
https://www.kochinc.com/,Koch Industries official site,official_site,primary,public web,Curated round 8 by claude session 2026-05-28.,2026-05-28
https://www.perseusgroup.com/,Perseus Operating Group official site,official_site,primary,public web,Curated round 8 by claude session 2026-05-28.,2026-05-28
https://www.aviationcapitalgroup.com/,Aviation Capital Group official site,official_site,primary,public web,Curated round 8 by claude session 2026-05-28.,2026-05-28
https://www.trilogy-international.com/,Trilogy International Partners official site,official_site,primary,public web,Curated round 8 by claude session 2026-05-28.,2026-05-28
https://www.vistaoutdoor.com/,Vista Outdoor official site,official_site,primary,public web,Curated round 8 by claude session 2026-05-28.,2026-05-28
https://www.tuckcarlton.com/,Tuck Carlton Capital official site,official_site,primary,public web,Curated round 8 by claude session 2026-05-28.,2026-05-28
https://www.aquiline.com/,Aquiline Capital Partners official site,official_site,primary,public web,Curated round 8 by claude session 2026-05-28.,2026-05-28
https://www.stg.com/,Symphony Technology Group official site,official_site,primary,public web,Curated round 8 by claude session 2026-05-28.,2026-05-28
https://www.marlinequity.com/,Marlin Equity Partners official site,official_site,primary,public web,Curated round 8 by claude session 2026-05-28.,2026-05-28
https://www.battery.com/,Battery Ventures official site,official_site,primary,public web,Curated round 8 by claude session 2026-05-28.,2026-05-28
https://www.bridgesfundmanagement.com/,Bridges Fund Management official site,official_site,primary,public web,Curated round 8 by claude session 2026-05-28.,2026-05-28
https://leapfroginvest.com/,LeapFrog Investments official site,official_site,primary,public web,Curated round 8 by claude session 2026-05-28.,2026-05-28
https://www.generationim.com/,Generation Investment Management official site,official_site,primary,public web,Curated round 8 by claude session 2026-05-28.,2026-05-28
https://breakthroughenergy.org/,Breakthrough Energy Ventures official site,official_site,primary,public web,Curated round 8 by claude session 2026-05-28.,2026-05-28
https://www.primecoalition.org/,Prime Coalition official site,official_site,primary,public web,Curated round 8 by claude session 2026-05-28.,2026-05-28
https://www.dblpartners.vc/,DBL Partners official site,official_site,primary,public web,Curated round 8 by claude session 2026-05-28.,2026-05-28
https://www.engine.xyz/,Engine Ventures official site,official_site,primary,public web,Curated round 8 by claude session 2026-05-28.,2026-05-28
https://www.khoslaventures.com/,Khosla Ventures official site,official_site,primary,public web,Curated round 8 by claude session 2026-05-28.,2026-05-28
https://www.bootstrap.company/companies,Sponsored by Aha! web discovery source,web_search_result,unknown,public web,Discovered by research-agent web search run run-09aa6fc02262; requires verification.,2026-05-28
https://garden3d.net/,Garden3D official site,official_site,primary,public web,Curated round 9 by claude session 2026-05-28.,2026-05-28
https://strongathletic.com/,Strong Athletic Fund official site,official_site,primary,public web,Curated round 9 by claude session 2026-05-28.,2026-05-28
https://www.stage2.capital/,Stage 2 Capital official site,official_site,primary,public web,Curated round 9 by claude session 2026-05-28.,2026-05-28
https://www.operator.vc/,Operator Collective official site,official_site,primary,public web,Curated round 9 by claude session 2026-05-28.,2026-05-28
https://www.riverside.ventures/,Riverside Ventures official site,official_site,primary,public web,Curated round 9 by claude session 2026-05-28.,2026-05-28
https://calmstorm.vc/,Calm/Storm Ventures official site,official_site,primary,public web,Curated round 9 by claude session 2026-05-28.,2026-05-28
https://foundersfund.com/,Founders Fund Seed official site,official_site,primary,public web,Curated round 9 by claude session 2026-05-28.,2026-05-28
https://www.joinhampton.com/,Hampton Fund official site,official_site,primary,public web,Curated round 9 by claude session 2026-05-28.,2026-05-28
https://www.angellist.com/rolling-funds,AngelList Rolling Funds official site,official_site,primary,public web,Curated round 9 by claude session 2026-05-28.,2026-05-28
https://compound.vc/,Compound VC official site,official_site,primary,public web,Curated round 9 by claude session 2026-05-28.,2026-05-28
https://www.allegiscyber.com/,Allegis Cyber Capital official site,official_site,primary,public web,Curated round 9 by claude session 2026-05-28.,2026-05-28
https://www.ridgevc.com/,Ridge Ventures official site,official_site,primary,public web,Curated round 9 by claude session 2026-05-28.,2026-05-28
https://www.brickmortar.vc/,Brick & Mortar Ventures official site,official_site,primary,public web,Curated round 9 by claude session 2026-05-28.,2026-05-28
https://www.anglo-saxon-capital.com/,Anglo Saxon Capital official site,official_site,primary,public web,Curated round 9 by claude session 2026-05-28.,2026-05-28
https://www.searchinvestmentfund.com/,Search Investment Fund official site,official_site,primary,public web,Curated round 9 by claude session 2026-05-28.,2026-05-28
https://vsc.ventures/,VSC Ventures official site,official_site,primary,public web,Curated round 9 by claude session 2026-05-28.,2026-05-28
https://www.vista-search.com/,Vista Search Partners official site,official_site,primary,public web,Curated round 9 by claude session 2026-05-28.,2026-05-28
https://www.endeavor-capital.com/,Endeavor Capital official site,official_site,primary,public web,Curated round 9 by claude session 2026-05-28.,2026-05-28
https://www.trishcapital.com/,Trish Capital official site,official_site,primary,public web,Curated round 9 by claude session 2026-05-28.,2026-05-28
https://www.apexcapitalgroup.com/,Apex Capital Group official site,official_site,primary,public web,Curated round 9 by claude session 2026-05-28.,2026-05-28
https://marlinheritage.com/,Marlin Heritage Partners official site,official_site,primary,public web,Curated round 9 by claude session 2026-05-28.,2026-05-28
https://www.cypressgroupllc.com/,Cypress Group official site,official_site,primary,public web,Curated round 9 by claude session 2026-05-28.,2026-05-28
https://www.trovecap.com/,Trove Capital official site,official_site,primary,public web,Curated round 9 by claude session 2026-05-28.,2026-05-28
https://www.wkkf.org/,WK Kellogg Foundation official site,official_site,primary,public web,Curated round 9 by claude session 2026-05-28.,2026-05-28
https://www.mcknight.org/,McKnight Foundation official site,official_site,primary,public web,Curated round 9 by claude session 2026-05-28.,2026-05-28
https://hewlett.org/,Hewlett Foundation official site,official_site,primary,public web,Curated round 9 by claude session 2026-05-28.,2026-05-28
https://www.gatescambridge.org/,Gates Cambridge Trust official site,official_site,primary,public web,Curated round 9 by claude session 2026-05-28.,2026-05-28
https://www.pritzkerinnovationfund.org/,Pritzker Innovation Fund official site,official_site,primary,public web,Curated round 9 by claude session 2026-05-28.,2026-05-28
https://skoll.org/,Skoll Foundation official site,official_site,primary,public web,Curated round 9 by claude session 2026-05-28.,2026-05-28
https://sorensonimpactfoundation.org/,Sorenson Impact Foundation official site,official_site,primary,public web,Curated round 9 by claude session 2026-05-28.,2026-05-28
https://www.praxislabs.org/,Praxis Labs official site,official_site,primary,public web,Curated round 9 by claude session 2026-05-28.,2026-05-28
https://talantoncv.com/,Talanton Ventures official site,official_site,primary,public web,Curated round 9 by claude session 2026-05-28.,2026-05-28
https://sovereignscapital.com/,Sovereign's Capital official site,official_site,primary,public web,Curated round 9 by claude session 2026-05-28.,2026-05-28
https://cornerstonecapinc.com/,Cornerstone Capital Group official site,official_site,primary,public web,Curated round 9 by claude session 2026-05-28.,2026-05-28
https://www.truewealthventures.com/,True Wealth Ventures official site,official_site,primary,public web,Curated round 9 by claude session 2026-05-28.,2026-05-28
https://www.astia.org/,Astia official site,official_site,primary,public web,Curated round 9 by claude session 2026-05-28.,2026-05-28
https://www.bbgventures.com/,BBG Ventures official site,official_site,primary,public web,Curated round 9 by claude session 2026-05-28.,2026-05-28
https://halogenvc.com/,Halogen Ventures official site,official_site,primary,public web,Curated round 9 by claude session 2026-05-28.,2026-05-28
https://www.trapezegroup.com/,Trapeze Group official site,official_site,primary,public web,Curated round 9 by claude session 2026-05-28.,2026-05-28
https://www.tritech.com/,Tritech Software Systems official site,official_site,primary,public web,Curated round 9 by claude session 2026-05-28.,2026-05-28
https://www.halma.com/,Halma plc official site,official_site,primary,public web,Curated round 9 by claude session 2026-05-28.,2026-05-28
https://www.diplomaplc.com/,Diploma plc official site,official_site,primary,public web,Curated round 9 by claude session 2026-05-28.,2026-05-28
https://www.ropertech.com/,Roper Technologies official site,official_site,primary,public web,Curated round 9 by claude session 2026-05-28.,2026-05-28
https://www.markel.com/markel-ventures/,Markel Ventures official site,official_site,primary,public web,Curated round 9 by claude session 2026-05-28.,2026-05-28
https://www.berkshirehathaway.com/,Berkshire Hathaway official site,official_site,primary,public web,Curated round 9 by claude session 2026-05-28.,2026-05-28
https://www.loews.com/,Loews Corporation official site,official_site,primary,public web,Curated round 9 by claude session 2026-05-28.,2026-05-28
https://www.libertymedia.com/,Liberty Media official site,official_site,primary,public web,Curated round 9 by claude session 2026-05-28.,2026-05-28
https://www.transindustries.com/,Trans-Industries official site,official_site,primary,public web,Curated round 9 by claude session 2026-05-28.,2026-05-28
https://www.calpers.ca.gov/,CalPERS official site,official_site,primary,public web,Curated round 9 by claude session 2026-05-28.,2026-05-28
https://www.calstrs.com/,CalSTRS official site,official_site,primary,public web,Curated round 9 by claude session 2026-05-28.,2026-05-28
https://www.ap6.se/en/,AP Funds (Sweden) official site,official_site,primary,public web,Curated round 9 by claude session 2026-05-28.,2026-05-28
https://www.cdpq.com/,Caisse de dépôt et placement du Québec official site,official_site,primary,public web,Curated round 9 by claude session 2026-05-28.,2026-05-28
https://www.nbim.no/,Norges Bank Investment Management official site,official_site,primary,public web,Curated round 9 by claude session 2026-05-28.,2026-05-28
https://www.futurefund.gov.au/,Future Fund Australia official site,official_site,primary,public web,Curated round 9 by claude session 2026-05-28.,2026-05-28
https://www.cif.org/,Climate Investment Fund official site,official_site,primary,public web,Curated round 9 by claude session 2026-05-28.,2026-05-28
https://www.greenclimate.fund/,Green Climate Fund official site,official_site,primary,public web,Curated round 9 by claude session 2026-05-28.,2026-05-28
https://www.climatebonds.net/,Climate Bonds Initiative official site,official_site,primary,public web,Curated round 9 by claude session 2026-05-28.,2026-05-28
https://www.capricornllc.com/,Capricorn Investment Group official site,official_site,primary,public web,Curated round 9 by claude session 2026-05-28.,2026-05-28
https://www.holdcocapital.com/,Hold Co Capital official site,official_site,primary,public web,Curated round 10 by claude session 2026-05-28.,2026-05-28
https://www.compoundinglabs.com/,Compounding Labs official site,official_site,primary,public web,Curated round 10 by claude session 2026-05-28.,2026-05-28
https://honeyfund.com/,Honeyfund official site,official_site,primary,public web,Curated round 10 by claude session 2026-05-28.,2026-05-28
https://www.trilogy.com/,Trilogy Software official site,official_site,primary,public web,Curated round 10 by claude session 2026-05-28.,2026-05-28
https://www.bezosexpeditions.com/,Bezos Expeditions official site,official_site,primary,public web,Curated round 10 by claude session 2026-05-28.,2026-05-28
https://www.emersoncollective.com/,Emerson Collective official site,official_site,primary,public web,Curated round 10 by claude session 2026-05-28.,2026-05-28
https://www.pivotalventures.org/,Pivotal Ventures official site,official_site,primary,public web,Curated round 10 by claude session 2026-05-28.,2026-05-28
https://helionholdings.com/,Helion Holdings official site,official_site,primary,public web,Curated round 10 by claude session 2026-05-28.,2026-05-28
https://cedarhill.partners/,Cedar Hill official site,official_site,primary,public web,Curated round 10 by claude session 2026-05-28.,2026-05-28
https://www.mosswoodcapital.com/,Mosswood Capital official site,official_site,primary,public web,Curated round 10 by claude session 2026-05-28.,2026-05-28
https://www.bigwoodcapital.com/,Bigwood Capital official site,official_site,primary,public web,Curated round 10 by claude session 2026-05-28.,2026-05-28
https://akoyacapital.com/,Akoya Capital Partners official site,official_site,primary,public web,Curated round 10 by claude session 2026-05-28.,2026-05-28
https://www.trajectorycap.com/,Trajectory Capital official site,official_site,primary,public web,Curated round 10 by claude session 2026-05-28.,2026-05-28
https://northparkgroup.com/,North Park Group official site,official_site,primary,public web,Curated round 10 by claude session 2026-05-28.,2026-05-28
https://revtekcapital.com/,RevTek Capital official site,official_site,primary,public web,Curated round 10 by claude session 2026-05-28.,2026-05-28
https://www.feenixvp.com/,FeenixVP official site,official_site,primary,public web,Curated round 10 by claude session 2026-05-28.,2026-05-28
https://www.forecastcapital.com/,Forecast Capital official site,official_site,primary,public web,Curated round 10 by claude session 2026-05-28.,2026-05-28
https://pageone.vc/,Page One Ventures official site,official_site,primary,public web,Curated round 10 by claude session 2026-05-28.,2026-05-28
https://www.quiet.com/,Quiet Capital official site,official_site,primary,public web,Curated round 10 by claude session 2026-05-28.,2026-05-28
https://formcap.com/,Form Capital official site,official_site,primary,public web,Curated round 10 by claude session 2026-05-28.,2026-05-28
https://anchor.vc/,Anchor Capital official site,official_site,primary,public web,Curated round 10 by claude session 2026-05-28.,2026-05-28
https://m13.co/,M13 official site,official_site,primary,public web,Curated round 10 by claude session 2026-05-28.,2026-05-28
https://www.fjlabs.com/,FJ Labs official site,official_site,primary,public web,Curated round 10 by claude session 2026-05-28.,2026-05-28
https://bedrock.com/,Bedrock Capital official site,official_site,primary,public web,Curated round 10 by claude session 2026-05-28.,2026-05-28
https://www.lererhippeau.com/,Lerer Hippeau official site,official_site,primary,public web,Curated round 10 by claude session 2026-05-28.,2026-05-28
https://equitypartner.com/,Equity Partner official site,official_site,primary,public web,Curated round 10 by claude session 2026-05-28.,2026-05-28
https://www.eospartners.com/,EOS Partners official site,official_site,primary,public web,Curated round 10 by claude session 2026-05-28.,2026-05-28
https://www.ardestacap.com/,Ardesta Capital official site,official_site,primary,public web,Curated round 10 by claude session 2026-05-28.,2026-05-28
https://www.plexuscap.com/,Plexus Capital official site,official_site,primary,public web,Curated round 10 by claude session 2026-05-28.,2026-05-28
https://www.genequityco.com/,Generational Equity official site,official_site,primary,public web,Curated round 10 by claude session 2026-05-28.,2026-05-28
https://www.calibratesearchfund.com/,Calibrate Search Fund official site,official_site,primary,public web,Curated round 10 by claude session 2026-05-28.,2026-05-28
https://www.berkshirepartners.com/,Berkshire Partners Acquisitions official site,official_site,primary,public web,Curated round 10 by claude session 2026-05-28.,2026-05-28
https://www.permequity.com/,Permanent Equity Partners official site,official_site,primary,public web,Curated round 10 by claude session 2026-05-28.,2026-05-28
https://spirecap.com/,Spire Capital official site,official_site,primary,public web,Curated round 10 by claude session 2026-05-28.,2026-05-28
https://pelorusgroup.com/,Pelorus Capital Group official site,official_site,primary,public web,Curated round 10 by claude session 2026-05-28.,2026-05-28
https://www.plusequity.com/,Plus Equity Partners official site,official_site,primary,public web,Curated round 10 by claude session 2026-05-28.,2026-05-28
https://www.mendelsoncapital.com/,Mendelson Capital Partners official site,official_site,primary,public web,Curated round 10 by claude session 2026-05-28.,2026-05-28
https://westhavencapital.com/,Westhaven Capital Partners official site,official_site,primary,public web,Curated round 10 by claude session 2026-05-28.,2026-05-28
https://www.caltius.com/,Caltius Equity Partners official site,official_site,primary,public web,Curated round 10 by claude session 2026-05-28.,2026-05-28
https://www.northwood.com/,Northwood Investors official site,official_site,primary,public web,Curated round 10 by claude session 2026-05-28.,2026-05-28
https://niifindia.in/,National Investment & Infrastructure Fund (India) official site,official_site,primary,public web,Curated round 10 by claude session 2026-05-28.,2026-05-28
https://www.uk-futurefund.co.uk/,UK Future Fund official site,official_site,primary,public web,Curated round 10 by claude session 2026-05-28.,2026-05-28
https://www.kdb.co.kr/,Korea Development Bank official site,official_site,primary,public web,Curated round 10 by claude session 2026-05-28.,2026-05-28
https://www.cdp.it/,CDP Equity (Cassa Depositi e Prestiti) official site,official_site,primary,public web,Curated round 10 by claude session 2026-05-28.,2026-05-28
https://www.russell2020association.org/,Russell 20-20 official site,official_site,primary,public web,Curated round 10 by claude session 2026-05-28.,2026-05-28
https://www.toniic.com/,Toniic official site,official_site,primary,public web,Curated round 10 by claude session 2026-05-28.,2026-05-28
https://www.opalkadia.com/,OpalKadia official site,official_site,primary,public web,Curated round11 by claude session.,2026-05-29
https://www.longholdco.com/,Long Holding Company official site,official_site,primary,public web,Curated round11 by claude session.,2026-05-29
https://www.tractioncp.com/,Traction official site,official_site,primary,public web,Curated round11 by claude session.,2026-05-29
https://www.labonecapital.com/,Lab One Capital official site,official_site,primary,public web,Curated round11 by claude session.,2026-05-29
https://www.sagamoremountain.com/,Sagamore Mountain official site,official_site,primary,public web,Curated round11 by claude session.,2026-05-29
https://www.enduring.ventures/,Enduring Ventures official site,official_site,primary,public web,Curated round11 by claude session.,2026-05-29
https://stonehelmgroup.com/,StoneHelm Group official site,official_site,primary,public web,Curated round11 by claude session.,2026-05-29
https://www.sigpartners.com/,SIG Partners official site,official_site,primary,public web,Curated round11 by claude session.,2026-05-29
https://www.stoiclane.com/,StoicLane official site,official_site,primary,public web,Curated round11 by claude session.,2026-05-29
https://evermore.industries/,Evermore Industries official site,official_site,primary,public web,Curated round11 by claude session.,2026-05-29
https://www.saturnfive.com/,Saturn Five official site,official_site,primary,public web,Curated round11 by claude session.,2026-05-29
https://www.startupbooted.com/companies-succeeded-bootstrapping,Startup Booted web discovery source,web_search_result,unknown,public web,Discovered by research-agent web search run run-029a43f8f6fb; requires verification.,2026-05-29
https://channelcapital.io/evergreen-private-credit,The Rise of Evergreen Fund Structures for Private Credit web discovery source,web_search_result,unknown,public web,Discovered by research-agent web search run run-628ab3835494; requires verification.,2026-05-29
https://www.searchfundaccelerator.com/model,Why SFA? web discovery source,web_search_result,unknown,public web,Discovered by research-agent web search run run-628ab3835494; requires verification.,2026-05-29
https://www.searchfundaccelerator.com/the-sfa-advantage,The SFA Advantage web discovery source,web_search_result,unknown,public web,Discovered by research-agent web search run run-628ab3835494; requires verification.,2026-05-29
https://impro.ventures/,Impro Ventures official site,official_site,primary,public web,Added 2026-05-29 via Ethan referral.,2026-05-29
https://www.startupignition.com/,Startup Ignition official site,official_site,primary,public web,Added 2026-05-29 via Ethan referral.,2026-05-29
https://www.vestasoftwaregroup.com/,Vesta Software Group official site,official_site,primary,public web,Curated round12 by claude session.,2026-05-29
https://gardencityequity.com/,Garden City Equity official site,official_site,primary,public web,Curated round12 by claude session.,2026-05-29
https://tractioncp.com/,Traction Capital official site,official_site,primary,public web,Curated round12 by claude session.,2026-05-29
https://calmcapital.com/,Calm Capital official site,official_site,primary,public web,Curated round12 by claude session.,2026-05-29
https://www.common-trust.com/,Common Trust official site,official_site,primary,public web,Curated round12 by claude session.,2026-05-29
https://eotadvisors.com/,EOT Advisors official site,official_site,primary,public web,Curated round12 by claude session.,2026-05-29
https://www.mosaic-cp.com/,Mosaic Capital Partners official site,official_site,primary,public web,Curated round12 by claude session.,2026-05-29
https://www.apisheritage.com/,Apis & Heritage Capital Partners official site,official_site,primary,public web,Curated round12 by claude session.,2026-05-29
https://www.obran.coop/,Obran Cooperative official site,official_site,primary,public web,Curated round12 by claude session.,2026-05-29
https://www.purpose-us.com/,Purpose (Purpose Foundation / Purpose US) official site,official_site,primary,public web,Curated round12 by claude session.,2026-05-29
https://www.purposeowned.com/,Purpose Owned official site,official_site,primary,public web,Curated round12 by claude session.,2026-05-29
https://project-equity.org/,Project Equity official site,official_site,primary,public web,Curated round12 by claude session.,2026-05-29
https://www.cranemere.com,Cranemere official site,official_site,primary,public web,Curated round12 by claude session.,2026-05-29
https://www.evergreensg.com,Evergreen Services Group official site,official_site,primary,public web,Curated round12 by claude session.,2026-05-29
http://patonapartners.com,Patona Partners official site,official_site,primary,public web,Curated round12 by claude session.,2026-05-29
https://hobanfamilyoffice.com,Hoban Family Office official site,official_site,primary,public web,Curated round12 by claude session.,2026-05-29
https://www.appcapholdings.com,Appalachian Capital official site,official_site,primary,public web,Curated round12 by claude session.,2026-05-29
https://legacyholdings.us,Legacy Holdings official site,official_site,primary,public web,Curated round12 by claude session.,2026-05-29
https://www.ochocapital.com,Ocho Capital official site,official_site,primary,public web,Curated round12 by claude session.,2026-05-29
https://www.onrampfunds.com,Onramp Funds official site,official_site,primary,public web,Curated round12 by claude session.,2026-05-29
https://www.hahnbeck.com,Hahnbeck official site,official_site,primary,public web,Curated round12 by claude session.,2026-05-29
https://www.ecaplabs.com,Efficient Capital Labs official site,official_site,primary,public web,Curated round12 by claude session.,2026-05-29
https://www.crestmontcapital.com,Crestmont Capital official site,official_site,primary,public web,Curated round12 by claude session.,2026-05-29
https://recurring.capital/,Recurring Capital Partners official site,official_site,primary,public web,Curated round12 by claude session.,2026-05-29
https://vistaragrowth.com/,Vistara Growth official site,official_site,primary,public web,Curated round12 by claude session.,2026-05-29
https://www.bowrivercapital.com/software-growth-equity,Bow River Capital official site,official_site,primary,public web,Curated round12 by claude session.,2026-05-29
https://www.volitioncapital.com/,Volition Capital official site,official_site,primary,public web,Curated round12 by claude session.,2026-05-29
https://www.edisonpartners.com/,Edison Partners official site,official_site,primary,public web,Curated round12 by claude session.,2026-05-29
https://www.spectrumequity.com/,Spectrum Equity official site,official_site,primary,public web,Curated round12 by claude session.,2026-05-29
https://www.strattam.com/,Strattam Capital official site,official_site,primary,public web,Curated round12 by claude session.,2026-05-29
https://aligncp.com/,Align Capital Partners official site,official_site,primary,public web,Curated round12 by claude session.,2026-05-29
https://rarebreed.vc/,RareBreed Ventures official site,official_site,primary,public web,Curated round12 by claude session.,2026-05-29
https://www.ganas.vc/,Ganas Ventures official site,official_site,primary,public web,Curated round12 by claude session.,2026-05-29
https://superangel.vc/,SuperAngel.Fund official site,official_site,primary,public web,Curated round12 by claude session.,2026-05-29
https://www.tet.vc/,Tet Ventures official site,official_site,primary,public web,Curated round12 by claude session.,2026-05-29
https://www.fouracres.vc/,Four Acres Capital official site,official_site,primary,public web,Curated round12 by claude session.,2026-05-29
https://basecase.vc,base case capital official site,official_site,primary,public web,Curated round12 by claude session.,2026-05-29
https://www.robleventures.com/,Roble Ventures official site,official_site,primary,public web,Curated round12 by claude session.,2026-05-29
https://www.remotefirstcapital.com/,Remote First Capital official site,official_site,primary,public web,Curated round12 by claude session.,2026-05-29
https://vibe.vc/,Vibe Capital official site,official_site,primary,public web,Curated round12 by claude session.,2026-05-29
https://www.buckleyventures.com/,Buckley Ventures official site,official_site,primary,public web,Curated round12 by claude session.,2026-05-29
https://chingona.ventures/,Chingona Ventures official site,official_site,primary,public web,Curated round12 by claude session.,2026-05-29
https://www.cleocap.com/,Cleo Capital official site,official_site,primary,public web,Curated round12 by claude session.,2026-05-29
https://michiganfoundersfund.org/pre-accelerator/,Michigan Founders Fund Pre-Accelerator official site,official_site,primary,public web,Curated round12 by claude session.,2026-05-29
https://freedfellowship.com/,The Freed Fellowship official site,official_site,primary,public web,Curated round12 by claude session.,2026-05-29
https://roux.northeastern.edu/entrepreneurship/founder-residency/,Roux Institute Founder Residency official site,official_site,primary,public web,Curated round12 by claude session.,2026-05-29
https://ncidea.org/nc-idea-micro/,NC IDEA MICRO official site,official_site,primary,public web,Curated round12 by claude session.,2026-05-29
https://joinodf.com/,On Deck Founder Fellowship (ODF) official site,official_site,primary,public web,Curated round12 by claude session.,2026-05-29
https://www.edgecity.live/grants-fellowships,Edge City (Inflection Grants) official site,official_site,primary,public web,Curated round12 by claude session.,2026-05-29
https://foundersboost.com/,FoundersBoost official site,official_site,primary,public web,Curated round12 by claude session.,2026-05-29
https://web.startx.com/,StartX official site,official_site,primary,public web,Curated round12 by claude session.,2026-05-29
https://halcyonaccelerator.org/,Halcyon official site,official_site,primary,public web,Curated round12 by claude session.,2026-05-29
https://davincifellowship.com/,Da Vinci Fellowship official site,official_site,primary,public web,Curated round12 by claude session.,2026-05-29
https://www.visiblehands.vc/program-vhnyc,Visible Hands (VHNYC Fellowship) official site,official_site,primary,public web,Curated round12 by claude session.,2026-05-29
https://smash.vc/,Smash Ventures official site,official_site,primary,public web,Curated round12 by claude session.,2026-05-29
https://www.milkstreetventures.com/,Milk Street Ventures official site,official_site,primary,public web,Curated round12 by claude session.,2026-05-29
https://futaleufu-partners.com/,Futaleufu Partners official site,official_site,primary,public web,Curated round12 by claude session.,2026-05-29
https://ttcerpartners.com/,TTCER Partners official site,official_site,primary,public web,Curated round12 by claude session.,2026-05-29
https://www.esteliopartners.com/,Estelio Partners official site,official_site,primary,public web,Curated round12 by claude session.,2026-05-29
https://moonbasecapital.com/,Moonbase Capital official site,official_site,primary,public web,Curated round12 by claude session.,2026-05-29
https://www.newtonequity.com/,Newton Equity Partners official site,official_site,primary,public web,Curated round12 by claude session.,2026-05-29
https://wadcap.com/,WAD Capital official site,official_site,primary,public web,Curated round12 by claude session.,2026-05-29
https://aradacp.com/,Arada Capital Partners official site,official_site,primary,public web,Curated round12 by claude session.,2026-05-29
https://istriacapital.com/,Istria Capital official site,official_site,primary,public web,Curated round12 by claude session.,2026-05-29
https://www.smeventures.com/,SMEVentures official site,official_site,primary,public web,Curated round12 by claude session.,2026-05-29
https://www.gruposantamarta.com/search-funds/,Grupo Santa Marta official site,official_site,primary,public web,Curated round12 by claude session.,2026-05-29
https://spectrainvest.com/en/search-funds-en/,Spectra Investments official site,official_site,primary,public web,Curated round12 by claude session.,2026-05-29
https://www.aij.global/,AIJ Global Holdings official site,official_site,primary,public web,Curated round12 by claude session.,2026-05-29
https://cerralvo.com/,Cerralvo Capital official site,official_site,primary,public web,Curated round12 by claude session.,2026-05-29
https://tembosearch.com/en/search-funds/,Tembo Search Partners official site,official_site,primary,public web,Curated round12 by claude session.,2026-05-29
https://www.legacy-partners.de/en/search-fund,Legacy Search Partners official site,official_site,primary,public web,Curated round12 by claude session.,2026-05-29
https://www.innestopartners.com/,Innesto Partners official site,official_site,primary,public web,Curated round12 by claude session.,2026-05-29
https://www.vitecsoftware.com/en/,Vitec Software Group official site,official_site,primary,public web,Curated round12 by claude session.,2026-05-29
https://www.zero-1.co,Zero 1 official site,official_site,primary,public web,Curated round12 by claude session.,2026-05-29
https://www.creativedock.com,Creative Dock official site,official_site,primary,public web,Curated round12 by claude session.,2026-05-29
https://www.highlinebeta.com,Highline Beta official site,official_site,primary,public web,Curated round12 by claude session.,2026-05-29
https://futuresight.ventures,FutureSight official site,official_site,primary,public web,Curated round12 by claude session.,2026-05-29
https://www.alloypartners.com,Alloy Partners official site,official_site,primary,public web,Curated round12 by claude session.,2026-05-29
https://aegisventures.com,Aegis Ventures official site,official_site,primary,public web,Curated round12 by claude session.,2026-05-29
https://scalable.ventures,Scalable Ventures official site,official_site,primary,public web,Curated round12 by claude session.,2026-05-29
https://marble.studio,Marble official site,official_site,primary,public web,Curated round12 by claude session.,2026-05-29
https://www.fonsis.org/en,FONSIS (Fonds Souverain d'Investissements Stratégiques) official site,official_site,primary,public web,Curated round12 by claude session.,2026-05-29
https://isif.ie/,Ireland Strategic Investment Fund (ISIF) official site,official_site,primary,public web,Curated round12 by claude session.,2026-05-29
https://www.nsia.com.ng/,Nigeria Sovereign Investment Authority (NSIA) official site,official_site,primary,public web,Curated round12 by claude session.,2026-05-29
https://www.pif.ps/en,Palestine Investment Fund (PIF) official site,official_site,primary,public web,Curated round12 by claude session.,2026-05-29
https://www.dbsa.org/,Development Bank of Southern Africa (DBSA) official site,official_site,primary,public web,Curated round12 by claude session.,2026-05-29
https://mic.gov.ph/,Maharlika Investment Corporation (MIC) official site,official_site,primary,public web,Curated round12 by claude session.,2026-05-29
https://www.norfund.no/,Norfund (Norwegian Investment Fund for Developing Countries) official site,official_site,primary,public web,Curated round12 by claude session.,2026-05-29
https://www.fmo.nl/,FMO (Dutch entrepreneurial development bank) official site,official_site,primary,public web,Curated round12 by claude session.,2026-05-29
https://www.cofides.es/en,COFIDES official site,official_site,primary,public web,Curated round12 by claude session.,2026-05-29
https://www.simest.it/en,SIMEST official site,official_site,primary,public web,Curated round12 by claude session.,2026-05-29
https://impactfund.dk/,Impact Fund Denmark (IFU) official site,official_site,primary,public web,Curated round12 by claude session.,2026-05-29
https://www.bankofbotswana.bw/content/pula-fund,Pula Fund (Bank of Botswana) official site,official_site,primary,public web,Curated round12 by claude session.,2026-05-29
https://iconbusinessadvisors.com/esop-exit-strategy,Iconbusinessadvisors web discovery source,web_search_result,unknown,public web,Discovered by research-agent web search run run-e68a036ded1b; requires verification.,2026-05-29
https://auxocapitaladvisors.com/private-equity-hvac-roll-ups,Auxo Capital Advisors web discovery source,web_search_result,unknown,public web,Discovered by research-agent web search run run-e68a036ded1b; requires verification.,2026-05-29
https://www.thesiscapital.com/,Thesis Capital official site,official_site,primary,public web,Curated round13 by claude session.,2026-05-29
https://empowered.ventures/,Empowered Ventures official site,official_site,primary,public web,Curated round13 by claude session.,2026-05-29
https://exacapital.co/,Exa Capital official site,official_site,primary,public web,Curated round13 by claude session.,2026-05-29
https://hassanequity.com/,Hassan Equity official site,official_site,primary,public web,Curated round13 by claude session.,2026-05-29
https://lvoglobal.com/,LVO Industries official site,official_site,primary,public web,Curated round13 by claude session.,2026-05-29
https://www.cpc.llc/,CPC official site,official_site,primary,public web,Curated round13 by claude session.,2026-05-29
https://www.rightlaneindustries.com/,Right Lane Industries official site,official_site,primary,public web,Curated round13 by claude session.,2026-05-29
https://unionsoftwaregroup.com/,Union Software Group official site,official_site,primary,public web,Curated round13 by claude session.,2026-05-29
https://www.toranagroup.com/,Torana Group official site,official_site,primary,public web,Curated round13 by claude session.,2026-05-29
https://seedcommons.org/,Seed Commons official site,official_site,primary,public web,Curated round13 by claude session.,2026-05-29
https://sharedcapital.coop/,Shared Capital Cooperative official site,official_site,primary,public web,Curated round13 by claude session.,2026-05-29
https://www.cooperativefund.org/,Cooperative Fund of the Northeast official site,official_site,primary,public web,Curated round13 by claude session.,2026-05-29
https://coopcincy.org/,Co-op Cincy official site,official_site,primary,public web,Curated round13 by claude session.,2026-05-29
https://leaffund.org/,Local Enterprise Assistance Fund (LEAF) official site,official_site,primary,public web,Curated round13 by claude session.,2026-05-29
https://www.icagroup.org/,The ICA Group official site,official_site,primary,public web,Curated round13 by claude session.,2026-05-29
https://www.ujimaboston.com/,Boston Ujima Project official site,official_site,primary,public web,Curated round13 by claude session.,2026-05-29
https://indus.eu/,INDUS Holding AG official site,official_site,primary,public web,Curated round13 by claude session.,2026-05-29
https://nordstjernan.se/,Nordstjernan official site,official_site,primary,public web,Curated round13 by claude session.,2026-05-29
https://www.serafin-gruppe.de/en/,Serafin Unternehmensgruppe official site,official_site,primary,public web,Curated round13 by claude session.,2026-05-29
https://en.forumgruppe.de/,FORUM Family Office official site,official_site,primary,public web,Curated round13 by claude session.,2026-05-29
https://www.verlinvest.com/,Verlinvest official site,official_site,primary,public web,Curated round13 by claude session.,2026-05-29
https://think2act.be/,Think2Act official site,official_site,primary,public web,Curated round13 by claude session.,2026-05-29
https://www.satoricapital.com/,Satori Capital official site,official_site,primary,public web,Curated round13 by claude session.,2026-05-29
https://www.aeonicpartners.com/,Aeonic Partners official site,official_site,primary,public web,Curated round13 by claude session.,2026-05-29
https://cottonwoodacquisitions.com/,Cottonwood Acquisitions official site,official_site,primary,public web,Curated round13 by claude session.,2026-05-29
https://www.riverboundpartners.com/,Riverbound Partners official site,official_site,primary,public web,Curated round13 by claude session.,2026-05-29
https://redemptivecapital.co/,Redemptive Capital official site,official_site,primary,public web,Curated round13 by claude session.,2026-05-29
https://www.cephaspartners.com/,Cephas Partners official site,official_site,primary,public web,Curated round13 by claude session.,2026-05-29
https://faithdriven.vc/,Faith Driven VC official site,official_site,primary,public web,Curated round13 by claude session.,2026-05-29
https://www.stewardship-partners.com/,Stewardship Partners official site,official_site,primary,public web,Curated round13 by claude session.,2026-05-29
https://greybullstewardship.com/,Greybull Stewardship official site,official_site,primary,public web,Curated round13 by claude session.,2026-05-29
https://www.royalisinvestments.com/,Royalis Investments official site,official_site,primary,public web,Curated round13 by claude session.,2026-05-29
https://www.ravencapitalpartners.com/,Raven Indigenous Capital Partners official site,official_site,primary,public web,Curated round13 by claude session.,2026-05-29
https://gosteward.com/,Steward official site,official_site,primary,public web,Curated round13 by claude session.,2026-05-29
https://iroquoisvalley.com/,Iroquois Valley Farmland REIT official site,official_site,primary,public web,Curated round13 by claude session.,2026-05-29
https://cohogrowth.com/,Coho Growth Capital official site,official_site,primary,public web,Curated round13 by claude session.,2026-05-29
https://humcapital.com/,Hum Capital official site,official_site,primary,public web,Curated round13 by claude session.,2026-05-29
https://goviceversa.com/,Viceversa official site,official_site,primary,public web,Curated round13 by claude session.,2026-05-29
https://avonriverventures.com/,Avon River Ventures official site,official_site,primary,public web,Curated round13 by claude session.,2026-05-29
https://fundsquire.co.uk/,Fundsquire official site,official_site,primary,public web,Curated round13 by claude session.,2026-05-29
https://www.pfgrowth.com/,Partners for Growth official site,official_site,primary,public web,Curated round13 by claude session.,2026-05-29
https://www.multipliercapital.com/,Multiplier Capital official site,official_site,primary,public web,Curated round13 by claude session.,2026-05-29
https://www.invictusgrowth.com/,Invictus Growth Partners official site,official_site,primary,public web,Curated round13 by claude session.,2026-05-29
https://www.guidepostgrowth.com/,Guidepost Growth Equity official site,official_site,primary,public web,Curated round13 by claude session.,2026-05-29
https://workhorsegrowth.com/,Workhorse Capital official site,official_site,primary,public web,Curated round13 by claude session.,2026-05-29
https://definecapital.ca/,Define Capital official site,official_site,primary,public web,Curated round13 by claude session.,2026-05-29
https://www.penn-tech.com/,PennTech Holdings official site,official_site,primary,public web,Curated round13 by claude session.,2026-05-29
https://www.bigbandsoftware.com/,Big Band Software official site,official_site,primary,public web,Curated round13 by claude session.,2026-05-29
https://www.recursoftware.com/,Recur Software official site,official_site,primary,public web,Curated round13 by claude session.,2026-05-29
https://beaconsoftware.com/,Beacon Software official site,official_site,primary,public web,Curated round13 by claude session.,2026-05-29
https://www.llrpartners.com/,LLR Partners official site,official_site,primary,public web,Curated round13 by claude session.,2026-05-29
https://www.newharborcap.com/,New Harbor Capital official site,official_site,primary,public web,Curated round13 by claude session.,2026-05-29
https://basecase.vc/,Basecase official site,official_site,primary,public web,Curated round13 by claude session.,2026-05-29
https://maplevc.com/,Maple VC official site,official_site,primary,public web,Curated round13 by claude session.,2026-05-29
https://www.openseed.vc/,OpenseedVC official site,official_site,primary,public web,Curated round13 by claude session.,2026-05-29
https://cake.vc/,Cake Ventures official site,official_site,primary,public web,Curated round13 by claude session.,2026-05-29
https://activate.org,Activate official site,official_site,primary,public web,Curated round13 by claude session.,2026-05-29
https://www.awesomefoundation.org,The Awesome Foundation official site,official_site,primary,public web,Curated round13 by claude session.,2026-05-29
https://www.camelbackventures.org,Camelback Ventures official site,official_site,primary,public web,Curated round13 by claude session.,2026-05-29
https://echoinggreen.org,Echoing Green official site,official_site,primary,public web,Curated round13 by claude session.,2026-05-29
https://blackambitionprize.com,Black Ambition official site,official_site,primary,public web,Curated round13 by claude session.,2026-05-29
https://www.toryburchfoundation.org,Tory Burch Foundation official site,official_site,primary,public web,Curated round13 by claude session.,2026-05-29
https://www.gener8tor.com/gbeta,gBETA official site,official_site,primary,public web,Curated round13 by claude session.,2026-05-29
https://www.malaika.space,Malaika Builders' Residency official site,official_site,primary,public web,Curated round13 by claude session.,2026-05-29
https://archgrants.org,Arch Grants official site,official_site,primary,public web,Curated round13 by claude session.,2026-05-29
https://www.newlab.com,Newlab Founder Fellowship official site,official_site,primary,public web,Curated round13 by claude session.,2026-05-29
https://www.cambriagroup.com/,The Cambria Group official site,official_site,primary,public web,Curated round13 by claude session.,2026-05-29
https://www.nashton.com/,The Nashton Company official site,official_site,primary,public web,Curated round13 by claude session.,2026-05-29
https://www.northspringpartners.com/,Northspring Partners official site,official_site,primary,public web,Curated round13 by claude session.,2026-05-29
https://www.m2oinc.com/,M2O official site,official_site,primary,public web,Curated round13 by claude session.,2026-05-29
https://www.searchfundventures.co/,Search Fund Ventures official site,official_site,primary,public web,Curated round13 by claude session.,2026-05-29
https://www.americanoperator.com/,American Operator official site,official_site,primary,public web,Curated round13 by claude session.,2026-05-29
https://fieldstonecos.com/,Fieldstone Management official site,official_site,primary,public web,Curated round13 by claude session.,2026-05-29
https://hanoverpartners.com/,Hanover Partners official site,official_site,primary,public web,Curated round13 by claude session.,2026-05-29
https://www.claviscp.com/,Clavis Capital Partners official site,official_site,primary,public web,Curated round13 by claude session.,2026-05-29
https://foundationpartners.net/,Foundation Investment Partners official site,official_site,primary,public web,Curated round13 by claude session.,2026-05-29
https://bluejay-capital.com/,Bluejay Capital official site,official_site,primary,public web,Curated round13 by claude session.,2026-05-29
https://pearlstreetholdingsllc.net/,Pearl Street Holdings official site,official_site,primary,public web,Curated round13 by claude session.,2026-05-29
https://aligncollaborate.com/,Align Collaborate official site,official_site,primary,public web,Curated round13 by claude session.,2026-05-29
https://encoreone.com/,Encore One official site,official_site,primary,public web,Curated round13 by claude session.,2026-05-29
https://www.gradybaycapital.com/,Grady Bay Capital official site,official_site,primary,public web,Curated round13 by claude session.,2026-05-29
https://www.theaverongroup.com/,Averon Group official site,official_site,primary,public web,Curated round13 by claude session.,2026-05-29
https://www.japan-relay-partners.com/,Japan Relay Partners official site,official_site,primary,public web,Curated round13 by claude session.,2026-05-29
https://www.cicero-capital.in/,Cicero Capital official site,official_site,primary,public web,Curated round13 by claude session.,2026-05-29
https://www.wayfindercapital.com.au/,WayFinder Capital official site,official_site,primary,public web,Curated round13 by claude session.,2026-05-29
https://sagecapfund.com/,Sage Capital Partners official site,official_site,primary,public web,Curated round13 by claude session.,2026-05-29
https://novastone-ca.com/,Novastone Capital Advisors official site,official_site,primary,public web,Curated round13 by claude session.,2026-05-29
https://cornisacapital.com/,Cornisa Capital official site,official_site,primary,public web,Curated round13 by claude session.,2026-05-29
https://www.sartor.mx/,Sartor Capital official site,official_site,primary,public web,Curated round13 by claude session.,2026-05-29
https://searchright.eu/,SearchRight official site,official_site,primary,public web,Curated round13 by claude session.,2026-05-29
https://ownerbridge.eu/,OwnerBridge official site,official_site,primary,public web,Curated round13 by claude session.,2026-05-29
https://www.quadshift.com/,Quadshift official site,official_site,primary,public web,Curated round13 by claude session.,2026-05-29
https://www.pyxissoftware.com/,PYXiS Software Group official site,official_site,primary,public web,Curated round13 by claude session.,2026-05-29
https://cordance.co/,Cordance official site,official_site,primary,public web,Curated round13 by claude session.,2026-05-29
https://www.fullsteam.com/,Fullsteam official site,official_site,primary,public web,Curated round13 by claude session.,2026-05-29
https://www.continuagroup.co/,Continua official site,official_site,primary,public web,Curated round13 by claude session.,2026-05-29
https://www.marathonsoftware.com/,Marathon Software official site,official_site,primary,public web,Curated round13 by claude session.,2026-05-29
https://www.leosoftwaregroup.com/,Leo Software Group official site,official_site,primary,public web,Curated round13 by claude session.,2026-05-29
https://alexcapital.co/,Alexandria Capital official site,official_site,primary,public web,Curated round13 by claude session.,2026-05-29
https://www.xo.capital/,XO Capital official site,official_site,primary,public web,Curated round13 by claude session.,2026-05-29
https://www.mosaicsoftwaregroup.com/,Mosaic Software Group official site,official_site,primary,public web,Curated round13 by claude session.,2026-05-29
https://www.alleywaycapital.com/,Alleyway Capital official site,official_site,primary,public web,Curated round13 by claude session.,2026-05-29
https://www.rdbrck.com/,Redbrick official site,official_site,primary,public web,Curated round13 by claude session.,2026-05-29
https://redwoodservices.com/,Redwood Services official site,official_site,primary,public web,Curated round13 by claude session.,2026-05-29
https://apexservicepartners.com/,Apex Service Partners official site,official_site,primary,public web,Curated round13 by claude session.,2026-05-29
https://www.wrenchgroup.com/,Wrench Group official site,official_site,primary,public web,Curated round13 by claude session.,2026-05-29
https://lakefieldvet.com/,Lakefield Veterinary Group official site,official_site,primary,public web,Curated round13 by claude session.,2026-05-29
https://www.bay-grove.com/,Bay Grove official site,official_site,primary,public web,Curated round13 by claude session.,2026-05-29
https://www.fnxholdco.com/,Fenix Holdco official site,official_site,primary,public web,Curated round13 by claude session.,2026-05-29
https://noverra.com/,Noverra Group of Companies official site,official_site,primary,public web,Curated round13 by claude session.,2026-05-29
https://alleycorp.com/,AlleyCorp official site,official_site,primary,public web,Curated round13 by claude session.,2026-05-29
https://www.redesignhealth.com/,Redesign Health official site,official_site,primary,public web,Curated round13 by claude session.,2026-05-29
https://blenheimchalcot.com/,Blenheim Chalcot official site,official_site,primary,public web,Curated round13 by claude session.,2026-05-29
https://rainmaking.io/,Rainmaking official site,official_site,primary,public web,Curated round13 by claude session.,2026-05-29
https://diagram.vc/,Diagram official site,official_site,primary,public web,Curated round13 by claude session.,2026-05-29
https://www.stryber.com/,Stryber official site,official_site,primary,public web,Curated round13 by claude session.,2026-05-29
https://www.workshop.dev/,Workshop Ventures official site,official_site,primary,public web,Curated round13 by claude session.,2026-05-29
https://www.polymathv.com/,Polymath Ventures official site,official_site,primary,public web,Curated round13 by claude session.,2026-05-29
https://www.hashedhealth.com/,Hashed Health official site,official_site,primary,public web,Curated round13 by claude session.,2026-05-29
https://www.kametventures.com/,Kamet Ventures official site,official_site,primary,public web,Curated round13 by claude session.,2026-05-29
https://investinor.no/,Investinor official site,official_site,primary,public web,Curated round13 by claude session.,2026-05-29
https://www.mumtalakat.bh/,Bahrain Mumtalakat Holding Company official site,official_site,primary,public web,Curated round13 by claude session.,2026-05-29
https://www.eifo.dk/,Export and Investment Fund of Denmark (EIFO) official site,official_site,primary,public web,Curated round13 by claude session.,2026-05-29
https://www.proparco.fr/,Proparco official site,official_site,primary,public web,Curated round13 by claude session.,2026-05-29
https://www.finnfund.fi/,Finnfund official site,official_site,primary,public web,Curated round13 by claude session.,2026-05-29
https://www.swedfund.se/,Swedfund official site,official_site,primary,public web,Curated round13 by claude session.,2026-05-29
https://www.almi.se/,Almi Invest official site,official_site,primary,public web,Curated round13 by claude session.,2026-05-29
https://www.ithmar.gov.ma/,Ithmar Capital official site,official_site,primary,public web,Curated round13 by claude session.,2026-05-29
https://baiterek.gov.kz/,Baiterek National Managing Holding official site,official_site,primary,public web,Curated round13 by claude session.,2026-05-29
https://climatefundmanagers.com/,Climate Fund Managers official site,official_site,primary,public web,Curated round13 by claude session.,2026-05-29
https://www.convergence.finance/,Convergence official site,official_site,primary,public web,Curated round13 by claude session.,2026-05-29
https://www.ccfacility.org/,Catalytic Climate Finance Facility (CC Facility) official site,official_site,primary,public web,Curated round13 by claude session.,2026-05-29
https://pentagreen.com/,Pentagreen Capital official site,official_site,primary,public web,Curated round13 by claude session.,2026-05-29
https://www.lightsmithgp.com/,The Lightsmith Group official site,official_site,primary,public web,Curated round13 by claude session.,2026-05-29
https://aceliafrica.org/,Aceli Africa official site,official_site,primary,public web,Curated round13 by claude session.,2026-05-29
https://bluelikeanorangecapital.com/,Blue like an Orange Sustainable Capital official site,official_site,primary,public web,Curated round13 by claude session.,2026-05-29
https://symbioticsgroup.com/,Symbiotics official site,official_site,primary,public web,Curated round13 by claude session.,2026-05-29
https://waterequity.org/,WaterEquity official site,official_site,primary,public web,Curated round13 by claude session.,2026-05-29
https://www.incofin.com/,Incofin Investment Management official site,official_site,primary,public web,Curated round13 by claude session.,2026-05-29
https://www.responsability.com/,responsAbility Investments official site,official_site,primary,public web,Curated round13 by claude session.,2026-05-29
https://www.mitimco.org/,MIT Investment Management Company (MITIMCo) official site,official_site,primary,public web,Curated round13 by claude session.,2026-05-29
https://www.utimco.org/,The University of Texas/Texas A&M Investment Management Company (UTIMCO) official site,official_site,primary,public web,Curated round13 by claude session.,2026-05-29
https://www.investpsp.com/en/,PSP Investments official site,official_site,primary,public web,Curated round13 by claude session.,2026-05-29
https://www.aimco.ca/,Alberta Investment Management Corporation (AIMCo) official site,official_site,primary,public web,Curated round13 by claude session.,2026-05-29
https://www.bci.ca/,British Columbia Investment Management Corporation (BCI) official site,official_site,primary,public web,Curated round13 by claude session.,2026-05-29
https://www.apfc.org/,Alaska Permanent Fund Corporation official site,official_site,primary,public web,Curated round13 by claude session.,2026-05-29
https://nzsuperfund.nz/,Guardians of New Zealand Superannuation (NZ Super Fund) official site,official_site,primary,public web,Curated round13 by claude session.,2026-05-29
https://www.dumac.duke.edu/,Duke University Management Company (DUMAC) official site,official_site,primary,public web,Curated round13 by claude session.,2026-05-29
https://smc.stanford.edu/,Stanford Management Company official site,official_site,primary,public web,Curated round13 by claude session.,2026-05-29
https://hoopp.com/,Healthcare of Ontario Pension Plan (HOOPP) official site,official_site,primary,public web,Curated round13 by claude session.,2026-05-29
https://www.imcoinvest.com/,Investment Management Corporation of Ontario (IMCO) official site,official_site,primary,public web,Curated round13 by claude session.,2026-05-29
https://www.hmc.harvard.edu/,Harvard Management Company official site,official_site,primary,public web,Curated round13 by claude session.,2026-05-29
https://www.optrust.com/,OPTrust official site,official_site,primary,public web,Curated round13 by claude session.,2026-05-29
https://www.swib.state.wi.us/,State of Wisconsin Investment Board (SWIB) official site,official_site,primary,public web,Curated round13 by claude session.,2026-05-29
https://www.sib.wa.gov/,Washington State Investment Board (WSIB) official site,official_site,primary,public web,Curated round13 by claude session.,2026-05-29
https://jonassoftware.com/being-acquired,Being Acquired web discovery source,web_search_result,unknown,public web,Discovered by research-agent web search run run-042e73d1d978; requires verification.,2026-05-29
https://exit4smb.com,Exit4Smb web discovery source,web_search_result,unknown,public web,Discovered by research-agent web search run run-042e73d1d978; requires verification.,2026-05-29
https://www.vestasoftwaregroup.com,"Vesta Software Group, We Acquire, Invest & Grow. Forever! web discovery source",web_search_result,unknown,public web,Discovered by research-agent web search run run-042e73d1d978; requires verification.,2026-05-29
https://www.purpose-us.com,Purpose web discovery source,web_search_result,unknown,public web,Discovered by research-agent web search run run-9d32ee6ac08c; requires verification.,2026-05-29
https://linnovatepartners.com/evergreen-funds-hold-forever,Evergreen Funds web discovery source,web_search_result,unknown,public web,Discovered by research-agent web search run run-e01964f4b36f; requires verification.,2026-05-29
https://blog.acquire.com,Startup Resources from the Acquire.com Blog web discovery source,web_search_result,unknown,public web,Discovered by research-agent web search run run-71039f84a8b8; requires verification.,2026-05-29
https://bracciacapital.com,Braccia Capital web discovery source,web_search_result,unknown,public web,Discovered by research-agent web search run run-6fa32fbb666d; requires verification.,2026-05-29
https://www.rockco.com,Rockco web discovery source,web_search_result,unknown,public web,Discovered by research-agent web search run run-020d9843783e; requires verification.,2026-05-29
https://searchfunder.com,SEARCHFUNDER web discovery source,web_search_result,unknown,public web,Discovered by research-agent web search run run-b9001551bc6f; requires verification.,2026-05-29
https://alpshk.com,ALPS Capital web discovery source,web_search_result,unknown,public web,Discovered by research-agent web search run run-4039339572a3; requires verification.,2026-05-29
https://alientt.com/anatomy-of-a-venture-studio,Anatomy of a Venture Studio web discovery source,web_search_result,unknown,public web,Discovered by research-agent web search run run-845837bccba1; requires verification.,2026-05-29
https://deepscienceventures.com/,Deep Science Ventures official site,official_site,primary,public web,Curated round14 by claude session.,2026-05-29
https://azollaventures.com/,Azolla Ventures official site,official_site,primary,public web,Curated round14 by claude session.,2026-05-29
https://tsffoundation.org/,Schmidt Family Foundation official site,official_site,primary,public web,Curated round14 by claude session.,2026-05-29
https://elementalimpact.org/,Elemental Impact official site,official_site,primary,public web,Curated round14 by claude session.,2026-05-29
https://enduringplanet.com/,Enduring Planet official site,official_site,primary,public web,Curated round14 by claude session.,2026-05-29
https://laincubator.org/,LACI (Los Angeles Cleantech Incubator) official site,official_site,primary,public web,Curated round14 by claude session.,2026-05-29
https://www.netafoundation.org/,NETA Foundation official site,official_site,primary,public web,Curated round14 by claude session.,2026-05-29
https://stellation.vc,Stellation Capital official site,official_site,primary,public web,Curated round15 by claude session.,2026-05-29
https://nolabel.ventures,No Label Ventures official site,official_site,primary,public web,Curated round15 by claude session.,2026-05-29
https://www.nomadcap.vc,Nomad Capital official site,official_site,primary,public web,Curated round15 by claude session.,2026-05-29
https://refactor.com,Refactor Capital official site,official_site,primary,public web,Curated round15 by claude session.,2026-05-29
https://thenordicweb.com,The Nordic Web Ventures official site,official_site,primary,public web,Curated round15 by claude session.,2026-05-29
https://www.searchfundoz.com.au/,Search Fund Oz official site,official_site,primary,public web,Curated round16 by claude session.,2026-05-29
https://www.vonzeocapital.com/,Vonzeo Capital official site,official_site,primary,public web,Curated round16 by claude session.,2026-05-29
https://www.searchfund.co.jp/,Search Fund Japan official site,official_site,primary,public web,Curated round16 by claude session.,2026-05-29
https://infinitas-partners.com/,Infinitas Partners official site,official_site,primary,public web,Curated round16 by claude session.,2026-05-29
https://www.alzacp.com/,ALZA Capital official site,official_site,primary,public web,Curated round16 by claude session.,2026-05-29
https://www.onetoonefunds.com/search-funds/,ONEtoONE Asset Management official site,official_site,primary,public web,Curated round16 by claude session.,2026-05-29
https://www.mira-blau.com/,Mirablau official site,official_site,primary,public web,Curated round16 by claude session.,2026-05-29
https://www.9tcap.com/,9T Capital official site,official_site,primary,public web,Curated round16 by claude session.,2026-05-29
https://www.searchfund.eu/,Search Fund Pioneers (EU) official site,official_site,primary,public web,Curated round16 by claude session.,2026-05-29
https://teohcapital.com/,Teoh Capital official site,official_site,primary,public web,Curated round17 by claude session.,2026-05-29
https://venturegrowthpartners.com.au/,Venture Growth Partners (Australia) official site,official_site,primary,public web,Curated round17 by claude session.,2026-05-29
https://arborpermanentowners.co/,Arbor Permanent Owners official site,official_site,primary,public web,Curated round17 by claude session.,2026-05-29
https://www.investorab.com/,Investor AB official site,official_site,primary,public web,Curated round17 by claude session.,2026-05-29
https://www.halinvestments.nl/,HAL Investments official site,official_site,primary,public web,Curated round17 by claude session.,2026-05-29
https://korys.be/,Korys official site,official_site,primary,public web,Curated round17 by claude session.,2026-05-29
https://www.sofinagroup.com/,Sofina official site,official_site,primary,public web,Curated round17 by claude session.,2026-05-29
https://www.lundbergforetagen.se/en,L E Lundbergföretagen official site,official_site,primary,public web,Curated round17 by claude session.,2026-05-29
https://www.industrivarden.se/en-gb/,Industrivärden official site,official_site,primary,public web,Curated round17 by claude session.,2026-05-29
https://www.kinnevik.com/,Kinnevik official site,official_site,primary,public web,Curated round17 by claude session.,2026-05-29
https://www.latour.se/en/,Investment AB Latour official site,official_site,primary,public web,Curated round17 by claude session.,2026-05-29
https://www.wendelgroup.com/,Wendel official site,official_site,primary,public web,Curated round17 by claude session.,2026-05-29
https://www.thevertusgroup.com/,The Vertus Group official site,official_site,primary,public web,Curated round18 by claude session.,2026-05-29
https://cometsoftware.eu/,Comet Software official site,official_site,primary,public web,Curated round18 by claude session.,2026-05-29
https://ascendx.cloud/,AscendX official site,official_site,primary,public web,Curated round18 by claude session.,2026-05-29
https://www.satorgrove.com/,Sator Grove official site,official_site,primary,public web,Curated round18 by claude session.,2026-05-29
https://www.tractorventures.com/,Tractor Ventures official site,official_site,primary,public web,Curated round19 by claude session.,2026-05-29
https://choco-up.com/,Choco Up official site,official_site,primary,public web,Curated round19 by claude session.,2026-05-29
https://www.ratiotech.com/,Ratio official site,official_site,primary,public web,Curated round19 by claude session.,2026-05-29
https://www.multipli.com/au,Multipli official site,official_site,primary,public web,Curated round19 by claude session.,2026-05-29
https://www.365finance.co.uk/,365 Finance official site,official_site,primary,public web,Curated round19 by claude session.,2026-05-29
https://www.8fig.co/,8fig official site,official_site,primary,public web,Curated round19 by claude session.,2026-05-29
https://unlimitd.com/en,Unlimitd official site,official_site,primary,public web,Curated round19 by claude session.,2026-05-29
https://www.indifi.com/,Indifi official site,official_site,primary,public web,Curated round19 by claude session.,2026-05-29
https://www.deginvest.de/,DEG - Deutsche Investitions- und Entwicklungsgesellschaft official site,official_site,primary,public web,Curated round20 by claude session.,2026-05-29
https://www.bio-invest.be/,BIO Belgian Investment Company for Developing Countries official site,official_site,primary,public web,Curated round20 by claude session.,2026-05-29
https://www.sifem.ch/,SIFEM Swiss Investment Fund for Emerging Markets official site,official_site,primary,public web,Curated round20 by claude session.,2026-05-29
https://www.oe-eb.at/,OeEB Oesterreichische Entwicklungsbank official site,official_site,primary,public web,Curated round20 by claude session.,2026-05-29
https://www.adia.ae/,Abu Dhabi Investment Authority (ADIA) official site,official_site,primary,public web,Curated round20 by claude session.,2026-05-29
https://www.ebrd.com/,European Bank for Reconstruction and Development (EBRD) official site,official_site,primary,public web,Curated round20 by claude session.,2026-05-29
https://www.adaptation-fund.org/,Adaptation Fund official site,official_site,primary,public web,Curated round20 by claude session.,2026-05-29
https://www.ifc.org/,International Finance Corporation (IFC) official site,official_site,primary,public web,Curated round20 by claude session.,2026-05-29
https://www.aiib.org/,Asian Infrastructure Investment Bank (AIIB) official site,official_site,primary,public web,Curated round20 by claude session.,2026-05-29
https://www.miga.org/,Multilateral Investment Guarantee Agency (MIGA) official site,official_site,primary,public web,Curated round20 by claude session.,2026-05-29
https://www.dfc.gov/,U.S. International Development Finance Corporation (DFC) official site,official_site,primary,public web,Curated round20 by claude session.,2026-05-29
https://www.idbinvest.org/,IDB Invest official site,official_site,primary,public web,Curated round20 by claude session.,2026-05-29
https://www.finance-in-motion.com/,Finance in Motion official site,official_site,primary,public web,Curated round20 by claude session.,2026-05-29
https://www.cdg.ma/,CDG Group (Morocco) official site,official_site,primary,public web,Curated round20 by claude session.,2026-05-29
https://www.dbj.jp/,Development Bank of Japan (DBJ) official site,official_site,primary,public web,Curated round20 by claude session.,2026-05-29
https://www.ndgrowthfund.com/,North Dakota Growth Fund official site,official_site,primary,public web,Curated round20 by claude session.,2026-05-29
https://texaspsf.org/,Texas Permanent School Fund official site,official_site,primary,public web,Curated round20 by claude session.,2026-05-29
https://agriculturecapital.com,Agriculture Capital official site,official_site,primary,public web,Curated wave1 by claude session.,2026-05-30
https://www.farmlandlp.com,Farmland LP official site,official_site,primary,public web,Curated wave1 by claude session.,2026-05-30
https://www.fullerfield.com,Fullerfield Capital official site,official_site,primary,public web,Curated wave1 by claude session.,2026-05-30
https://newforests.com,New Forests official site,official_site,primary,public web,Curated wave1 by claude session.,2026-05-30
https://bluefrontequity.com,Bluefront Equity official site,official_site,primary,public web,Curated wave1 by claude session.,2026-05-30
https://www.dirtpartners.com,Dirt Capital Partners official site,official_site,primary,public web,Curated wave1 by claude session.,2026-05-30
https://climateassetmanagement.com,Climate Asset Management official site,official_site,primary,public web,Curated wave1 by claude session.,2026-05-30
https://www.forestinvest.com,Forest Investment Associates official site,official_site,primary,public web,Curated wave1 by claude session.,2026-05-30
https://madcapital.com,Mad Capital official site,official_site,primary,public web,Curated wave1 by claude session.,2026-05-30
https://www.swen-cp.fr/en/blue-ocean,SWEN Blue Ocean official site,official_site,primary,public web,Curated wave1 by claude session.,2026-05-30
https://www.sfinetherlands.com,Sustainable Forestry Investments B.V. official site,official_site,primary,public web,Curated wave1 by claude session.,2026-05-30
https://www.trailheadcap.com,Trailhead Capital official site,official_site,primary,public web,Curated wave1 by claude session.,2026-05-30
https://www.agroforestrypartners.com,Agroforestry Partners official site,official_site,primary,public web,Curated wave1 by claude session.,2026-05-30
https://agri3.com,AGRI3 Fund official site,official_site,primary,public web,Curated wave1 by claude session.,2026-05-30
https://www.ingka.com/what-we-do/ingka-investments/forestland-investments/,Ingka Investments official site,official_site,primary,public web,Curated wave1 by claude session.,2026-05-30
https://www.monarchinvestmentpartners.com/,Monarch Investment Partners official site,official_site,primary,public web,Curated wave1 by claude session.,2026-05-30
https://liquiduspartners.com/,Liquidus Partners official site,official_site,primary,public web,Curated wave1 by claude session.,2026-05-30
https://ccif.coop/,Canadian Co-operative Investment Fund official site,official_site,primary,public web,Curated wave1 by claude session.,2026-05-30
https://www.capitalforcolleagues.com/,Capital for Colleagues official site,official_site,primary,public web,Curated wave1 by claude session.,2026-05-30
https://www.cfi.it/,CFI - Cooperazione Finanza Impresa official site,official_site,primary,public web,Curated wave1 by claude session.,2026-05-30
https://www.beneficialreturns.com/,Beneficial Returns official site,official_site,primary,public web,Curated wave1 by claude session.,2026-05-30
https://canadianworker.coop/funding/tenacity-works-fund/,Tenacity Works Fund official site,official_site,primary,public web,Curated wave1 by claude session.,2026-05-30
https://www.ncb.coop/,National Cooperative Bank official site,official_site,primary,public web,Curated wave1 by claude session.,2026-05-30
https://rootcapital.org/,Root Capital official site,official_site,primary,public web,Curated wave1 by claude session.,2026-05-30
https://www.shawbrook.co.uk/business/employee-ownership-trusts/,Shawbrook EOT Finance official site,official_site,primary,public web,Curated wave1 by claude session.,2026-05-30
https://investments.yale.edu/,Yale Investments Office official site,official_site,primary,public web,Curated wave1 by claude session.,2026-05-30
https://princo.princeton.edu/,Princeton University Investment Company (PRINCO) official site,official_site,primary,public web,Curated wave1 by claude session.,2026-05-30
https://investment.nd.edu/,Notre Dame Investment Office official site,official_site,primary,public web,Curated wave1 by claude session.,2026-05-30
https://www.investmentoffice.cornell.edu/,Cornell University Office of University Investments official site,official_site,primary,public web,Curated wave1 by claude session.,2026-05-30
https://www.otpp.com/,Ontario Teachers' Pension Plan official site,official_site,primary,public web,Curated wave1 by claude session.,2026-05-30
https://www.uss.co.uk/,USS Investment Management official site,official_site,primary,public web,Curated wave1 by claude session.,2026-05-30
https://assetmanagement.apg.nl/,APG Asset Management official site,official_site,primary,public web,Curated wave1 by claude session.,2026-05-30
https://www.atp.dk/,ATP (Arbejdsmarkedets Tillægspension) official site,official_site,primary,public web,Curated wave1 by claude session.,2026-05-30
https://www.gpif.go.jp/,Government Pension Investment Fund (GPIF) official site,official_site,primary,public web,Curated wave1 by claude session.,2026-05-30
https://www.haniel.de/,Franz Haniel & Cie official site,official_site,primary,public web,Curated wave1 by claude session.,2026-05-30
https://www.italmobiliare.it/,Italmobiliare official site,official_site,primary,public web,Curated wave1 by claude session.,2026-05-30
https://www.werhahn.de/,Wilh. Werhahn KG official site,official_site,primary,public web,Curated wave1 by claude session.,2026-05-30
https://www.gruppodeagostini.it/,De Agostini official site,official_site,primary,public web,Curated wave1 by claude session.,2026-05-30
https://www.avh.be/,Ackermans & van Haaren official site,official_site,primary,public web,Curated wave1 by claude session.,2026-05-30
https://www.bois-sauvage.be/,Compagnie du Bois Sauvage official site,official_site,primary,public web,Curated wave1 by claude session.,2026-05-30
https://www.peugeot-invest.com/,Peugeot Invest official site,official_site,primary,public web,Curated wave1 by claude session.,2026-05-30
https://www.cirgroup.it/,CIR S.p.A. official site,official_site,primary,public web,Curated wave1 by claude session.,2026-05-30
https://www.corporacionalba.es/,Corporación Financiera Alba official site,official_site,primary,public web,Curated wave1 by claude session.,2026-05-30
https://ferd.no/,Ferd AS official site,official_site,primary,public web,Curated wave1 by claude session.,2026-05-30
https://www.gbl.com/,Groupe Bruxelles Lambert official site,official_site,primary,public web,Curated wave1 by claude session.,2026-05-30
https://www.quinenco.cl/,Quiñenco official site,official_site,primary,public web,Curated wave1 by claude session.,2026-05-30
https://www.eng.carso.com.mx/,Grupo Carso official site,official_site,primary,public web,Curated wave1 by claude session.,2026-05-30
https://hasan.vc/,HASAN.VC official site,official_site,primary,public web,Curated wave1 by claude session.,2026-05-30
https://arcapita.com/,Arcapita official site,official_site,primary,public web,Curated wave1 by claude session.,2026-05-30
https://gii.ae/,Gulf Islamic Investments (GII) official site,official_site,primary,public web,Curated wave1 by claude session.,2026-05-30
https://www.his.fund/,His Fund official site,official_site,primary,public web,Curated wave1 by claude session.,2026-05-30
https://www.creationinvestments.com/,Creation Investments Capital Management official site,official_site,primary,public web,Curated wave1 by claude session.,2026-05-30
https://www.kingdomcapital.com/,Kingdom Capital official site,official_site,primary,public web,Curated wave1 by claude session.,2026-05-30
https://www.talantonimpact.com/,Talanton official site,official_site,primary,public web,Curated wave1 by claude session.,2026-05-30
https://www.bridgesisrael.com/,Bridges Israel official site,official_site,primary,public web,Curated wave1 by claude session.,2026-05-30
https://www.adgimpact.com/,Ambassador Development Group official site,official_site,primary,public web,Curated wave1 by claude session.,2026-05-30
https://www.eventideinvestments.com/,Eventide Ventures official site,official_site,primary,public web,Curated wave1 by claude session.,2026-05-30
https://www.vetpracticepartners.com/,Veterinary Practice Partners official site,official_site,primary,public web,Curated wave1 by claude session.,2026-05-30
https://www.vetcor.com/,Vetcor official site,official_site,primary,public web,Curated wave1 by claude session.,2026-05-30
https://rarebreedvet.com/,Rarebreed Veterinary Partners official site,official_site,primary,public web,Curated wave1 by claude session.,2026-05-30
https://encorevet.com/,Encore Vet Group official site,official_site,primary,public web,Curated wave1 by claude session.,2026-05-30
https://www.dermcaremgt.com/,DermCare Management official site,official_site,primary,public web,Curated wave1 by claude session.,2026-05-30
https://www.usdermatologypartners.com/,U.S. Dermatology Partners official site,official_site,primary,public web,Curated wave1 by claude session.,2026-05-30
https://qualderm.com/,QualDerm Partners official site,official_site,primary,public web,Curated wave1 by claude session.,2026-05-30
https://docsdermgroup.com/,DOCS Dermatology official site,official_site,primary,public web,Curated wave1 by claude session.,2026-05-30
https://www.specialty1partners.com/,Specialty1 Partners official site,official_site,primary,public web,Curated wave1 by claude session.,2026-05-30
https://specializeddental.com/,Specialized Dental Partners official site,official_site,primary,public web,Curated wave1 by claude session.,2026-05-30
https://usvisionmedpartners.com/,US VisionMed Partners official site,official_site,primary,public web,Curated wave1 by claude session.,2026-05-30
https://confluenthealth.com/,Confluent Health official site,official_site,primary,public web,Curated wave1 by claude session.,2026-05-30
https://beaconbhpartners.com/,Beacon Behavioral Health Partners official site,official_site,primary,public web,Curated wave1 by claude session.,2026-05-30
https://foundershsg.com/,Founders Home Service Group official site,official_site,primary,public web,Curated wave1 by claude session.,2026-05-30
https://www.southernhomeservices.com/,Southern Home Services official site,official_site,primary,public web,Curated wave1 by claude session.,2026-05-30
https://www.silaservices.com/,Sila Services official site,official_site,primary,public web,Curated wave1 by claude session.,2026-05-30
https://theseergroup.com/,The SEER Group official site,official_site,primary,public web,Curated wave1 by claude session.,2026-05-30
https://bluecollartg.com/,Blue-Collar Trades Group official site,official_site,primary,public web,Curated wave1 by claude session.,2026-05-30
https://www.lynxequity.com/,Lynx Equity official site,official_site,primary,public web,Curated wave1 by claude session.,2026-05-30
https://www.rougerivercapital.com/,Rouge River Capital official site,official_site,primary,public web,Curated wave1 by claude session.,2026-05-30
https://epitomecapital.co.uk/,Epitome Capital official site,official_site,primary,public web,Curated wave1 by claude session.,2026-05-30
https://tcplp.com/,Transition Capital Partners official site,official_site,primary,public web,Curated wave1 by claude session.,2026-05-30
https://www.middletonpartners.net/,Middleton Partners official site,official_site,primary,public web,Curated wave1 by claude session.,2026-05-30
https://lioncrestindustries.com/,Lioncrest Industries official site,official_site,primary,public web,Curated wave1 by claude session.,2026-05-30
https://www.impala.ventures/,Impala Ventures official site,official_site,primary,public web,Curated wave1 by claude session.,2026-05-30
https://www.gulfsuccession.ae/,Gulf Succession Partners official site,official_site,primary,public web,Curated wave1 by claude session.,2026-05-30
https://www.successioncapital.in/,Succession Capital Partners India official site,official_site,primary,public web,Curated wave1 by claude session.,2026-05-30
https://www.okintek.com,Okintek Capital official site,official_site,primary,public web,Curated wave1 by claude session.,2026-05-30
https://www.milestonesearchcapital.com/,Milestone Search Capital official site,official_site,primary,public web,Curated wave1 by claude session.,2026-05-30
https://www.garlicequity.com/,Garlic Equity Capital official site,official_site,primary,public web,Curated wave1 by claude session.,2026-05-30
https://www.cedo-capital.com/,Cedo Capital official site,official_site,primary,public web,Curated wave1 by claude session.,2026-05-30
https://www.continuum.cz/,Continuum official site,official_site,primary,public web,Curated wave1 by claude session.,2026-05-30
https://zbynovsky.com/,SMGO official site,official_site,primary,public web,Curated wave1 by claude session.,2026-05-30
https://www.springlanecapital.com/,Spring Lane Capital official site,official_site,primary,public web,Curated wave1 by claude session.,2026-05-30
https://www.chisos.io/,Chisos official site,official_site,primary,public web,Curated wave1 by claude session.,2026-05-30
https://investappalachia.org/,Invest Appalachia official site,official_site,primary,public web,Curated wave1 by claude session.,2026-05-30
https://g4gc.org/catalytic-futures-fund,Catalytic Futures Fund official site,official_site,primary,public web,Curated wave1 by claude session.,2026-05-30
https://www.ownershipfund.com/,The Ownership Fund official site,official_site,primary,public web,Curated wave1 by claude session.,2026-05-30
https://www.generatecapital.com/,Generate Capital official site,official_site,primary,public web,Curated wave1 by claude session.,2026-05-30
https://www.capitalimpact.org/,Capital Impact Partners official site,official_site,primary,public web,Curated wave1 by claude session.,2026-05-30
https://www.microtraction.com,Microtraction official site,official_site,primary,public web,Curated wave1 by claude session.,2026-05-30
https://ingressivecapital.com,Ingressive Capital official site,official_site,primary,public web,Curated wave1 by claude session.,2026-05-30
https://ajimcapital.com,Ajim Capital official site,official_site,primary,public web,Curated wave1 by claude session.,2026-05-30
https://www.firstcheck.africa,FirstCheck Africa official site,official_site,primary,public web,Curated wave1 by claude session.,2026-05-30
https://www.firstpick.vc,FIRSTPICK official site,official_site,primary,public web,Curated wave1 by claude session.,2026-05-30
https://www.outlastfund.com,Outlast Fund official site,official_site,primary,public web,Curated wave1 by claude session.,2026-05-30
https://lemonadestand.ee,Lemonade Stand official site,official_site,primary,public web,Curated wave1 by claude session.,2026-05-30
https://www.smok.vc,SMOK Ventures official site,official_site,primary,public web,Curated wave1 by claude session.,2026-05-30
https://www.ajuniorvc.com,AJVC official site,official_site,primary,public web,Curated wave1 by claude session.,2026-05-30
https://zeropearl.vc,Zeropearl VC official site,official_site,primary,public web,Curated wave1 by claude session.,2026-05-30
https://www.i2iventures.com,i2i Ventures official site,official_site,primary,public web,Curated wave1 by claude session.,2026-05-30
https://www.firstmovefund.com,First Move official site,official_site,primary,public web,Curated wave1 by claude session.,2026-05-30
https://www.wingvasiksiri.com,Wing Vasiksiri official site,official_site,primary,public web,Curated wave1 by claude session.,2026-05-30
https://www.caraov.com,Carao Ventures official site,official_site,primary,public web,Curated wave1 by claude session.,2026-05-30
https://magmapartners.com,Magma Partners official site,official_site,primary,public web,Curated wave1 by claude session.,2026-05-30
https://erad.co,erad official site,official_site,primary,public web,Curated wave1 by claude session.,2026-05-30
https://www.flow48.com,Flow48 official site,official_site,primary,public web,Curated wave1 by claude session.,2026-05-30
https://www.flapkap.com,FlapKap official site,official_site,primary,public web,Curated wave1 by claude session.,2026-05-30
https://crediblex.io,CredibleX official site,official_site,primary,public web,Curated wave1 by claude session.,2026-05-30
https://www.growthcapifly.com,Capifly official site,official_site,primary,public web,Curated wave1 by claude session.,2026-05-30
https://lula.co.za,Lula official site,official_site,primary,public web,Curated wave1 by claude session.,2026-05-30
https://www.bridgement.com,Bridgement official site,official_site,primary,public web,Curated wave1 by claude session.,2026-05-30
https://lineacap.com,Linea Capital official site,official_site,primary,public web,Curated wave1 by claude session.,2026-05-30
https://untapped-global.com,Untapped Global official site,official_site,primary,public web,Curated wave1 by claude session.,2026-05-30
https://www.np1.in,N+1 Capital official site,official_site,primary,public web,Curated wave1 by claude session.,2026-05-30
https://r2.co,R2 official site,official_site,primary,public web,Curated wave1 by claude session.,2026-05-30
https://xepelin.com,Xepelin official site,official_site,primary,public web,Curated wave1 by claude session.,2026-05-30
https://konfio.mx,Konfio official site,official_site,primary,public web,Curated wave1 by claude session.,2026-05-30
https://www.mundi.io,Mundi official site,official_site,primary,public web,Curated wave1 by claude session.,2026-05-30
https://www.nuvini.co/,Nuvini official site,official_site,primary,public web,Curated wave1 by claude session.,2026-05-30
https://www.heliosinvestment.com/,Helios Investment Partners official site,official_site,primary,public web,Curated wave2 by claude session.,2026-05-30
https://www.dpi-llp.com/,Development Partners International official site,official_site,primary,public web,Curated wave2 by claude session.,2026-05-30
https://www.africinvest.com/,AfricInvest official site,official_site,primary,public web,Curated wave2 by claude session.,2026-05-30
https://www.adenia.com/,Adenia Partners official site,official_site,primary,public web,Curated wave2 by claude session.,2026-05-30
https://www.capitalworksip.com/,Capitalworks official site,official_site,primary,public web,Curated wave2 by claude session.,2026-05-30
https://www.phatisa.com/,Phatisa official site,official_site,primary,public web,Curated wave2 by claude session.,2026-05-30
https://pearlcapital.net/,Pearl Capital Partners official site,official_site,primary,public web,Curated wave2 by claude session.,2026-05-30
https://www.pembani-remgro.com/,Pembani Remgro Infrastructure Managers official site,official_site,primary,public web,Curated wave2 by claude session.,2026-05-30
https://vital-capital.com/,Vital Capital official site,official_site,primary,public web,Curated wave2 by claude session.,2026-05-30
https://www.mcapitalp.com/,Mediterrania Capital Partners official site,official_site,primary,public web,Curated wave2 by claude session.,2026-05-30
https://sahelcapital.com/,Sahel Capital official site,official_site,primary,public web,Curated wave2 by claude session.,2026-05-30
https://www.renewcapital.com/,Renew Capital official site,official_site,primary,public web,Curated wave2 by claude session.,2026-05-30
https://insidecapital.net/,Inside Capital Partners official site,official_site,primary,public web,Curated wave2 by claude session.,2026-05-30
https://catalystprincipal.com/,Catalyst Principal Partners official site,official_site,primary,public web,Curated wave2 by claude session.,2026-05-30
https://www.kawisafi.com/,KawiSafi Ventures official site,official_site,primary,public web,Curated wave2 by claude session.,2026-05-30
https://www.africa50.com/,Africa50 official site,official_site,primary,public web,Curated wave2 by claude session.,2026-05-30
https://norsadcapital.com/,Norsad Capital official site,official_site,primary,public web,Curated wave2 by claude session.,2026-05-30
https://www.verod.com/,Verod Capital official site,official_site,primary,public web,Curated wave2 by claude session.,2026-05-30
https://www.injaroinvestments.com/,Injaro Investments official site,official_site,primary,public web,Curated wave2 by claude session.,2026-05-30
https://atacapital.co.za/,Ata Capital official site,official_site,primary,public web,Curated wave2 by claude session.,2026-05-30
https://www.convergencepartners.com/,Convergence Partners official site,official_site,primary,public web,Curated wave2 by claude session.,2026-05-30
https://www.metier.co.za/,Metier official site,official_site,primary,public web,Curated wave2 by claude session.,2026-05-30
https://ascent-africa.com/,Ascent Capital Africa official site,official_site,primary,public web,Curated wave2 by claude session.,2026-05-30
https://amethis.com/,Amethis official site,official_site,primary,public web,Curated wave2 by claude session.,2026-05-30
https://www.advantagepartners.com/,Advantage Partners official site,official_site,primary,public web,Curated wave2 by claude session.,2026-05-30
https://www.mbkpartners.com/,MBK Partners official site,official_site,primary,public web,Curated wave2 by claude session.,2026-05-30
https://www.affinityequity.com/,Affinity Equity Partners official site,official_site,primary,public web,Curated wave2 by claude session.,2026-05-30
https://www.naviscapital.com/,Navis Capital Partners official site,official_site,primary,public web,Curated wave2 by claude session.,2026-05-30
https://polaris-cg.com/,Polaris Capital Group official site,official_site,primary,public web,Curated wave2 by claude session.,2026-05-30
https://www.stic.co.kr/,STIC Investments official site,official_site,primary,public web,Curated wave2 by claude session.,2026-05-30
https://www.tcap.co.jp/,T Capital Partners official site,official_site,primary,public web,Curated wave2 by claude session.,2026-05-30
https://www.unisoncap.com/,Unison Capital official site,official_site,primary,public web,Curated wave2 by claude session.,2026-05-30
https://www.j-star.co.jp/,J-STAR official site,official_site,primary,public web,Curated wave2 by claude session.,2026-05-30
https://www.kedaara.com/,Kedaara Capital official site,official_site,primary,public web,Curated wave2 by claude session.,2026-05-30
https://www.chryscapital.com/,ChrysCapital official site,official_site,primary,public web,Curated wave2 by claude session.,2026-05-30
https://www.multiplesequity.com/,Multiples Alternate Asset Management official site,official_site,primary,public web,Curated wave2 by claude session.,2026-05-30
https://www.everstonecapital.com/,Everstone Capital official site,official_site,primary,public web,Curated wave2 by claude session.,2026-05-30
https://www.quadrantpe.com.au/,Quadrant Private Equity official site,official_site,primary,public web,Curated wave2 by claude session.,2026-05-30
https://www.allegrofunds.com.au/,Allegro Funds official site,official_site,primary,public web,Curated wave2 by claude session.,2026-05-30
https://www.pep.com.au/,Pacific Equity Partners official site,official_site,primary,public web,Curated wave2 by claude session.,2026-05-30
https://www.kvasiacapital.com/,KV Asia Capital official site,official_site,primary,public web,Curated wave2 by claude session.,2026-05-30
https://sk.kz/,Samruk-Kazyna JSC official site,official_site,primary,public web,Curated wave2 by claude session.,2026-05-30
https://gov.om/en/oman-investment-authority,Oman Investment Authority official site,official_site,primary,public web,Curated wave2 by claude session.,2026-05-30
https://www.tvf.com.tr/,Turkiye Wealth Fund official site,official_site,primary,public web,Curated wave2 by claude session.,2026-05-30
https://www.sidf.gov.sa/,Saudi Industrial Development Fund official site,official_site,primary,public web,Curated wave2 by claude session.,2026-05-30
https://www.jada.com.sa/,JADA Fund of Funds official site,official_site,primary,public web,Curated wave2 by claude session.,2026-05-30
https://svc.com.sa/,Saudi Venture Capital Company official site,official_site,primary,public web,Curated wave2 by claude session.,2026-05-30
https://ifd.gov.iq/,Iraq Development Fund official site,official_site,primary,public web,Curated wave2 by claude session.,2026-05-30
https://swf.gov.mn/,Chinggis Khaan Sovereign Wealth Fund official site,official_site,primary,public web,Curated wave2 by claude session.,2026-05-30
https://tsfe.com/,The Sovereign Fund of Egypt official site,official_site,primary,public web,Curated wave2 by claude session.,2026-05-30
https://stateinvestment.mu/,State Investment Corporation Mauritius official site,official_site,primary,public web,Curated wave2 by claude session.,2026-05-30
https://www.biffl.org.bd/,Bangladesh Infrastructure Finance Fund official site,official_site,primary,public web,Curated wave2 by claude session.,2026-05-30
https://lia.ly/,Libyan Investment Authority official site,official_site,primary,public web,Curated wave2 by claude session.,2026-05-30
https://www.dhi.bt/,Druk Holding & Investments official site,official_site,primary,public web,Curated wave2 by claude session.,2026-05-30
https://www.bdb-bh.com/,Bahrain Development Bank official site,official_site,primary,public web,Curated wave2 by claude session.,2026-05-30
https://www.galvanizeclimate.com/,Galvanize Climate Solutions official site,official_site,primary,public web,Curated wave2 by claude session.,2026-05-30
https://counteract.vc/,Counteract official site,official_site,primary,public web,Curated wave2 by claude session.,2026-05-30
https://www.voyagervc.com/,Voyager Ventures official site,official_site,primary,public web,Curated wave2 by claude session.,2026-05-30
https://www.buoyant.vc/,Buoyant Ventures official site,official_site,primary,public web,Curated wave2 by claude session.,2026-05-30
https://www.s2ginvestments.com/,S2G Investments official site,official_site,primary,public web,Curated wave2 by claude session.,2026-05-30
https://powerhouse-ventures.co/,Powerhouse Ventures official site,official_site,primary,public web,Curated wave2 by claude session.,2026-05-30
https://www.materialimpact.com/,Material Impact official site,official_site,primary,public web,Curated wave2 by claude session.,2026-05-30
https://www.energizecap.com/,Energize Capital official site,official_site,primary,public web,Curated wave2 by claude session.,2026-05-30
https://www.activeimpactinvestments.com/,Active Impact Investments official site,official_site,primary,public web,Curated wave2 by claude session.,2026-05-30
https://fev.vc/,Future Energy Ventures official site,official_site,primary,public web,Curated wave2 by claude session.,2026-05-30
https://www.climatecapital.co/,Climate Capital official site,official_site,primary,public web,Curated wave2 by claude session.,2026-05-30
https://www.climate.vc/,Climate VC official site,official_site,primary,public web,Curated wave2 by claude session.,2026-05-30
https://congruentvc.com/,Congruent Ventures official site,official_site,primary,public web,Curated wave2 by claude session.,2026-05-30
https://www.cleanenergyventures.com/,Clean Energy Ventures official site,official_site,primary,public web,Curated wave2 by claude session.,2026-05-30
https://www.energytransitionventures.com/,Energy Transition Ventures official site,official_site,primary,public web,Curated wave2 by claude session.,2026-05-30
https://www.maersk.com/growth,Maersk Growth official site,official_site,primary,public web,Curated wave2 by claude session.,2026-05-30
https://www.bmwiventures.com/,BMW i Ventures official site,official_site,primary,public web,Curated wave2 by claude session.,2026-05-30
https://www.toyota.ventures/,Toyota Ventures official site,official_site,primary,public web,Curated wave2 by claude session.,2026-05-30
https://www.unileverventures.com/,Unilever Ventures official site,official_site,primary,public web,Curated wave2 by claude session.,2026-05-30
https://www.lockheedmartin.com/en-us/who-we-are/lockheed-martin-ventures.html,Lockheed Martin Ventures official site,official_site,primary,public web,Curated wave2 by claude session.,2026-05-30
https://aramcoventures.com/,Aramco Ventures official site,official_site,primary,public web,Curated wave2 by claude session.,2026-05-30
https://xcelerator.hondainnovations.com/,Honda Xcelerator Ventures official site,official_site,primary,public web,Curated wave2 by claude session.,2026-05-30
https://www.neom.com/en-us/invest/neom-investment-fund,NEOM Investment Fund official site,official_site,primary,public web,Curated wave2 by claude session.,2026-05-30
https://www.siemens-energy.com/global/en/home/innovations/ventures.html,Siemens Energy Ventures official site,official_site,primary,public web,Curated wave2 by claude session.,2026-05-30
https://www.equinor.com/energy/ventures,Equinor Ventures official site,official_site,primary,public web,Curated wave2 by claude session.,2026-05-30
https://www.tysonfoods.com/innovation/food-innovation/tyson-ventures,Tyson Ventures official site,official_site,primary,public web,Curated wave2 by claude session.,2026-05-30
https://www.mitsubishielectric.com/cvc/,ME Innovation Fund official site,official_site,primary,public web,Curated wave2 by claude session.,2026-05-30
https://www.inflexion.com/,Inflexion Private Equity official site,official_site,primary,public web,Curated wave2 by claude session.,2026-05-30
https://www.ecipartners.com/,ECI Partners official site,official_site,primary,public web,Curated wave2 by claude session.,2026-05-30
https://www.ldc.co.uk/,LDC official site,official_site,primary,public web,Curated wave2 by claude session.,2026-05-30
https://www.bgf.co.uk/,BGF official site,official_site,primary,public web,Curated wave2 by claude session.,2026-05-30
https://www.mavencp.com/,Maven Capital Partners official site,official_site,primary,public web,Curated wave2 by claude session.,2026-05-30
http://www.equistonepe.com/,Equistone Partners Europe official site,official_site,primary,public web,Curated wave2 by claude session.,2026-05-30
https://www.ikpartners.com/,IK Partners official site,official_site,primary,public web,Curated wave2 by claude session.,2026-05-30
https://apheon.com/,Apheon official site,official_site,primary,public web,Curated wave2 by claude session.,2026-05-30
https://www.mideuropa.com/,Mid Europa Partners official site,official_site,primary,public web,Curated wave2 by claude session.,2026-05-30
https://www.investindustrial.com/,Investindustrial official site,official_site,primary,public web,Curated wave2 by claude session.,2026-05-30
https://www.argancapital.com/,Argan Capital official site,official_site,primary,public web,Curated wave2 by claude session.,2026-05-30
https://www.silverfleetcapital.com/,Silverfleet Capital official site,official_site,primary,public web,Curated wave2 by claude session.,2026-05-30
https://www.nazca.es/,Nazca Capital official site,official_site,primary,public web,Curated wave2 by claude session.,2026-05-30
https://miura.partners/,Miura Partners official site,official_site,primary,public web,Curated wave2 by claude session.,2026-05-30
https://www.dbag.com/,Deutsche Beteiligungs AG official site,official_site,primary,public web,Curated wave2 by claude session.,2026-05-30
https://www.paragon.de/,Paragon Partners official site,official_site,primary,public web,Curated wave2 by claude session.,2026-05-30
https://www.gimv.com/,Gimv official site,official_site,primary,public web,Curated wave2 by claude session.,2026-05-30
https://www.naxicap.com/,Naxicap Partners official site,official_site,primary,public web,Curated wave2 by claude session.,2026-05-30
https://www.21invest.com/,21 Invest official site,official_site,primary,public web,Curated wave2 by claude session.,2026-05-30
https://www.muzinich.com/,Muzinich & Co official site,official_site,primary,public web,Curated wave2 by claude session.,2026-05-30
https://www.iconiq.com/,ICONIQ official site,official_site,primary,public web,Curated wave2 by claude session.,2026-05-30
https://bflexion.com/,B-FLEXION official site,official_site,primary,public web,Curated wave2 by claude session.,2026-05-30
https://www.buildersvision.com/,Builders Vision official site,official_site,primary,public web,Curated wave2 by claude session.,2026-05-30
https://hall-capital.com/,Hall Capital official site,official_site,primary,public web,Curated wave2 by claude session.,2026-05-30
https://cressetcapital.com/,Cresset Capital official site,official_site,primary,public web,Curated wave2 by claude session.,2026-05-30
https://peakline.com/,Peakline Partners official site,official_site,primary,public web,Curated wave2 by claude session.,2026-05-30
https://www.premjiinvest.com/,Premji Invest official site,official_site,primary,public web,Curated wave2 by claude session.,2026-05-30
https://www.patria.com/,Patria Investments official site,official_site,primary,public web,Curated wave2 by claude session.,2026-05-30
https://www.kinea.com.br/,Kinea Investimentos official site,official_site,primary,public web,Curated wave2 by claude session.,2026-05-30
https://crescera.com/,Crescera Capital official site,official_site,primary,public web,Curated wave2 by claude session.,2026-05-30
https://linzorcapital.com/,Linzor Capital Partners official site,official_site,primary,public web,Curated wave2 by claude session.,2026-05-30
https://aconinvestments.com/,ACON Investments official site,official_site,primary,public web,Curated wave2 by claude session.,2026-05-30
https://www.forscapital.com.br/,FORS Capital official site,official_site,primary,public web,Curated wave2 by claude session.,2026-05-30
https://www.altagc.com/,Alta Growth Capital official site,official_site,primary,public web,Curated wave2 by claude session.,2026-05-30
https://aqua.capital/,Aqua Capital official site,official_site,primary,public web,Curated wave2 by claude session.,2026-05-30
https://www.southerncrossgroup.com/,Southern Cross Group official site,official_site,primary,public web,Curated wave2 by claude session.,2026-05-30
https://www.nexxuscapital.com/,Nexxus Capital official site,official_site,primary,public web,Curated wave2 by claude session.,2026-05-30
https://www.riverwoodcapital.com/,Riverwood Capital official site,official_site,primary,public web,Curated wave2 by claude session.,2026-05-30
https://ig4capital.com/,IG4 Capital official site,official_site,primary,public web,Curated wave2 by claude session.,2026-05-30
https://gliscopartners.com/,Glisco Partners official site,official_site,primary,public web,Curated wave2 by claude session.,2026-05-30
https://voxcapital.com.br/,Vox Capital official site,official_site,primary,public web,Curated wave2 by claude session.,2026-05-30
https://www.ebcapital.com.br/,EB Capital official site,official_site,primary,public web,Curated wave2 by claude session.,2026-05-30
https://www.htgc.com/,Hercules Capital official site,official_site,primary,public web,Curated wave2 by claude session.,2026-05-30
https://trinitycapital.com/,Trinity Capital official site,official_site,primary,public web,Curated wave2 by claude session.,2026-05-30
https://runwaygrowth.com/,Runway Growth Capital official site,official_site,primary,public web,Curated wave2 by claude session.,2026-05-30
https://horizontechfinance.com/,Horizon Technology Finance official site,official_site,primary,public web,Curated wave2 by claude session.,2026-05-30
https://www.westerntech.com/,Western Technology Investment official site,official_site,primary,public web,Curated wave2 by claude session.,2026-05-30
https://www.avenuecapital.com/,Avenue Capital Group official site,official_site,primary,public web,Curated wave2 by claude session.,2026-05-30
https://clpgrowth.com/,Columbia Lake Partners official site,official_site,primary,public web,Curated wave2 by claude session.,2026-05-30
https://www.kreoscapital.com/,Kreos Capital official site,official_site,primary,public web,Curated wave2 by claude session.,2026-05-30
https://www.i80group.com/,i80 Group official site,official_site,primary,public web,Curated wave2 by claude session.,2026-05-30
https://www.victoryparkcapital.com/,Victory Park Capital official site,official_site,primary,public web,Curated wave2 by claude session.,2026-05-30
https://www.vistaequitypartners.com/strategies/credit/,Vista Credit Partners official site,official_site,primary,public web,Curated wave2 by claude session.,2026-05-30
https://monroecap.com/,Monroe Capital official site,official_site,primary,public web,Curated wave2 by claude session.,2026-05-30
https://newspringcapital.com/,NewSpring Mezzanine official site,official_site,primary,public web,Curated wave2 by claude session.,2026-05-30
https://www.audaxprivatedebt.com/,Audax Private Debt official site,official_site,primary,public web,Curated wave2 by claude session.,2026-05-30
https://comvest.com/,Comvest Credit Partners official site,official_site,primary,public web,Curated wave2 by claude session.,2026-05-30
https://www.nxtcapital.com/,NXT Capital official site,official_site,primary,public web,Curated wave2 by claude session.,2026-05-30
https://www.churchillam.com/,Churchill Asset Management official site,official_site,primary,public web,Curated wave2 by claude session.,2026-05-30
https://www.audaxprivateequity.com/,Audax Private Equity official site,official_site,primary,public web,Curated wave2 by claude session.,2026-05-30
https://www.trivest.com/,Trivest Partners official site,official_site,primary,public web,Curated wave2 by claude session.,2026-05-30
https://www.stonepoint.com/,Stone Point Capital official site,official_site,primary,public web,Curated wave2 by claude session.,2026-05-30
https://www.roarkcapital.com/,Roark Capital official site,official_site,primary,public web,Curated wave2 by claude session.,2026-05-30
https://www.olympuspartners.com/,Olympus Partners official site,official_site,primary,public web,Curated wave2 by claude session.,2026-05-30
https://fflpartners.com/,FFL Partners official site,official_site,primary,public web,Curated wave2 by claude session.,2026-05-30
https://www.towerarch.com/,Tower Arch Capital official site,official_site,primary,public web,Curated wave2 by claude session.,2026-05-30
https://www.pamlicocapital.com/,Pamlico Capital official site,official_site,primary,public web,Curated wave2 by claude session.,2026-05-30
https://www.charlesbank.com/,Charlesbank Capital Partners official site,official_site,primary,public web,Curated wave2 by claude session.,2026-05-30
https://www.gencap.com/,Genstar Capital official site,official_site,primary,public web,Curated wave2 by claude session.,2026-05-30
https://www.aterianpartners.com/,Aterian Investment Partners official site,official_site,primary,public web,Curated wave2 by claude session.,2026-05-30
https://nep.com/,Norwest Equity Partners official site,official_site,primary,public web,Curated wave2 by claude session.,2026-05-30
https://www.alpineinvestors.com/,Alpine Investors official site,official_site,primary,public web,Curated wave2 by claude session.,2026-05-30
https://www.ovalpartners.com/,Oval Partners official site,official_site,primary,public web,Curated wave2 by claude session.,2026-05-30
https://www.auroracap.com/,Aurora Capital Partners official site,official_site,primary,public web,Curated wave2 by claude session.,2026-05-30
https://www.imperialcap.com/,Imperial Capital official site,official_site,primary,public web,Curated wave2 by claude session.,2026-05-30
https://tscp.com/,Thompson Street Capital Partners official site,official_site,primary,public web,Curated wave2 by claude session.,2026-05-30
https://www.shorecp.com/,Shore Capital Partners official site,official_site,primary,public web,Curated wave2 by claude session.,2026-05-30
https://www.wppartners.com/,Wind Point Partners official site,official_site,primary,public web,Curated wave2 by claude session.,2026-05-30
https://www.frontenac.com/,Frontenac Company official site,official_site,primary,public web,Curated wave2 by claude session.,2026-05-30
https://www.parthenoncapital.com/,Parthenon Capital official site,official_site,primary,public web,Curated wave2 by claude session.,2026-05-30
https://www.courtsquare.com/,Court Square Capital Partners official site,official_site,primary,public web,Curated wave2 by claude session.,2026-05-30
https://www.kinderhook.com/,Kinderhook Industries official site,official_site,primary,public web,Curated wave2 by claude session.,2026-05-30
https://www.sagemount.com/,Bregal Sagemount official site,official_site,primary,public web,Curated wave2 by claude session.,2026-05-30
https://garnettstation.com/,Garnett Station Partners official site,official_site,primary,public web,Curated wave2 by claude session.,2026-05-30
https://www.quadcmanagement.com/,Quad-C Management official site,official_site,primary,public web,Curated wave2 by claude session.,2026-05-30
https://lyratechgroup.com/,Lyra Technology Group official site,official_site,primary,public web,Curated wave3a by claude session.,2026-05-30
https://www.softwarecombined.com/,Software Combined official site,official_site,primary,public web,Curated wave3a by claude session.,2026-05-30
https://www.embracesoftwareinc.com/,Embrace Software official site,official_site,primary,public web,Curated wave3a by claude session.,2026-05-30
https://trilogy-search.com/,Trilogy Search Partners official site,official_site,primary,public web,Curated wave3a by claude session.,2026-05-30
https://www.blueframecapital.com/,Blue Frame Capital official site,official_site,primary,public web,Curated wave3a by claude session.,2026-05-30
https://www.legatelp.com/,Legate Partners official site,official_site,primary,public web,Curated wave3a by claude session.,2026-05-30
https://www.nakanicap.com/,Nakani Capital Partners official site,official_site,primary,public web,Curated wave3a by claude session.,2026-05-30
https://www.pinestonecp.com/,Pinestone Capital official site,official_site,primary,public web,Curated wave3a by claude session.,2026-05-30
https://kingsway-financial.com/kingsway-search-xcelerator/,Kingsway Search Xcelerator official site,official_site,primary,public web,Curated wave3a by claude session.,2026-05-30
https://searchcapitalpartners.com/,Search Capital Partners official site,official_site,primary,public web,Curated wave3a by claude session.,2026-05-30
https://etafunding.com/,ETA Funding Partners official site,official_site,primary,public web,Curated wave3a by claude session.,2026-05-30
https://www.asi.co.za/eta-searchfund/,ASI Biz-Exchange ETA Search Fund official site,official_site,primary,public web,Curated wave3b by claude session.,2026-05-31
https://bdgcap.com/english,Bridge Capital official site,official_site,primary,public web,Curated wave3b by claude session.,2026-05-31
https://www.spuricapital.com/,Spuri Capital official site,official_site,primary,public web,Curated wave3b by claude session.,2026-05-31
https://www.caatingacapital.com/,Caatinga Capital official site,official_site,primary,public web,Curated wave3b by claude session.,2026-05-31
https://www.arpacapital.com/,Arpa Capital official site,official_site,primary,public web,Curated wave3b by claude session.,2026-05-31
https://www.sakaicapital.com/,Sakai Capital official site,official_site,primary,public web,Curated wave3b by claude session.,2026-05-31
https://www.mitlacapital.com/?lang=en,Mitla Capital official site,official_site,primary,public web,Curated wave3b by claude session.,2026-05-31
https://www.avs-capital.com/,AVS Capital official site,official_site,primary,public web,Curated wave3b by claude session.,2026-05-31
https://www.burfordcapital.com/,Burford Capital official site,official_site,primary,public web,Curated wave3b by claude session.,2026-05-31
https://omnibridgeway.com/,Omni Bridgeway official site,official_site,primary,public web,Curated wave3b by claude session.,2026-05-31
https://www.longfordcapital.com/,Longford Capital Management official site,official_site,primary,public web,Curated wave3b by claude session.,2026-05-31
https://benchwalk.com/,Bench Walk Advisors official site,official_site,primary,public web,Curated wave3b by claude session.,2026-05-31
https://pravaticapital.com/,Pravati Capital official site,official_site,primary,public web,Curated wave3b by claude session.,2026-05-31
https://www.royaltypharma.com/,Royalty Pharma official site,official_site,primary,public web,Curated wave3b by claude session.,2026-05-31
https://www.hcrx.com/,HealthCare Royalty Partners (HCRx) official site,official_site,primary,public web,Curated wave3b by claude session.,2026-05-31
https://www.roundhillmusic.com/,Round Hill Music official site,official_site,primary,public web,Curated wave3b by claude session.,2026-05-31
https://primarywave.com/,Primary Wave Music official site,official_site,primary,public web,Curated wave3b by claude session.,2026-05-31
https://lyriccapitalgroup.com/,Lyric Capital Group official site,official_site,primary,public web,Curated wave3b by claude session.,2026-05-31
https://www.castlelake.com/,Castlelake official site,official_site,primary,public web,Curated wave3b by claude session.,2026-05-31
https://crayhill.com/,Crayhill Capital Management official site,official_site,primary,public web,Curated wave3b by claude session.,2026-05-31
https://varde.com/,Värde Partners official site,official_site,primary,public web,Curated wave3b by claude session.,2026-05-31
https://www.marathonfund.com/,Marathon Asset Management official site,official_site,primary,public web,Curated wave3b by claude session.,2026-05-31
https://www.galena-invest.com/,Galena Asset Management official site,official_site,primary,public web,Curated wave3b by claude session.,2026-05-31
https://treelinecp.com/,Tree Line Capital Partners official site,official_site,primary,public web,Curated wave3b by claude session.,2026-05-31
https://www.northleafcapital.com/,Northleaf Capital Partners official site,official_site,primary,public web,Curated wave3b by claude session.,2026-05-31
https://www.marubeni-ventures.com/en/,Marubeni Ventures official site,official_site,primary,public web,Curated wave3b by claude session.,2026-05-31
https://www.techv.co.jp/en/top,ITOCHU Technology Ventures (ITV) official site,official_site,primary,public web,Curated wave3b by claude session.,2026-05-31
https://www.sonyinnovationfund.com/,Sony Ventures / Sony Innovation Fund official site,official_site,primary,public web,Curated wave3b by claude session.,2026-05-31
https://www.hitachi-ventures.com/,Hitachi Ventures official site,official_site,primary,public web,Curated wave3b by claude session.,2026-05-31
https://woven.vc/,Woven Capital official site,official_site,primary,public web,Curated wave3b by claude session.,2026-05-31
https://samsungnext.com/,Samsung NEXT official site,official_site,primary,public web,Curated wave3b by claude session.,2026-05-31
https://www.lgtechventures.com/,LG Technology Ventures official site,official_site,primary,public web,Curated wave3b by claude session.,2026-05-31
https://www.cradleinc.com/,Hyundai CRADLE official site,official_site,primary,public web,Curated wave3b by claude session.,2026-05-31
https://www.poscoinvestment.com/en/index,POSCO Investment / POSCO Capital official site,official_site,primary,public web,Curated wave3b by claude session.,2026-05-31
https://corp.mediatek.com/about/ventures,MediaTek Ventures official site,official_site,primary,public web,Curated wave3b by claude session.,2026-05-31
https://www.cdibcapitalgroup.com/en/about-us,CDIB Capital Group official site,official_site,primary,public web,Curated wave3b by claude session.,2026-05-31
https://www.65equitypartners.com/,65 Equity Partners official site,official_site,primary,public web,Curated wave3b by claude session.,2026-05-31
https://promisedland.fund/,Promised Land Opportunity Zone Fund official site,official_site,primary,public web,Curated wave3b by claude session.,2026-05-31
https://timberlandinvestmentgroup.com/,BTG Pactual Timberland Investment Group official site,official_site,primary,public web,Curated wave3b by claude session.,2026-05-31
https://www.slmpartners.com/,SLM Partners official site,official_site,primary,public web,Curated wave3b by claude session.,2026-05-31
https://scienswater.com/,Sciens Water official site,official_site,primary,public web,Curated wave3b by claude session.,2026-05-31
https://www.waterinfrastructurepartners.com/,Water Infrastructure Partners official site,official_site,primary,public web,Curated wave3b by claude session.,2026-05-31
https://xpvwaterpartners.com/,XPV Water Partners official site,official_site,primary,public web,Curated wave3b by claude session.,2026-05-31
https://www.novainfrastructure.com/,NOVA Infrastructure official site,official_site,primary,public web,Curated wave3b by claude session.,2026-05-31
https://www.arapartners.com/,Ara Partners official site,official_site,primary,public web,Curated wave3b by claude session.,2026-05-31
https://www.denhamcapital.com/,Denham Capital official site,official_site,primary,public web,Curated wave3b by claude session.,2026-05-31
https://www.greenbackercapital.com/,Greenbacker Capital official site,official_site,primary,public web,Curated wave3b by claude session.,2026-05-31
https://www.bluewaterpe.com/,Bluewater Energy official site,official_site,primary,public web,Curated wave3b by claude session.,2026-05-31
https://ngpenergy.com/,NGP Energy Capital Management official site,official_site,primary,public web,Curated wave3b by claude session.,2026-05-31
https://hollyportcapital.com/,Hollyport Capital official site,official_site,primary,public web,Curated wave3b by claude session.,2026-05-31
https://dawsonpartners.com/,Dawson Partners official site,official_site,primary,public web,Curated wave3b by claude session.,2026-05-31
https://www.nvc.vc/,NewView Capital official site,official_site,primary,public web,Curated wave3b by claude session.,2026-05-31
https://gsquared.com/,G Squared official site,official_site,primary,public web,Curated wave3b by claude session.,2026-05-31
https://truebridgecapital.com/strategies/,TrueBridge Capital Partners official site,official_site,primary,public web,Curated wave3b by claude session.,2026-05-31
https://akkadian.vc/,Akkadian Ventures official site,official_site,primary,public web,Curated wave3b by claude session.,2026-05-31
https://www.bannerridge.com/,Banner Ridge Partners official site,official_site,primary,public web,Curated wave3b by claude session.,2026-05-31
https://www.pomonacapital.com/,Pomona Capital official site,official_site,primary,public web,Curated wave3b by claude session.,2026-05-31
https://www.montana-capital-partners.eu/,Montana Capital Partners official site,official_site,primary,public web,Curated wave3b by claude session.,2026-05-31
https://www.committedadvisors.com/,Committed Advisors official site,official_site,primary,public web,Curated wave3b by claude session.,2026-05-31
https://www.icgam.com/what-we-do/private-equity-secondaries/strategic-equity/,ICG Strategic Equity official site,official_site,primary,public web,Curated wave3b by claude session.,2026-05-31
https://www.17capital.com/,17Capital official site,official_site,primary,public web,Curated wave3b by claude session.,2026-05-31
https://interludecap.com/,Interlude Capital official site,official_site,primary,public web,Curated wave3b by claude session.,2026-05-31
https://www.altas.com/about-us,Altas Partners official site,official_site,primary,public web,Curated wave3b by claude session.,2026-05-31
https://www.coreequityholdings.com/,Core Equity Holdings official site,official_site,primary,public web,Curated wave3b by claude session.,2026-05-31
https://www.magarac.vc/,Magarac Venture Partners official site,official_site,primary,public web,Curated wave3c by claude session.,2026-05-31
https://www.flyovercapital.com/,Flyover Capital official site,official_site,primary,public web,Curated wave3c by claude session.,2026-05-31
https://www.kcrisefund.com/,KCRise Fund official site,official_site,primary,public web,Curated wave3c by claude session.,2026-05-31
https://www.royalstreet.vc/,Royal Street Ventures official site,official_site,primary,public web,Curated wave3c by claude session.,2026-05-31
https://kickstart.com/,Kickstart Fund official site,official_site,primary,public web,Curated wave3c by claude session.,2026-05-31
https://innovamemphis.com/,Innova Memphis official site,official_site,primary,public web,Curated wave3c by claude session.,2026-05-31
https://www.allosventures.com/,Allos Ventures official site,official_site,primary,public web,Curated wave3c by claude session.,2026-05-31
https://mairsandpower.vc/,Mairs & Power Venture Capital official site,official_site,primary,public web,Curated wave3c by claude session.,2026-05-31
https://www.venturesouth.vc/,VentureSouth official site,official_site,primary,public web,Curated wave3c by claude session.,2026-05-31
https://www.jvpfund.com/,Johnson Venture Partners official site,official_site,primary,public web,Curated wave3c by claude session.,2026-05-31
https://www.alabamafuturesfund.com/,Alabama Futures Fund official site,official_site,primary,public web,Curated wave3c by claude session.,2026-05-31
https://www.redbud.vc/,Redbud VC official site,official_site,primary,public web,Curated wave3c by claude session.,2026-05-31
https://www.riverfrontventures.com/,Riverfront Ventures official site,official_site,primary,public web,Curated wave3c by claude session.,2026-05-31
https://azff.co/,Arizona Founders Fund official site,official_site,primary,public web,Curated wave3c by claude session.,2026-05-31
https://www.silvertonpartners.com/,Silverton Partners official site,official_site,primary,public web,Curated wave3c by claude session.,2026-05-31
https://www.floridafunders.com/,Florida Funders official site,official_site,primary,public web,Curated wave3c by claude session.,2026-05-31
https://www.nextcoastventures.com/,Next Coast Ventures official site,official_site,primary,public web,Curated wave3c by claude session.,2026-05-31
https://tampabay.ventures/,TampaBay.Ventures official site,official_site,primary,public web,Curated wave3c by claude session.,2026-05-31
https://www.atentocapital.com/,Atento Capital official site,official_site,primary,public web,Curated wave3c by claude session.,2026-05-31
https://cortado.ventures/,Cortado Ventures official site,official_site,primary,public web,Curated wave3c by claude session.,2026-05-31
https://cultivationcapital.com/,Cultivation Capital official site,official_site,primary,public web,Curated wave3c by claude session.,2026-05-31
https://conscience.vc/,Conscience VC official site,official_site,primary,public web,Curated wave3c by claude session.,2026-05-31
https://anorak.vc/,Anorak Ventures official site,official_site,primary,public web,Curated wave3c by claude session.,2026-05-31
https://cantos.vc/,Cantos official site,official_site,primary,public web,Curated wave3c by claude session.,2026-05-31
https://www.behindgeniusventures.com/,Behind Genius Ventures official site,official_site,primary,public web,Curated wave3c by claude session.,2026-05-31
https://www.irrvrnt.com/,irrvrntVC official site,official_site,primary,public web,Curated wave3c by claude session.,2026-05-31
https://coelius.vc/,Coelius Capital official site,official_site,primary,public web,Curated wave3c by claude session.,2026-05-31
https://www.bettercapital.vc/,Better Capital official site,official_site,primary,public web,Curated wave3c by claude session.,2026-05-31
https://www.mischief.vc/,Mischief official site,official_site,primary,public web,Curated wave3c by claude session.,2026-05-31
https://www.sarahsmith.fund/,Sarah Smith Fund official site,official_site,primary,public web,Curated wave3c by claude session.,2026-05-31
https://andrena.vc/,Andrena Ventures official site,official_site,primary,public web,Curated wave3c by claude session.,2026-05-31
https://www.slauson.co/,Slauson & Co. official site,official_site,primary,public web,Curated wave3c by claude session.,2026-05-31
https://www.dayoneventures.com/,Day One Ventures official site,official_site,primary,public web,Curated wave3c by claude session.,2026-05-31
https://contrarianthinkingcapital.com/,Contrarian Thinking Capital official site,official_site,primary,public web,Curated wave3c by claude session.,2026-05-31
https://www.leoniscap.com/,Leonis Capital official site,official_site,primary,public web,Curated wave3c by claude session.,2026-05-31
https://www.necessary.vc/,Necessary Ventures official site,official_site,primary,public web,Curated wave3c by claude session.,2026-05-31
https://www.toddandrahulcapital.com/,Todd & Rahul Capital official site,official_site,primary,public web,Curated wave3c by claude session.,2026-05-31
https://www.gtmfund.com/,GTMfund official site,official_site,primary,public web,Curated wave3c by claude session.,2026-05-31
https://www.wayfinder.com/,Wayfinder Ventures official site,official_site,primary,public web,Curated wave3c by claude session.,2026-05-31
https://www.100x.vc/,100X.VC official site,official_site,primary,public web,Curated wave3c by claude session.,2026-05-31
https://www.eximiusvc.com/,Eximius Ventures official site,official_site,primary,public web,Curated wave3c by claude session.,2026-05-31
https://allincapital.vc/,All In Capital official site,official_site,primary,public web,Curated wave3c by claude session.,2026-05-31
https://www.ankurcapital.com/,Ankur Capital official site,official_site,primary,public web,Curated wave3c by claude session.,2026-05-31
https://nabventures.in/,NABVENTURES official site,official_site,primary,public web,Curated wave3c by claude session.,2026-05-31
https://aavishkaarcapital.in/,Aavishkaar Capital official site,official_site,primary,public web,Curated wave3c by claude session.,2026-05-31
https://caspiandebt.in/,Caspian Debt official site,official_site,primary,public web,Curated wave3c by claude session.,2026-05-31
https://www.inflexor.vc/,Inflexor Ventures official site,official_site,primary,public web,Curated wave3c by claude session.,2026-05-31
https://atheravp.com/,Athera Venture Partners official site,official_site,primary,public web,Curated wave3c by claude session.,2026-05-31
https://artha.fund/,Artha Venture Partners official site,official_site,primary,public web,Curated wave3c by claude session.,2026-05-31
https://lumispartners.com/,Lumis Partners official site,official_site,primary,public web,Curated wave3c by claude session.,2026-05-31
https://100unicorns.in/,100Unicorns official site,official_site,primary,public web,Curated wave3c by claude session.,2026-05-31
https://sauce.vc/,Sauce VC official site,official_site,primary,public web,Curated wave3c by claude session.,2026-05-31
https://www.dsgcp.com/,DSG Consumer Partners official site,official_site,primary,public web,Curated wave3c by claude session.,2026-05-31
https://newnordic.vc/,New Nordic Ventures official site,official_site,primary,public web,Curated wave3c by claude session.,2026-05-31
https://anelicapital.com/,Aneli Capital official site,official_site,primary,public web,Curated wave3c by claude session.,2026-05-31
https://climentum.com/,Climentum Capital official site,official_site,primary,public web,Curated wave3c by claude session.,2026-05-31
https://www.nucleus-capital.com/,Nucleus Capital official site,official_site,primary,public web,Curated wave3c by claude session.,2026-05-31
https://www.maia.vc/,Maia Ventures official site,official_site,primary,public web,Curated wave3c by claude session.,2026-05-31
https://faber.vc/,Faber official site,official_site,primary,public web,Curated wave3c by claude session.,2026-05-31
https://identity.vc/,Identity.vc official site,official_site,primary,public web,Curated wave3c by claude session.,2026-05-31
https://booom.vc/,BOOOM official site,official_site,primary,public web,Curated wave3c by claude session.,2026-05-31
https://backtrace.vc/,backtrace capital official site,official_site,primary,public web,Curated wave3c by claude session.,2026-05-31
https://robincap.com/,Robin Capital official site,official_site,primary,public web,Curated wave3c by claude session.,2026-05-31
https://baobabventures.vc/,Baobab Ventures official site,official_site,primary,public web,Curated wave3c by claude session.,2026-05-31
https://14peakscapital.com/,14Peaks Capital official site,official_site,primary,public web,Curated wave3c by claude session.,2026-05-31
https://nphard.vc/,NP-Hard Ventures official site,official_site,primary,public web,Curated wave3c by claude session.,2026-05-31
https://tilia.vc/,Tilia Impact Ventures official site,official_site,primary,public web,Curated wave3c by claude session.,2026-05-31
https://emblem.vc/,Emblem official site,official_site,primary,public web,Curated wave3c by claude session.,2026-05-31
https://playfair.vc/,Playfair Capital official site,official_site,primary,public web,Curated wave3c by claude session.,2026-05-31
https://www.xsmlcapital.com/,XSML Capital official site,official_site,primary,public web,Curated wave3c by claude session.,2026-05-31
https://www.adiwale.com/about,Adiwale Partners official site,official_site,primary,public web,Curated wave3c by claude session.,2026-05-31
https://www.ietp.com/en,Investisseurs & Partenaires (I&P) official site,official_site,primary,public web,Curated wave3c by claude session.,2026-05-31
https://eoscapital.com.na/,Eos Capital official site,official_site,primary,public web,Curated wave3c by claude session.,2026-05-31
https://www.acagp.com/,African Capital Alliance official site,official_site,primary,public web,Curated wave3c by claude session.,2026-05-31
https://www.mekongcapital.com/,Mekong Capital official site,official_site,primary,public web,Curated wave3c by claude session.,2026-05-31
https://www.growtheumcapital.com/,Growtheum Capital Partners official site,official_site,primary,public web,Curated wave3c by claude session.,2026-05-31
https://www.falconhousepartners.com/,Falcon House Partners official site,official_site,primary,public web,Curated wave3c by claude session.,2026-05-31
https://excelsiorvietnam.com/,Excelsior Capital Vietnam official site,official_site,primary,public web,Curated wave3c by claude session.,2026-05-31
https://beaconfund.com/,Beacon Fund official site,official_site,primary,public web,Curated wave3c by claude session.,2026-05-31
https://sierramadre-pe.com/,Sierra Madre official site,official_site,primary,public web,Curated wave3c by claude session.,2026-05-31
https://www.navegar.com.ph/,Navegar official site,official_site,primary,public web,Curated wave3c by claude session.,2026-05-31
https://www.arqcapital.com/,ARQ Capital official site,official_site,primary,public web,Curated wave3c by claude session.,2026-05-31
https://spicevc.com/,SPiCE VC official site,official_site,primary,public web,Curated wave3c by claude session.,2026-05-31
https://www.gilion.com/,Gilion official site,official_site,primary,public web,Curated wave3c by claude session.,2026-05-31
https://www.disruptive.vc,Disruptive AI official site,official_site,primary,public web,Curated wave4 by claude session.,2026-05-31
https://www.viola-credit.com,Viola Credit official site,official_site,primary,public web,Curated wave4 by claude session.,2026-05-31
https://maor-investments.com,Maor Investments official site,official_site,primary,public web,Curated wave4 by claude session.,2026-05-31
https://www.liquiditygroup.com,Liquidity Group official site,official_site,primary,public web,Curated wave4 by claude session.,2026-05-31
https://www.awzventures.com,Awz Ventures official site,official_site,primary,public web,Curated wave4 by claude session.,2026-05-31
https://saronapartners.com,Sarona Partners official site,official_site,primary,public web,Curated wave4 by claude session.,2026-05-31
https://www.ffcapital.com,Fortissimo Capital official site,official_site,primary,public web,Curated wave4 by claude session.,2026-05-31
https://www.fimi.co.il,FIMI Opportunity Funds official site,official_site,primary,public web,Curated wave4 by claude session.,2026-05-31
https://www.algebracapital.com,Algebra Capital official site,official_site,primary,public web,Curated wave4 by claude session.,2026-05-31
https://www.gulfcapital.com,Gulf Capital official site,official_site,primary,public web,Curated wave4 by claude session.,2026-05-31
https://www.amwalcp.com,Amwal Capital Partners official site,official_site,primary,public web,Curated wave4 by claude session.,2026-05-31
https://www.ezdancapital.com,Ezdan Capital official site,official_site,primary,public web,Curated wave4 by claude session.,2026-05-31
https://maxab.io,Maxab official site,official_site,primary,public web,Curated wave4 by claude session.,2026-05-31
https://www.nuwacapital.com,Nuwa Capital official site,official_site,primary,public web,Curated wave4 by claude session.,2026-05-31
https://www.cotuventures.com,COTU Ventures official site,official_site,primary,public web,Curated wave4 by claude session.,2026-05-31
https://www.venturesouq.com,VentureSouq official site,official_site,primary,public web,Curated wave4 by claude session.,2026-05-31
https://www.phoenicianfunds.com,Phoenician Funds official site,official_site,primary,public web,Curated wave4 by claude session.,2026-05-31
https://212.vc,212 official site,official_site,primary,public web,Curated wave4 by claude session.,2026-05-31
https://www.revo.capital,Revo Capital official site,official_site,primary,public web,Curated wave4 by claude session.,2026-05-31
https://www.mavenip.com,Maven Investment Partners official site,official_site,primary,public web,Curated wave4 by claude session.,2026-05-31
https://www.outliers.vc,Outliers Venture Capital official site,official_site,primary,public web,Curated wave4 by claude session.,2026-05-31
https://ochre.vc/,Ochre Ventures official site,official_site,primary,public web,Curated wave4 by claude session.,2026-05-31
https://firstaustralianscapital.org/,First Australians Capital official site,official_site,primary,public web,Curated wave4 by claude session.,2026-05-31
https://www.mauitoa.vc/,Maui Toa official site,official_site,primary,public web,Curated wave4 by claude session.,2026-05-31
https://tenacious.ventures/,Tenacious Ventures official site,official_site,primary,public web,Curated wave4 by claude session.,2026-05-31
https://www.mandalay.vc/,Mandalay Venture Partners official site,official_site,primary,public web,Curated wave4 by claude session.,2026-05-31
https://www.fundwa.com.au/,FundWA official site,official_site,primary,public web,Curated wave4 by claude session.,2026-05-31
https://eastend.vc/,Eastend Ventures official site,official_site,primary,public web,Curated wave4 by claude session.,2026-05-31
https://blacksheepcapital.com.au/,Black Sheep Capital official site,official_site,primary,public web,Curated wave4 by claude session.,2026-05-31
https://matu.co.nz/,Matu official site,official_site,primary,public web,Curated wave4 by claude session.,2026-05-31
https://wntventures.co.nz/,WNT Ventures official site,official_site,primary,public web,Curated wave4 by claude session.,2026-05-31
https://www.quidnetventures.com/,Quidnet Ventures official site,official_site,primary,public web,Curated wave4 by claude session.,2026-05-31
https://bridgewest.ventures/,Bridgewest Ventures NZ official site,official_site,primary,public web,Curated wave4 by claude session.,2026-05-31
https://www.nuance.vc/,Nuance Connected Capital official site,official_site,primary,public web,Curated wave4 by claude session.,2026-05-31
https://www.angelhq.co.nz/,AngelHQ official site,official_site,primary,public web,Curated wave4 by claude session.,2026-05-31
https://www.enterpriseangels.co.nz/,Enterprise Angels official site,official_site,primary,public web,Curated wave4 by claude session.,2026-05-31
https://www.virescent.vc/,Virescent Ventures official site,official_site,primary,public web,Curated wave4 by claude session.,2026-05-31
https://climatevcfund.com/,Climate VC Fund (2040 Ventures) official site,official_site,primary,public web,Curated wave4 by claude session.,2026-05-31
https://www.commontrustcapital.com/,Common Trust Capital official site,official_site,primary,public web,Curated wave4 by claude session.,2026-05-31
https://blackfarmerfund.org/,Black Farmer Fund official site,official_site,primary,public web,Curated wave4 by claude session.,2026-05-31
https://slowmoney.org/,Slow Money Institute official site,official_site,primary,public web,Curated wave4 by claude session.,2026-05-31
https://navf.net/,Native American Venture Fund (NAVF) official site,official_site,primary,public web,Curated wave4 by claude session.,2026-05-31
https://www.maycombcapital.com/,Maycomb Capital official site,official_site,primary,public web,Curated wave4 by claude session.,2026-05-31
https://www.rootedfund.family/,RUNWAY (Rooted Fund) official site,official_site,primary,public web,Curated wave4 by claude session.,2026-05-31
https://www.katalyfoundation.org/program/restorative-economies-fund/,Restorative Economies Fund (Kataly Foundation) official site,official_site,primary,public web,Curated wave4 by claude session.,2026-05-31
https://www.j-ventures.com/,J-Ventures official site,official_site,primary,public web,Curated wave4 by claude session.,2026-05-31
https://ascensioninvestmentmanagement.com/,Ascension Investment Management official site,official_site,primary,public web,Curated wave4 by claude session.,2026-05-31
https://www.sunwealth.com/,Sunwealth official site,official_site,primary,public web,Curated wave4 by claude session.,2026-05-31
https://www.greenlineventures.com/,Greenline Ventures official site,official_site,primary,public web,Curated wave4 by claude session.,2026-05-31
https://lendistrycapitalpartners.com/,Lendistry Capital Partners official site,official_site,primary,public web,Curated wave4 by claude session.,2026-05-31
https://humba.vc,Humba Ventures official site,official_site,primary,public web,Curated wave4 by claude session.,2026-05-31
https://marque.vc,Marque VC official site,official_site,primary,public web,Curated wave4 by claude session.,2026-05-31
https://future.ventures,Future Ventures official site,official_site,primary,public web,Curated wave4 by claude session.,2026-05-31
https://www.fiftyyears.com,Fifty Years official site,official_site,primary,public web,Curated wave4 by claude session.,2026-05-31
https://civilization.vc,Civilization Ventures official site,official_site,primary,public web,Curated wave4 by claude session.,2026-05-31
https://www.typeone.vc,Type One Ventures official site,official_site,primary,public web,Curated wave4 by claude session.,2026-05-31
https://e14.vc,E14 Fund official site,official_site,primary,public web,Curated wave4 by claude session.,2026-05-31
https://www.osageup.com,Osage University Partners official site,official_site,primary,public web,Curated wave4 by claude session.,2026-05-31
https://www.ipgroupplc.com,IP Group official site,official_site,primary,public web,Curated wave4 by claude session.,2026-05-31
https://www.cic.vc,Cambridge Innovation Capital official site,official_site,primary,public web,Curated wave4 by claude session.,2026-05-31
https://oxfordscienceenterprises.com,Oxford Science Enterprises official site,official_site,primary,public web,Curated wave4 by claude session.,2026-05-31
https://magnetic.vc,Magnetic Ventures official site,official_site,primary,public web,Curated wave4 by claude session.,2026-05-31
https://www.marlinspikepartners.com,Marlinspike Partners official site,official_site,primary,public web,Curated wave4 by claude session.,2026-05-31
https://scout.vc,Scout Ventures official site,official_site,primary,public web,Curated wave4 by claude session.,2026-05-31
https://www.squadra.vc,Squadra Ventures official site,official_site,primary,public web,Curated wave4 by claude session.,2026-05-31
https://countdown.capital,Countdown Capital official site,official_site,primary,public web,Curated wave4 by claude session.,2026-05-31
https://www.buildventures.ca/,Build Ventures official site,official_site,primary,public web,Curated wave4 by claude session.,2026-05-31
https://www.concrete.vc/,Concrete Ventures official site,official_site,primary,public web,Curated wave4 by claude session.,2026-05-31
https://www.islandcapital.vc/,Island Capital Partners official site,official_site,primary,public web,Curated wave4 by claude session.,2026-05-31
https://killickcapital.com/,Killick Capital official site,official_site,primary,public web,Curated wave4 by claude session.,2026-05-31
https://www.conexusventurecapital.ca/,Conexus Venture Capital official site,official_site,primary,public web,Curated wave4 by claude session.,2026-05-31
https://verdexcapital.com/,Verdex Capital official site,official_site,primary,public web,Curated wave4 by claude session.,2026-05-31
https://www.evokinnovations.com/,Evok Innovations official site,official_site,primary,public web,Curated wave4 by claude session.,2026-05-31
https://www.pangaeaventures.com/,Pangaea Ventures official site,official_site,primary,public web,Curated wave4 by claude session.,2026-05-31
https://www.penderventures.com/,Pender Ventures official site,official_site,primary,public web,Curated wave4 by claude session.,2026-05-31
https://www.tricorpacific.com/,Tricor Pacific Capital official site,official_site,primary,public web,Curated wave4 by claude session.,2026-05-31
https://triptyq.vc/,Triptyq Capital official site,official_site,primary,public web,Curated wave4 by claude session.,2026-05-31
https://fondsinnovexport.com/en/,Fonds Innovexport official site,official_site,primary,public web,Curated wave4 by claude session.,2026-05-31
https://www.sarsia.com/,Sarsia Seed official site,official_site,primary,public web,Curated wave4 by claude session.,2026-05-31
https://nysnoinvest.no/en/,Nysnø Climate Investments official site,official_site,primary,public web,Curated wave4 by claude session.,2026-05-31
https://katapult.vc/ocean/,Katapult Ocean official site,official_site,primary,public web,Curated wave4 by claude session.,2026-05-31
https://psv.xyz/,PSV (PreSeed Ventures) official site,official_site,primary,public web,Curated wave4 by claude session.,2026-05-31
https://kompas.vc/,KOMPAS VC official site,official_site,primary,public web,Curated wave4 by claude session.,2026-05-31
https://www.spiltan.se/,Spiltan Invest official site,official_site,primary,public web,Curated wave4 by claude session.,2026-05-31
https://butterfly.vc/,Butterfly Ventures official site,official_site,primary,public web,Curated wave4 by claude session.,2026-05-31
https://www.parequity.com,Par Equity official site,official_site,primary,public web,Curated wave5 by claude session.,2026-05-31
https://www.techstart.vc,Techstart Ventures official site,official_site,primary,public web,Curated wave5 by claude session.,2026-05-31
https://eos-advisory.com,Eos Advisory official site,official_site,primary,public web,Curated wave5 by claude session.,2026-05-31
https://developmentbank.wales,Development Bank of Wales official site,official_site,primary,public web,Curated wave5 by claude session.,2026-05-31
https://www.abven.com,Atlantic Bridge official site,official_site,primary,public web,Curated wave5 by claude session.,2026-05-31
https://tricapital.co.uk,TRICAPITAL Angels official site,official_site,primary,public web,Curated wave5 by claude session.,2026-05-31
https://www.causeway.capital,Causeway Capital Partners official site,official_site,primary,public web,Curated wave5 by claude session.,2026-05-31
https://www.middlegamevc.com,MiddleGame Ventures official site,official_site,primary,public web,Curated wave5 by claude session.,2026-05-31
https://www.svv.ai,Sure Valley Ventures official site,official_site,primary,public web,Curated wave5 by claude session.,2026-05-31
https://www.sep.co.uk,Scottish Equity Partners official site,official_site,primary,public web,Curated wave5 by claude session.,2026-05-31
https://www.frontierip.co.uk,Frontier IP Group official site,official_site,primary,public web,Curated wave5 by claude session.,2026-05-31
https://www.hban.org,Halo Business Angel Network (HBAN) official site,official_site,primary,public web,Curated wave5 by claude session.,2026-05-31
https://www.clarendon-fm.co.uk,Clarendon Fund Managers official site,official_site,primary,public web,Curated wave5 by claude session.,2026-05-31
https://www.northstarventures.co.uk,Northstar Ventures official site,official_site,primary,public web,Curated wave5 by claude session.,2026-05-31
https://kindredcapital.vc,Kindred Capital official site,official_site,primary,public web,Curated wave5 by claude session.,2026-05-31
https://www.adaventures.com,Ada Ventures official site,official_site,primary,public web,Curated wave5 by claude session.,2026-05-31
https://impactxcapital.com,Impact X Capital official site,official_site,primary,public web,Curated wave5 by claude session.,2026-05-31
https://www.cornerstonevc.co,Cornerstone VC official site,official_site,primary,public web,Curated wave5 by claude session.,2026-05-31
https://www.volpicapital.com,Volpi Capital official site,official_site,primary,public web,Curated wave5 by claude session.,2026-05-31
https://actventure.capital,Act Venture Capital official site,official_site,primary,public web,Curated wave5 by claude session.,2026-05-31
https://www.northern-gritstone.com,Northern Gritstone official site,official_site,primary,public web,Curated wave5 by claude session.,2026-05-31
https://yfmep.com,YFM Equity Partners official site,official_site,primary,public web,Curated wave5 by claude session.,2026-05-31
https://pentacapital.com,Penta Capital official site,official_site,primary,public web,Curated wave5 by claude session.,2026-05-31
https://bettersocietycapital.com,Better Society Capital official site,official_site,primary,public web,Curated wave5 by claude session.,2026-05-31
https://www.equitygap.co.uk,Equity Gap official site,official_site,primary,public web,Curated wave5 by claude session.,2026-05-31
https://apventures.com/,AP Ventures official site,official_site,primary,public web,Curated wave5 by claude session.,2026-05-31
https://volta.vc/,Volta Energy Technologies official site,official_site,primary,public web,Curated wave5 by claude session.,2026-05-31
https://nucleationcapital.com/,Nucleation Capital official site,official_site,primary,public web,Curated wave5 by claude session.,2026-05-31
https://www.carbonremoval.partners/,Carbon Removal Partners official site,official_site,primary,public web,Curated wave5 by claude session.,2026-05-31
https://www.overture.vc/,Overture VC official site,official_site,primary,public web,Curated wave5 by claude session.,2026-05-31
https://piva.vc/,Piva Capital official site,official_site,primary,public web,Curated wave5 by claude session.,2026-05-31
https://www.arcternventures.com/,ArcTern Ventures official site,official_site,primary,public web,Curated wave5 by claude session.,2026-05-31
https://www.satgana.com/,Satgana official site,official_site,primary,public web,Curated wave5 by claude session.,2026-05-31
https://bluebearcap.com/,Blue Bear Capital official site,official_site,primary,public web,Curated wave5 by claude session.,2026-05-31
https://earthshot.vc/,Earthshot Ventures official site,official_site,primary,public web,Curated wave5 by claude session.,2026-05-31
https://loneviewcap.com/,Lone View Capital official site,official_site,primary,public web,Curated wave5 by claude session.,2026-05-31
https://www.diversis.com/,Diversis Capital official site,official_site,primary,public web,Curated wave5 by claude session.,2026-05-31
https://www.hggc.com/,HGGC official site,official_site,primary,public web,Curated wave5 by claude session.,2026-05-31
https://www.llcp.com/,Levine Leichtman Capital Partners official site,official_site,primary,public web,Curated wave5 by claude session.,2026-05-31
https://www.nexphase.com/,NexPhase Capital official site,official_site,primary,public web,Curated wave5 by claude session.,2026-05-31
https://periscopeequity.com/,Periscope Equity official site,official_site,primary,public web,Curated wave5 by claude session.,2026-05-31
https://sverica.com/,Sverica Capital Management official site,official_site,primary,public web,Curated wave5 by claude session.,2026-05-31
https://wealthpcg.com/,Wealth Partners Capital Group official site,official_site,primary,public web,Curated wave5 by claude session.,2026-05-31
https://websterequitypartners.com/,Webster Equity Partners official site,official_site,primary,public web,Curated wave5 by claude session.,2026-05-31
https://www.trinityhunt.com/,Trinity Hunt Partners official site,official_site,primary,public web,Curated wave5 by claude session.,2026-05-31
https://shamrockcap.com/,Shamrock Capital official site,official_site,primary,public web,Curated wave5 by claude session.,2026-05-31
https://www.edgewatercapital.com/,Edgewater Capital Partners official site,official_site,primary,public web,Curated wave5 by claude session.,2026-05-31
https://soundcorecap.com/,Soundcore Capital Partners official site,official_site,primary,public web,Curated wave5 by claude session.,2026-05-31
https://broadskypartners.com/,Broad Sky Partners official site,official_site,primary,public web,Curated wave5 by claude session.,2026-05-31
https://www.outsetcapital.com/,Outset Capital official site,official_site,primary,public web,Curated wave5 by claude session.,2026-05-31
https://www.dimensioncap.com/,Dimension Capital official site,official_site,primary,public web,Curated wave5 by claude session.,2026-05-31
https://www.zero-knowledge.xyz/,Zero Knowledge Ventures official site,official_site,primary,public web,Curated wave5 by claude session.,2026-05-31
https://www.zkv.xyz/,Zero Knowledge Validator official site,official_site,primary,public web,Curated wave5 by claude session.,2026-05-31
https://curql.com/,Curql Collective official site,official_site,primary,public web,Curated wave5 by claude session.,2026-05-31
https://www.trustage.com/ventures,TruStage Ventures official site,official_site,primary,public web,Curated wave5 by claude session.,2026-05-31
https://www.canapi.com/,Canapi Ventures official site,official_site,primary,public web,Curated wave5 by claude session.,2026-05-31
https://fintopcapital.com/,FINTOP Capital official site,official_site,primary,public web,Curated wave5 by claude session.,2026-05-31
https://www.insurtechny.com/fund/,InsurTech NY Fund official site,official_site,primary,public web,Curated wave5 by claude session.,2026-05-31
https://www.fintechv.com/,Fintech Ventures Fund official site,official_site,primary,public web,Curated wave5 by claude session.,2026-05-31
https://oss.capital/,OSS Capital official site,official_site,primary,public web,Curated wave5 by claude session.,2026-05-31
https://radical.vc/,Radical Ventures official site,official_site,primary,public web,Curated wave5 by claude session.,2026-05-31
https://metaplanet.com/,Metaplanet official site,official_site,primary,public web,Curated wave5 by claude session.,2026-05-31
https://www.halcyonfutures.org/,Halcyon Futures official site,official_site,primary,public web,Curated wave5 by claude session.,2026-05-31
https://www.airiskfund.com/,AI Risk Mitigation Fund official site,official_site,primary,public web,Curated wave5 by claude session.,2026-05-31
https://uniswapfoundation.org/,Uniswap Foundation official site,official_site,primary,public web,Curated wave5 by claude session.,2026-05-31
https://gitcoin.co/,Gitcoin official site,official_site,primary,public web,Curated wave5 by claude session.,2026-05-31
https://www.eniac.vc/,Eniac Ventures official site,official_site,primary,public web,Curated wave5 by claude session.,2026-05-31
https://www.gradient.com/,Gradient Ventures official site,official_site,primary,public web,Curated wave5 by claude session.,2026-05-31
https://1kx.capital/,1kx official site,official_site,primary,public web,Curated wave5 by claude session.,2026-05-31
https://www.teqnion.se/en/,Teqnion official site,official_site,primary,public web,Curated wave5 by claude session.,2026-05-31
https://www.roko.se/en/,Roko official site,official_site,primary,public web,Curated wave5 by claude session.,2026-05-31
https://idun.com/en/,Idun Industrier official site,official_site,primary,public web,Curated wave5 by claude session.,2026-05-31
https://www.lifco.se/,Lifco official site,official_site,primary,public web,Curated wave5 by claude session.,2026-05-31
https://www.addtech.com/,Addtech official site,official_site,primary,public web,Curated wave5 by claude session.,2026-05-31
https://www.lagercrantz.com/,Lagercrantz Group official site,official_site,primary,public web,Curated wave5 by claude session.,2026-05-31
https://www.bergmanbeving.com/en,Bergman & Beving official site,official_site,primary,public web,Curated wave5 by claude session.,2026-05-31
https://www.storskogen.com/,Storskogen official site,official_site,primary,public web,Curated wave5 by claude session.,2026-05-31
https://www.sdiptech.se/,Sdiptech official site,official_site,primary,public web,Curated wave5 by claude session.,2026-05-31
https://www.judges.uk.com/,Judges Scientific official site,official_site,primary,public web,Curated wave5 by claude session.,2026-05-31
https://compassdiversified.com/,Compass Diversified official site,official_site,primary,public web,Curated wave5 by claude session.,2026-05-31
https://bostonomaha.com/,Boston Omaha official site,official_site,primary,public web,Curated wave5 by claude session.,2026-05-31
https://razor-group.com/,Razor Group official site,official_site,primary,public web,Curated wave5 by claude session.,2026-05-31
https://www.goatbrandlabs.com/,G.O.A.T Brand Labs official site,official_site,primary,public web,Curated wave5 by claude session.,2026-05-31
https://cherokeenationbusinesses.com/company/investment/,Cherokee Investment Management official site,official_site,primary,public web,Curated wave5 by claude session.,2026-05-31
https://mbventures.com/,MB Venture Partners official site,official_site,primary,public web,Curated wave5 by claude session.,2026-05-31
https://overline.vc/,Overline official site,official_site,primary,public web,Curated wave5 by claude session.,2026-05-31
https://www.krillionventures.com/,Krillion Ventures official site,official_site,primary,public web,Curated wave5 by claude session.,2026-05-31
https://www.bronzevalley.com/,Bronze Valley official site,official_site,primary,public web,Curated wave5 by claude session.,2026-05-31
https://www.cottonwood.vc/,Cottonwood Technology Fund official site,official_site,primary,public web,Curated wave5 by claude session.,2026-05-31
https://jumpstartnova.com/,Jumpstart Nova official site,official_site,primary,public web,Curated wave5 by claude session.,2026-05-31
https://www.stoutstreetcapital.com/,Stout Street Capital official site,official_site,primary,public web,Curated wave5 by claude session.,2026-05-31
https://www.cofounderscapital.com/,Cofounders Capital official site,official_site,primary,public web,Curated wave5 by claude session.,2026-05-31
https://www.capitalfarmcredit.com/,Capital Farm Credit official site,official_site,primary,public web,Curated wave5 by claude session.,2026-05-31
https://savoryfund.com/,Savory Fund official site,official_site,primary,public web,Curated wave5 by claude session.,2026-05-31
https://range.vc/,Range Ventures official site,official_site,primary,public web,Curated wave5 by claude session.,2026-05-31
https://www.labventures.co/,LAB Ventures official site,official_site,primary,public web,Curated wave5 by claude session.,2026-05-31
https://www.energycapitalventures.com/,Energy Capital Ventures official site,official_site,primary,public web,Curated wave5 by claude session.,2026-05-31
https://www.impacta.vc/,Impacta VC official site,official_site,primary,public web,Curated wave6 by claude session.,2026-05-31
https://ewa.capital/,EWA Capital official site,official_site,primary,public web,Curated wave6 by claude session.,2026-05-31
https://www.kayyakventures.com/,Kayyak Ventures official site,official_site,primary,public web,Curated wave6 by claude session.,2026-05-31
https://cehtacapital.com/,Cehta Capital official site,official_site,primary,public web,Curated wave6 by claude session.,2026-05-31
https://www.marathonvc.com/,Marathon Ventures official site,official_site,primary,public web,Curated wave6 by claude session.,2026-05-31
https://www.femsaventures.com/,FEMSA Ventures official site,official_site,primary,public web,Curated wave6 by claude session.,2026-05-31
https://www.salkantay.vc/,Salkantay Ventures official site,official_site,primary,public web,Curated wave6 by claude session.,2026-05-31
https://www.angelventures.vc/,Angel Ventures official site,official_site,primary,public web,Curated wave6 by claude session.,2026-05-31
https://alaya-capital.com/,Alaya Capital official site,official_site,primary,public web,Curated wave6 by claude session.,2026-05-31
https://spventures.com.br/,SP Ventures official site,official_site,primary,public web,Curated wave6 by claude session.,2026-05-31
https://www.daluscapital.com/,Dalus Capital official site,official_site,primary,public web,Curated wave6 by claude session.,2026-05-31
https://caricaco.vc/en/,Caricaco Ventures official site,official_site,primary,public web,Curated wave6 by claude session.,2026-05-31
https://pomonaimpact.com/,Pomona Impact official site,official_site,primary,public web,Curated wave6 by claude session.,2026-05-31
https://newtopia.vc/,Newtopia VC official site,official_site,primary,public web,Curated wave6 by claude session.,2026-05-31
https://www.crp.com.br/en/,CRP Companhia de Participacoes official site,official_site,primary,public web,Curated wave6 by claude session.,2026-05-31
https://wollefvc.com/,Wollef official site,official_site,primary,public web,Curated wave6 by claude session.,2026-05-31
https://krealo.pe/en,Krealo official site,official_site,primary,public web,Curated wave6 by claude session.,2026-05-31
https://honeyisland.capital/,Honey Island Capital official site,official_site,primary,public web,Curated wave6 by claude session.,2026-05-31
https://www.alive-ventures.com/,ALIVE Ventures (Acumen LatAm Impact Ventures) official site,official_site,primary,public web,Curated wave6 by claude session.,2026-05-31
https://htwenty.vc/,HTwenty Capital Innovation official site,official_site,primary,public web,Curated wave6 by claude session.,2026-05-31
https://www.northwestern.edu/investment/,Northwestern University Investment Office official site,official_site,primary,public web,Curated wave6 by claude session.,2026-05-31
https://www.vanderbilt.edu/investments/,Vanderbilt University Office of Investments official site,official_site,primary,public web,Curated wave6 by claude session.,2026-05-31
https://endowment.wustl.edu,Washington University Investment Management Company official site,official_site,primary,public web,Curated wave6 by claude session.,2026-05-31
https://www.sic.state.nm.us,New Mexico State Investment Council official site,official_site,primary,public web,Curated wave6 by claude session.,2026-05-31
https://bnd.nd.gov,Bank of North Dakota official site,official_site,primary,public web,Curated wave6 by claude session.,2026-05-31
https://www.jbic.go.jp/en,Japan Bank for International Cooperation (JBIC) official site,official_site,primary,public web,Curated wave6 by claude session.,2026-05-31
https://mlcv.com/,Mille Lacs Corporate Ventures official site,official_site,primary,public web,Curated wave6 by claude session.,2026-05-31
https://ynce.com,Yakama Nation Credit Enterprise official site,official_site,primary,public web,Curated wave6 by claude session.,2026-05-31
https://www.fep-us.com/,Franchise Equity Partners official site,official_site,primary,public web,Curated wave6 by claude session.,2026-05-31
https://scaleco.com/,ScaleCo Capital official site,official_site,primary,public web,Curated wave6 by claude session.,2026-05-31
https://www.hiddenvalleycap.com/,Hidden Valley Capital official site,official_site,primary,public web,Curated wave6 by claude session.,2026-05-31
https://anvilcap.com/,Anvil Capital official site,official_site,primary,public web,Curated wave6 by claude session.,2026-05-31
https://www.hadleycapital.com/,Hadley Capital official site,official_site,primary,public web,Curated wave6 by claude session.,2026-05-31
https://argonnecapital.com/,Argonne Capital Group official site,official_site,primary,public web,Curated wave6 by claude session.,2026-05-31
https://www.tregaroncapital.com/,Tregaron Capital official site,official_site,primary,public web,Curated wave6 by claude session.,2026-05-31
https://boathousecapital.com/,Boathouse Capital official site,official_site,primary,public web,Curated wave6 by claude session.,2026-05-31
https://www.tecum.com/,Tecum Capital Partners official site,official_site,primary,public web,Curated wave6 by claude session.,2026-05-31
https://www.tuckermancapital.com/,Tuckerman Capital official site,official_site,primary,public web,Curated wave6 by claude session.,2026-05-31
https://hadleyfamilycapital.com/,Hadley Family Capital official site,official_site,primary,public web,Curated wave6 by claude session.,2026-05-31
https://intudovc.com/,Intudo Ventures official site,official_site,primary,public web,Curated wave6 by claude session.,2026-05-31
https://foxmontcapital.com/,Foxmont Capital Partners official site,official_site,primary,public web,Curated wave6 by claude session.,2026-05-31
https://www.kickstart.ph/,Kickstart Ventures official site,official_site,primary,public web,Curated wave6 by claude session.,2026-05-31
https://www.gentree.asia/,Gentree Fund official site,official_site,primary,public web,Curated wave6 by claude session.,2026-05-31
https://www.rhl.vc/,RHL Ventures official site,official_site,primary,public web,Curated wave6 by claude session.,2026-05-31
https://1337.ventures/,1337 Ventures official site,official_site,primary,public web,Curated wave6 by claude session.,2026-05-31
https://www.krungsrifinnovate.com/en/home,Krungsri Finnovate official site,official_site,primary,public web,Curated wave6 by claude session.,2026-05-31
https://www.beaconvc.fund/,Beacon Venture Capital official site,official_site,primary,public web,Curated wave6 by claude session.,2026-05-31
https://thailand.500.co/,500 Thailand (500 TukTuks) official site,official_site,primary,public web,Curated wave6 by claude session.,2026-05-31
https://vigroup.com/,VI Group (Vietnam Investments Group) official site,official_site,primary,public web,Curated wave6 by claude session.,2026-05-31
https://init-6.fund/,Init-6 official site,official_site,primary,public web,Curated wave6 by claude session.,2026-05-31
https://indogencapital.com/,Indogen Capital official site,official_site,primary,public web,Curated wave6 by claude session.,2026-05-31
https://www.briventures.id/,BRI Ventures official site,official_site,primary,public web,Curated wave6 by claude session.,2026-05-31
https://mdi.vc/,MDI Ventures official site,official_site,primary,public web,Curated wave6 by claude session.,2026-05-31
https://li.com.pk/lakson-investments-venture-capital-pakistan/,Lakson Venture Capital (LIVC) official site,official_site,primary,public web,Curated wave6 by claude session.,2026-05-31
https://www.sarmayacar.com/,Sarmayacar official site,official_site,primary,public web,Curated wave6 by claude session.,2026-05-31
https://www.indus.vc/,Indus Valley Capital official site,official_site,primary,public web,Curated wave6 by claude session.,2026-05-31
https://www.anchorless.vc/,Anchorless Bangladesh official site,official_site,primary,public web,Curated wave6 by claude session.,2026-05-31
https://www.idlcvc.com/,IDLC Venture Capital official site,official_site,primary,public web,Curated wave6 by claude session.,2026-05-31
https://venture.com.bd/,Bangladesh Venture Capital Limited (BVCL) official site,official_site,primary,public web,Curated wave6 by claude session.,2026-05-31
https://patamar.com/,Patamar Capital official site,official_site,primary,public web,Curated wave6 by claude session.,2026-05-31
https://sadif.com.kh/,Smart Axiata Digital Innovation Fund (SADIF) official site,official_site,primary,public web,Curated wave6 by claude session.,2026-05-31
https://mostfund.vc/,MOST Ventures official site,official_site,primary,public web,Curated wave6 by claude session.,2026-05-31
https://activat.vc/en,Activat VC official site,official_site,primary,public web,Curated wave6 by claude session.,2026-05-31
https://armharith.com/,ARM-Harith Infrastructure Investment official site,official_site,primary,public web,Curated wave6 by claude session.,2026-05-31
https://www.sangocapital.com/,Sango Capital official site,official_site,primary,public web,Curated wave6 by claude session.,2026-05-31
https://www.knifecap.com/,Knife Capital official site,official_site,primary,public web,Curated wave6 by claude session.,2026-05-31
https://aruwacapital.com/,Aruwa Capital Management official site,official_site,primary,public web,Curated wave6 by claude session.,2026-05-31
https://www.tana-africa.com/,Tana Africa Capital official site,official_site,primary,public web,Curated wave6 by claude session.,2026-05-31
https://atlanticaventures.com/,Atlantica Ventures official site,official_site,primary,public web,Curated wave6 by claude session.,2026-05-31
https://venturesplatform.com/,Ventures Platform official site,official_site,primary,public web,Curated wave6 by claude session.,2026-05-31
https://sawariventures.com/,Sawari Ventures official site,official_site,primary,public web,Curated wave6 by claude session.,2026-05-31
https://thealitheia.com/,Alitheia Capital official site,official_site,primary,public web,Curated wave6 by claude session.,2026-05-31
https://www.janngo.com/,Janngo Capital official site,official_site,primary,public web,Curated wave6 by claude session.,2026-05-31
https://healthcap.co/,HealthCap Africa official site,official_site,primary,public web,Curated wave6 by claude session.,2026-05-31
https://kibo-capital.com/,Kibo Capital Partners official site,official_site,primary,public web,Curated wave6 by claude session.,2026-05-31
https://algebraventures.com/,Algebra Ventures official site,official_site,primary,public web,Curated wave6 by claude session.,2026-05-31
https://persistent.energy/,Persistent Energy official site,official_site,primary,public web,Curated wave6 by claude session.,2026-05-31
https://www.ahlventurepartners.com/,AHL Venture Partners official site,official_site,primary,public web,Curated wave6 by claude session.,2026-05-31
https://goodwell.nl/,Goodwell Investments official site,official_site,primary,public web,Curated wave6 by claude session.,2026-05-31
https://seedstars-africa.vc/,Seedstars Africa Ventures official site,official_site,primary,public web,Curated wave6 by claude session.,2026-05-31
https://54collective.vc/,54 Collective official site,official_site,primary,public web,Curated wave6 by claude session.,2026-05-31
https://www.madica.vc/,Madica official site,official_site,primary,public web,Curated wave6 by claude session.,2026-05-31
https://vkav.vc/,Verod-Kepple Africa Ventures official site,official_site,primary,public web,Curated wave6 by claude session.,2026-05-31
https://www.dobequity.nl/,DOB Equity official site,official_site,primary,public web,Curated wave6 by claude session.,2026-05-31
https://www.oldmutualalternatives.com/our-capabilities/private-equity/,Old Mutual Private Equity official site,official_site,primary,public web,Curated wave6 by claude session.,2026-05-31
https://lereko.co.za/,Lereko Investments official site,official_site,primary,public web,Curated wave6 by claude session.,2026-05-31
https://www.thecatalystfund.com/,Catalyst Fund official site,official_site,primary,public web,Curated wave6 by claude session.,2026-05-31
https://www.allianzx.com/,Allianz X official site,official_site,primary,public web,Curated wave6 by claude session.,2026-05-31
https://www.pfizer.com/about/partners/venture-investments,Pfizer Ventures official site,official_site,primary,public web,Curated wave6 by claude session.,2026-05-31
https://www.kpventures.com/,Kaiser Permanente Ventures official site,official_site,primary,public web,Curated wave6 by claude session.,2026-05-31
https://www.bertelsmann.com/divisions/bertelsmann-investments/,Bertelsmann Investments official site,official_site,primary,public web,Curated wave6 by claude session.,2026-05-31
https://www.amfamventures.com/,American Family Ventures official site,official_site,primary,public web,Curated wave6 by claude session.,2026-05-31
https://www.sanofiventures.com/,Sanofi Ventures official site,official_site,primary,public web,Curated wave6 by claude session.,2026-05-31
https://www.roche.com/venturefund,Roche Venture Fund official site,official_site,primary,public web,Curated wave6 by claude session.,2026-05-31
https://www.generali.com/who-we-are/Strategic-Plan-Lifetime-Partner-24/Lead-innovation/innovation/Generali-Ventures,Generali Ventures official site,official_site,primary,public web,Curated wave6 by claude session.,2026-05-31
https://www.massgeneralbrigham.org/en/research-and-innovation/innovation/ventures,Mass General Brigham Ventures official site,official_site,primary,public web,Curated wave6 by claude session.,2026-05-31
https://www.m-ventures.com/,M Ventures official site,official_site,primary,public web,Curated wave6 by claude session.,2026-05-31
https://wayra.com/,Wayra official site,official_site,primary,public web,Curated wave6 by claude session.,2026-05-31
https://innov8.singtel.com/,Singtel Innov8 official site,official_site,primary,public web,Curated wave6 by claude session.,2026-05-31
https://www.t.capital/,T.Capital official site,official_site,primary,public web,Curated wave6 by claude session.,2026-05-31
https://www.nestle.com/investors/overview/venture-capital-funds,Nestle Ventures official site,official_site,primary,public web,Curated wave6 by claude session.,2026-05-31
https://www.406ventures.com/,.406 Ventures official site,official_site,primary,public web,Curated wave7p by claude session.,2026-05-31
https://www.boxercap.com/,Boxer Capital official site,official_site,primary,public web,Curated wave7p by claude session.,2026-05-31
https://www.methuselahfund.com/,Methuselah Fund official site,official_site,primary,public web,Curated wave7p by claude session.,2026-05-31
https://www.apollo.vc/,Apollo Health Ventures official site,official_site,primary,public web,Curated wave7p by claude session.,2026-05-31
https://maverickcapital.com/ventures,Maverick Ventures official site,official_site,primary,public web,Curated wave7p by claude session.,2026-05-31
https://www.whatif.vc/,What If Ventures official site,official_site,primary,public web,Curated wave7p by claude session.,2026-05-31
https://fcventures.com/,Frist Cressey Ventures official site,official_site,primary,public web,Curated wave7p by claude session.,2026-05-31
https://autismimpact.fund/,Autism Impact Fund official site,official_site,primary,public web,Curated wave7p by claude session.,2026-05-31
https://www.avestria.vc/,Avestria Ventures official site,official_site,primary,public web,Curated wave7p by claude session.,2026-05-31
https://www.lifeforcecap.com/,Lifeforce Capital official site,official_site,primary,public web,Curated wave7p by claude session.,2026-05-31
https://www.questacapital.com/,Questa Capital official site,official_site,primary,public web,Curated wave7p by claude session.,2026-05-31
https://www.lrvhealth.com/,LRVHealth official site,official_site,primary,public web,Curated wave7p by claude session.,2026-05-31
https://www.flarecapital.com/,Flare Capital Partners official site,official_site,primary,public web,Curated wave7p by claude session.,2026-05-31
https://transformcap.com/,Transformation Capital official site,official_site,primary,public web,Curated wave7p by claude session.,2026-05-31
https://hatterasvp.com/,Hatteras Venture Partners official site,official_site,primary,public web,Curated wave7p by claude session.,2026-05-31
https://www.springtide.com/,SpringTide Ventures official site,official_site,primary,public web,Curated wave7p by claude session.,2026-05-31
https://generatorvc.com/,Generator Ventures official site,official_site,primary,public web,Curated wave7p by claude session.,2026-05-31
https://www.aphelioncapital.net/,Aphelion Capital official site,official_site,primary,public web,Curated wave7p by claude session.,2026-05-31
https://argosycapital.com/private-equity,Argosy Private Equity official site,official_site,primary,public web,Curated wave7p by claude session.,2026-05-31
https://www.masonwells.com,Mason Wells official site,official_site,primary,public web,Curated wave7p by claude session.,2026-05-31
https://www.boynecapital.com,Boyne Capital official site,official_site,primary,public web,Curated wave7p by claude session.,2026-05-31
https://www.sawmillcapital.com,Saw Mill Capital official site,official_site,primary,public web,Curated wave7p by claude session.,2026-05-31
https://www.fivepointscapital.com,Five Points Capital official site,official_site,primary,public web,Curated wave7p by claude session.,2026-05-31
https://www.atlanticstreetcapital.com,Atlantic Street Capital official site,official_site,primary,public web,Curated wave7p by claude session.,2026-05-31
https://www.ironwoodcap.com,Ironwood Capital official site,official_site,primary,public web,Curated wave7p by claude session.,2026-05-31
https://www.tenexcm.com,Tenex Capital Management official site,official_site,primary,public web,Curated wave7p by claude session.,2026-05-31
https://www.southfieldcapital.com,Southfield Capital official site,official_site,primary,public web,Curated wave7p by claude session.,2026-05-31
https://www.northstarcapital.com,Northstar Capital official site,official_site,primary,public web,Curated wave7p by claude session.,2026-05-31
https://www.huroncapital.com,Huron Capital official site,official_site,primary,public web,Curated wave7p by claude session.,2026-05-31
https://monumentmicrocap.com,Monument MicroCap Partners official site,official_site,primary,public web,Curated wave7p by claude session.,2026-05-31
https://www.inclineequity.com,Incline Equity Partners official site,official_site,primary,public web,Curated wave7p by claude session.,2026-05-31
https://www.copleyequity.com,Copley Equity Partners official site,official_site,primary,public web,Curated wave7p by claude session.,2026-05-31
https://www.whitewolfcapital.com,White Wolf Capital official site,official_site,primary,public web,Curated wave7p by claude session.,2026-05-31
https://www.rockwoodequity.com,Rockwood Equity official site,official_site,primary,public web,Curated wave7p by claude session.,2026-05-31
https://www.spellcapital.com,Spell Capital Partners official site,official_site,primary,public web,Curated wave7p by claude session.,2026-05-31
https://boostedcommerce.com,Boosted Commerce official site,official_site,primary,public web,Curated wave7b by claude session.,2026-05-31
https://selvaventures.com,Selva Ventures official site,official_site,primary,public web,Curated wave7b by claude session.,2026-05-31
https://www.coefficientcap.com,Coefficient Capital official site,official_site,primary,public web,Curated wave7b by claude session.,2026-05-31
https://patron.fund,Patron official site,official_site,primary,public web,Curated wave7b by claude session.,2026-05-31
https://tq.vc,TQ Ventures official site,official_site,primary,public web,Curated wave7b by claude session.,2026-05-31
https://karpreilly.com,KarpReilly official site,official_site,primary,public web,Curated wave7b by claude session.,2026-05-31
https://banskgroup.com,Bansk Group official site,official_site,primary,public web,Curated wave7b by claude session.,2026-05-31
https://mannatreepartners.com,Manna Tree Partners official site,official_site,primary,public web,Curated wave7b by claude session.,2026-05-31
https://www.sandbridgecap.com,Sandbridge Capital official site,official_site,primary,public web,Curated wave7b by claude session.,2026-05-31
https://beautyindustrygroup.com,Beauty Industry Group official site,official_site,primary,public web,Curated wave7b by claude session.,2026-05-31
https://www.pennyjar.com,Penny Jar Capital official site,official_site,primary,public web,Curated wave7b by claude session.,2026-05-31
https://serenaventures.com,Serena Ventures official site,official_site,primary,public web,Curated wave7b by claude session.,2026-05-31
https://35v.tv,Thirty Five Ventures (35V) official site,official_site,primary,public web,Curated wave7b by claude session.,2026-05-31
https://perchhq.com,Perch official site,official_site,primary,public web,Curated wave7b by claude session.,2026-05-31
https://rhmusicroyaltypartners.com,Round Hill Music Royalty Partners official site,official_site,primary,public web,Curated wave7b by claude session.,2026-05-31
https://litmusmusic.com,Litmus Music official site,official_site,primary,public web,Curated wave7b by claude session.,2026-05-31
https://www.harbourviewequity.com,HarbourView Equity Partners official site,official_site,primary,public web,Curated wave7b by claude session.,2026-05-31
https://www.arborpic.com,Arbor Investments official site,official_site,primary,public web,Curated wave7b by claude session.,2026-05-31
https://www.encoreconsumer.com,Encore Consumer Capital official site,official_site,primary,public web,Curated wave7b by claude session.,2026-05-31
https://www.acqu.co,Acquco official site,official_site,primary,public web,Curated wave7b by claude session.,2026-05-31
https://olsamgroup.com,Olsam Group official site,official_site,primary,public web,Curated wave7b by claude session.,2026-05-31
https://www.vmgpartners.com,VMG Partners official site,official_site,primary,public web,Curated wave7b by claude session.,2026-05-31
https://www.crestcapital.com,Crest Capital official site,official_site,primary,public web,Curated wave7b by claude session.,2026-05-31
https://www.briarcapital.com,Briar Capital official site,official_site,primary,public web,Curated wave7b by claude session.,2026-05-31
https://sallyportcf.com,Sallyport Commercial Finance official site,official_site,primary,public web,Curated wave7b by claude session.,2026-05-31
https://whiteoaksf.com,White Oak Global Advisors official site,official_site,primary,public web,Curated wave7b by claude session.,2026-05-31
https://www.whitehorsefinance.com,WhiteHorse Finance official site,official_site,primary,public web,Curated wave7b by claude session.,2026-05-31
https://lenderfinance.encinacapital.com,Encina Lender Finance official site,official_site,primary,public web,Curated wave7b by claude session.,2026-05-31
https://ecapital.com,eCapital official site,official_site,primary,public web,Curated wave7b by claude session.,2026-05-31
https://www.rivierafinance.com,Riviera Finance official site,official_site,primary,public web,Curated wave7b by claude session.,2026-05-31
https://1stcommercialcredit.com,1st Commercial Credit official site,official_site,primary,public web,Curated wave7b by claude session.,2026-05-31
https://www.universalfunding.com,Universal Funding official site,official_site,primary,public web,Curated wave7b by claude session.,2026-05-31
https://www.commercialcreditgroup.com,Commercial Credit Group official site,official_site,primary,public web,Curated wave7b by claude session.,2026-05-31
https://www.reverecapital.com,Revere Capital official site,official_site,primary,public web,Curated wave7b by claude session.,2026-05-31
https://www.slrcapitalpartners.com,SLR Capital Partners official site,official_site,primary,public web,Curated wave7b by claude session.,2026-05-31
https://inadvancecap.com,In Advance Capital official site,official_site,primary,public web,Curated wave7b by claude session.,2026-05-31
https://www.peachtreegroup.com,Peachtree Group official site,official_site,primary,public web,Curated wave7b by claude session.,2026-05-31
https://www.midcapfinancial.com,MidCap Financial official site,official_site,primary,public web,Curated wave7b by claude session.,2026-05-31
https://crestlineinvestors.com,Crestline Investors official site,official_site,primary,public web,Curated wave7b by claude session.,2026-05-31
https://www.targetedlending.com,Targeted Lending Co official site,official_site,primary,public web,Curated wave7b by claude session.,2026-05-31
https://commercialfinancepartners.com,Commercial Finance Partners official site,official_site,primary,public web,Curated wave7b by claude session.,2026-05-31
https://northpointcf.com,Northpoint Commercial Finance official site,official_site,primary,public web,Curated wave7b by claude session.,2026-05-31
https://www.gordonbrothers.com,Gordon Brothers official site,official_site,primary,public web,Curated wave7b by claude session.,2026-05-31
https://www.oaktreespecialtylending.com,Oaktree Specialty Lending Corporation official site,official_site,primary,public web,Curated wave7b by claude session.,2026-05-31
https://www.rcncapital.com,RCN Capital official site,official_site,primary,public web,Curated wave7b by claude session.,2026-05-31
https://bocacapitalpartners.com,Boca Capital Partners official site,official_site,primary,public web,Curated wave7b by claude session.,2026-05-31
https://www.ecg.com,Expansion Capital Group official site,official_site,primary,public web,Curated wave7b by claude session.,2026-05-31
https://www.gibraltarbc.com,Gibraltar Business Capital official site,official_site,primary,public web,Curated wave7b by claude session.,2026-05-31
https://straydogcapital.com,Stray Dog Capital official site,official_site,primary,public web,Curated wave7b by claude session.,2026-05-31
https://www.levervc.com,Lever VC official site,official_site,primary,public web,Curated wave7b by claude session.,2026-05-31
https://bigideaventures.com,Big Idea Ventures official site,official_site,primary,public web,Curated wave7b by claude session.,2026-05-31
https://www.unovis.vc,Unovis Asset Management official site,official_site,primary,public web,Curated wave7b by claude session.,2026-05-31
https://synthesis.capital,Synthesis Capital official site,official_site,primary,public web,Curated wave7b by claude session.,2026-05-31
https://www.hatch.blue,Hatch Blue official site,official_site,primary,public web,Curated wave7b by claude session.,2026-05-31
https://www.aqua-spark.nl,Aqua-Spark official site,official_site,primary,public web,Curated wave7b by claude session.,2026-05-31
https://www.clearfrontierag.com,Clear Frontier Ag Management official site,official_site,primary,public web,Curated wave7b by claude session.,2026-05-31
https://www.foodlabs.com,FoodLabs official site,official_site,primary,public web,Curated wave7b by claude session.,2026-05-31
https://vegcapital.co.uk,Veg Capital official site,official_site,primary,public web,Curated wave7b by claude session.,2026-05-31
https://futurefoodfund.nl,Future Food Fund official site,official_site,primary,public web,Curated wave7b by claude session.,2026-05-31
https://www.ospraie.com,Ospraie Ag Science official site,official_site,primary,public web,Curated wave7b by claude session.,2026-05-31
https://astanor.com,Astanor Ventures official site,official_site,primary,public web,Curated wave7b by claude session.,2026-05-31
https://ocean14capital.com,Ocean 14 Capital official site,official_site,primary,public web,Curated wave7b by claude session.,2026-05-31
https://conventcapital.nl,Convent Capital official site,official_site,primary,public web,Curated wave7b by claude session.,2026-05-31
https://www.agrifrontier.com,Agri Frontier official site,official_site,primary,public web,Curated wave7b by claude session.,2026-05-31
https://peakbridge.vc,PeakBridge official site,official_site,primary,public web,Curated wave7b by claude session.,2026-05-31
https://theyieldlab.com,The Yield Lab official site,official_site,primary,public web,Curated wave7b by claude session.,2026-05-31
https://sustainablefoodventures.com,Sustainable Food Ventures official site,official_site,primary,public web,Curated wave7b by claude session.,2026-05-31
https://arafund.com,Acumen Resilient Agriculture Fund official site,official_site,primary,public web,Curated wave7b by claude session.,2026-05-31
https://lewisandclarkpartners.com,Lewis & Clark Partners official site,official_site,primary,public web,Curated wave7b by claude session.,2026-05-31
https://www.compeer.com,Compeer Financial official site,official_site,primary,public web,Curated wave7b by claude session.,2026-05-31
https://www.veteran.fund/,The Veteran Fund official site,official_site,primary,public web,Curated wave7b by claude session.,2026-05-31
https://ctinnovations.com/,Connecticut Innovations official site,official_site,primary,public web,Curated wave7b by claude session.,2026-05-31
https://www.maineventurefund.com/,Maine Venture Fund official site,official_site,primary,public web,Curated wave7b by claude session.,2026-05-31
https://www.masscapital.com/,Massachusetts Capital Resource Company official site,official_site,primary,public web,Curated wave7b by claude session.,2026-05-31
https://www.masscec.com/investments,Massachusetts Clean Energy Center (MassCEC) official site,official_site,primary,public web,Curated wave7b by claude session.,2026-05-31
https://greenbank.ny.gov/,NY Green Bank official site,official_site,primary,public web,Curated wave7b by claude session.,2026-05-31
https://www.tedcomd.com/,TEDCO (Maryland Technology Development Corporation) official site,official_site,primary,public web,Curated wave7b by claude session.,2026-05-31
https://wedc.org/programs-and-resources/wisconsin-investment-fund/,Wisconsin Investment Fund official site,official_site,primary,public web,Curated wave7b by claude session.,2026-05-31
https://marsiaf.com/,MaRS Investment Accelerator Fund (IAF) official site,official_site,primary,public web,Curated wave7b by claude session.,2026-05-31
https://www.totalimpactcapital.com/,Total Impact Capital official site,official_site,primary,public web,Curated wave7b by claude session.,2026-05-31
https://www.mcesocap.org/,MCE Social Capital official site,official_site,primary,public web,Curated wave7b by claude session.,2026-05-31
https://www.reinvestment.com/,Reinvestment Fund official site,official_site,primary,public web,Curated wave7b by claude session.,2026-05-31
https://www.hiltonfoundation.org/work/program-related-investments/,Hilton Foundation Program-Related Investments official site,official_site,primary,public web,Curated wave7b by claude session.,2026-05-31
https://socialfinance.org/,Social Finance official site,official_site,primary,public web,Curated wave7b by claude session.,2026-05-31
https://www.coloradoenterprisefund.org/,Colorado Enterprise Fund official site,official_site,primary,public web,Curated wave7b by claude session.,2026-05-31
https://piedmontbusinesscapital.org/,Piedmont Business Capital official site,official_site,primary,public web,Curated wave7b by claude session.,2026-05-31
https://www.kiboventures.com,Kibo Ventures official site,official_site,primary,public web,Curated wave8 by claude session.,2026-05-31
https://www.nautacapital.com,Nauta Capital official site,official_site,primary,public web,Curated wave8 by claude session.,2026-05-31
https://www.inveready.com,Inveready official site,official_site,primary,public web,Curated wave8 by claude session.,2026-05-31
https://encomenda.com,Encomenda Smart Capital official site,official_site,primary,public web,Curated wave8 by claude session.,2026-05-31
https://www.kfund.vc,Kfund official site,official_site,primary,public web,Curated wave8 by claude session.,2026-05-31
https://samaipata.vc,Samaipata official site,official_site,primary,public web,Curated wave8 by claude session.,2026-05-31
https://adara.vc,Adara Ventures official site,official_site,primary,public web,Curated wave8 by claude session.,2026-05-31
https://asabys.com,Asabys Partners official site,official_site,primary,public web,Curated wave8 by claude session.,2026-05-31
https://www.axonpartnersgroup.com,Axon Partners Group official site,official_site,primary,public web,Curated wave8 by claude session.,2026-05-31
https://p101.it,P101 Ventures official site,official_site,primary,public web,Curated wave8 by claude session.,2026-05-31
https://unitedventures.com,United Ventures official site,official_site,primary,public web,Curated wave8 by claude session.,2026-05-31
https://www.indacosgr.com,Indaco Venture Partners official site,official_site,primary,public web,Curated wave8 by claude session.,2026-05-31
https://www.cdpventurecapital.it,CDP Venture Capital official site,official_site,primary,public web,Curated wave8 by claude session.,2026-05-31
https://www.vertis.it,Vertis SGR official site,official_site,primary,public web,Curated wave8 by claude session.,2026-05-31
http://www.innogestcapital.com,Innogest Capital official site,official_site,primary,public web,Curated wave8 by claude session.,2026-05-31
https://liftt.it,LIFTT official site,official_site,primary,public web,Curated wave8 by claude session.,2026-05-31
https://indicocapital.com,Indico Capital Partners official site,official_site,primary,public web,Curated wave8 by claude session.,2026-05-31
https://www.portugalventures.pt,Portugal Ventures official site,official_site,primary,public web,Curated wave8 by claude session.,2026-05-31
https://bynd.vc,BYND Venture Capital official site,official_site,primary,public web,Curated wave8 by claude session.,2026-05-31
https://www.caixacapital.pt,Caixa Capital (Portugal) official site,official_site,primary,public web,Curated wave8 by claude session.,2026-05-31
https://www.maze-impact.com,Mustard Seed MAZE official site,official_site,primary,public web,Curated wave8 by claude session.,2026-05-31
https://www.cyberstarts.com/,Cyberstarts official site,official_site,primary,public web,Curated wave8 by claude session.,2026-05-31
https://www.f2vc.com/,F2 Venture Capital official site,official_site,primary,public web,Curated wave8 by claude session.,2026-05-31
https://www.stageonevc.com/,Stage One Ventures official site,official_site,primary,public web,Curated wave8 by claude session.,2026-05-31
https://www.cardumencapital.com/,Cardumen Capital official site,official_site,primary,public web,Curated wave8 by claude session.,2026-05-31
https://www.glilotcapital.com/,Glilot Capital Partners official site,official_site,primary,public web,Curated wave8 by claude session.,2026-05-31
https://www.mangrove.vc/,Mangrove Capital Partners official site,official_site,primary,public web,Curated wave8 by claude session.,2026-05-31
https://www.tenecapital.com/,Tene Capital official site,official_site,primary,public web,Curated wave8 by claude session.,2026-05-31
https://wamdacapital.com/,Wamda Capital official site,official_site,primary,public web,Curated wave8 by claude session.,2026-05-31
https://www.becocapital.com/,BECO Capital official site,official_site,primary,public web,Curated wave8 by claude session.,2026-05-31
https://www.mevp.com/,Middle East Venture Partners (MEVP) official site,official_site,primary,public web,Curated wave8 by claude session.,2026-05-31
https://www.shorooq.com/,Shorooq Partners official site,official_site,primary,public web,Curated wave8 by claude session.,2026-05-31
https://global.vc/,Global Ventures official site,official_site,primary,public web,Curated wave8 by claude session.,2026-05-31
https://www.alwahafund.com/,Al Waha Fund of Funds official site,official_site,primary,public web,Curated wave8 by claude session.,2026-05-31
https://siliconbadia.com/,Silicon Badia official site,official_site,primary,public web,Curated wave8 by claude session.,2026-05-31
https://www.elaia.com,Elaia Partners official site,official_site,primary,public web,Curated wave8 by claude session.,2026-05-31
https://www.oneragtime.com,OneRagtime official site,official_site,primary,public web,Curated wave8 by claude session.,2026-05-31
https://www.isai.fr,ISAI official site,official_site,primary,public web,Curated wave8 by claude session.,2026-05-31
http://educapitalvc.com,Educapital official site,official_site,primary,public web,Curated wave8 by claude session.,2026-05-31
https://demea-si.com,Demeter Partners official site,official_site,primary,public web,Curated wave8 by claude session.,2026-05-31
https://www.aglaeventures.com,Aglae Ventures official site,official_site,primary,public web,Curated wave8 by claude session.,2026-05-31
https://www.newfundcap.com,Newfund Capital official site,official_site,primary,public web,Curated wave8 by claude session.,2026-05-31
https://www.xange.vc,XAnge official site,official_site,primary,public web,Curated wave8 by claude session.,2026-05-31
https://www.ringcp.com,Ring Capital official site,official_site,primary,public web,Curated wave8 by claude session.,2026-05-31
https://www.otiumcapital.com,Otium Capital official site,official_site,primary,public web,Curated wave8 by claude session.,2026-05-31
https://tcd-capital.com,TCD Capital official site,official_site,primary,public web,Curated wave8 by claude session.,2026-05-31
https://www.fortino.group,Fortino Capital official site,official_site,primary,public web,Curated wave8 by claude session.,2026-05-31
https://smartfinvc.com,SmartFin official site,official_site,primary,public web,Curated wave8 by claude session.,2026-05-31
https://www.volta.ventures,Volta Ventures official site,official_site,primary,public web,Curated wave8 by claude session.,2026-05-31
https://www.pitchdrive.com,Pitchdrive official site,official_site,primary,public web,Curated wave8 by claude session.,2026-05-31
https://www.newion.com,Newion official site,official_site,primary,public web,Curated wave8 by claude session.,2026-05-31
https://www.slingshot.ventures,Slingshot Ventures official site,official_site,primary,public web,Curated wave8 by claude session.,2026-05-31
https://www.4impact.vc,4impact Capital official site,official_site,primary,public web,Curated wave8 by claude session.,2026-05-31
https://borskifund.com,Borski Fund official site,official_site,primary,public web,Curated wave8 by claude session.,2026-05-31
https://www.curiosityvc.com,Curiosity VC official site,official_site,primary,public web,Curated wave8 by claude session.,2026-05-31
https://www.luxempart.lu,Luxempart official site,official_site,primary,public web,Curated wave8 by claude session.,2026-05-31
https://www.capnamic.com,Capnamic Ventures official site,official_site,primary,public web,Curated wave8 by claude session.,2026-05-31
https://www.actoncapital.com,Acton Capital official site,official_site,primary,public web,Curated wave8 by claude session.,2026-05-31
https://www.ananda.vc,Ananda Impact Ventures official site,official_site,primary,public web,Curated wave8 by claude session.,2026-05-31
https://vorwerkventures.com,Vorwerk Ventures official site,official_site,primary,public web,Curated wave8 by claude session.,2026-05-31
https://468cap.com,468 Capital official site,official_site,primary,public web,Curated wave8 by claude session.,2026-05-31
https://www.senovo.vc,Senovo official site,official_site,primary,public web,Curated wave8 by claude session.,2026-05-31
https://verve.vc,Verve Ventures official site,official_site,primary,public web,Curated wave8 by claude session.,2026-05-31
https://spicehaus.com,Spicehaus Partners official site,official_site,primary,public web,Curated wave8 by claude session.,2026-05-31
https://www.founderful.com,Founderful official site,official_site,primary,public web,Curated wave8 by claude session.,2026-05-31
https://www.zuehlke.com/en/about-us/ventures,Zuhlke Ventures official site,official_site,primary,public web,Curated wave8 by claude session.,2026-05-31
https://www.redalpine.com,redalpine Venture Partners official site,official_site,primary,public web,Curated wave8 by claude session.,2026-05-31
https://www.coparion.vc,Coparion official site,official_site,primary,public web,Curated wave8 by claude session.,2026-05-31
https://www.htgf.de,High-Tech Grunderfonds (HTGF) official site,official_site,primary,public web,Curated wave8 by claude session.,2026-05-31
https://www.targetpartners.de,Target Partners official site,official_site,primary,public web,Curated wave8 by claude session.,2026-05-31
https://www.freigeist.com,Freigeist Capital official site,official_site,primary,public web,Curated wave8 by claude session.,2026-05-31
https://tecnet.at,tecnet equity official site,official_site,primary,public web,Curated wave8 by claude session.,2026-05-31
https://elevator-ventures.com,Elevator Ventures official site,official_site,primary,public web,Curated wave8 by claude session.,2026-05-31
https://www.firstmomentum.vc,First Momentum Ventures official site,official_site,primary,public web,Curated wave8 by claude session.,2026-05-31
https://merantix.com,Merantix official site,official_site,primary,public web,Curated wave8 by claude session.,2026-05-31
https://www.findos.com,Findos Investor official site,official_site,primary,public web,Curated wave8 by claude session.,2026-05-31
https://www.serpentine.vc,Serpentine Ventures official site,official_site,primary,public web,Curated wave8 by claude session.,2026-05-31
https://www.brightlyventures.com,Brightly Ventures official site,official_site,primary,public web,Curated wave8 by claude session.,2026-05-31
https://www.byfounders.vc,byFounders official site,official_site,primary,public web,Curated wave8 by claude session.,2026-05-31
https://idekapital.com,Idekapital official site,official_site,primary,public web,Curated wave8 by claude session.,2026-05-31
https://www.tera.vc,Tera Ventures official site,official_site,primary,public web,Curated wave8 by claude session.,2026-05-31
https://karma.vc,Karma Ventures official site,official_site,primary,public web,Curated wave8 by claude session.,2026-05-31
https://www.practica.vc,Practica Capital official site,official_site,primary,public web,Curated wave8 by claude session.,2026-05-31
https://ironwolfcapital.com,Iron Wolf Capital official site,official_site,primary,public web,Curated wave8 by claude session.,2026-05-31
https://www.baltcap.com,BaltCap official site,official_site,primary,public web,Curated wave8 by claude session.,2026-05-31
https://www.changeventures.com,Change Ventures official site,official_site,primary,public web,Curated wave8 by claude session.,2026-05-31
https://www.superherocapital.com,Superhero Capital official site,official_site,primary,public web,Curated wave8 by claude session.,2026-05-31
https://www.tesi.fi,Tesi (Finnish Industry Investment) official site,official_site,primary,public web,Curated wave8 by claude session.,2026-05-31
https://kirkbi.com,KIRKBI official site,official_site,primary,public web,Curated wave8 by claude session.,2026-05-31
https://apmoller.com,A.P. Moller Holding official site,official_site,primary,public web,Curated wave8 by claude session.,2026-05-31
https://paleblue.vc,Pale Blue Dot official site,official_site,primary,public web,Curated wave8 by claude session.,2026-05-31
https://specialist.vc,Specialist VC official site,official_site,primary,public web,Curated wave8 by claude session.,2026-05-31
https://metaprop.com/,MetaProp official site,official_site,primary,public web,Curated wave8 by claude session.,2026-05-31
https://moderneventures.com/,Moderne Ventures official site,official_site,primary,public web,Curated wave8 by claude session.,2026-05-31
https://www.cambercreek.com/,Camber Creek official site,official_site,primary,public web,Curated wave8 by claude session.,2026-05-31
https://thayerinvestmentpartners.com/,Thayer Investment Partners official site,official_site,primary,public web,Curated wave8 by claude session.,2026-05-31
https://reachcapital.com/,Reach Capital official site,official_site,primary,public web,Curated wave8 by claude session.,2026-05-31
https://learn.vc/,Learn Capital official site,official_site,primary,public web,Curated wave8 by claude session.,2026-05-31
https://gsv.ventures/,GSV Ventures official site,official_site,primary,public web,Curated wave8 by claude session.,2026-05-31
https://casaverdecapital.com/,Casa Verde Capital official site,official_site,primary,public web,Curated wave8 by claude session.,2026-05-31
https://poseidonassetmanagement.com/,Poseidon Asset Management official site,official_site,primary,public web,Curated wave8 by claude session.,2026-05-31
https://phytopartners.com/,Phyto Partners official site,official_site,primary,public web,Curated wave8 by claude session.,2026-05-31
https://psymed.ventures/,PsyMed Ventures official site,official_site,primary,public web,Curated wave8 by claude session.,2026-05-31
https://digitalisventures.com/,Digitalis Ventures official site,official_site,primary,public web,Curated wave8 by claude session.,2026-05-31
https://www.foreground.vc/,Foreground Capital official site,official_site,primary,public web,Curated wave8 by claude session.,2026-05-31
https://plexocap.com/,Plexo Capital official site,official_site,primary,public web,Curated wave8 by claude session.,2026-05-31
https://equal.vc/,Equal Ventures official site,official_site,primary,public web,Curated wave8 by claude session.,2026-05-31
https://www.ppcpartners.com,Pritzker Private Capital official site,official_site,primary,public web,Curated wave9 by claude session.,2026-05-31
https://pritzkerorg.com,The Pritzker Organization official site,official_site,primary,public web,Curated wave9 by claude session.,2026-05-31
https://www.psppartners.com,PSP Partners official site,official_site,primary,public web,Curated wave9 by claude session.,2026-05-31
https://www.friedkin.com,The Friedkin Group official site,official_site,primary,public web,Curated wave9 by claude session.,2026-05-31
https://coxfamilyholdings.com,Cox Family Holdings official site,official_site,primary,public web,Curated wave9 by claude session.,2026-05-31
https://www.tattarang.com,Tattarang official site,official_site,primary,public web,Curated wave9 by claude session.,2026-05-31
https://www.lauderpartners.com,Lauder Partners official site,official_site,primary,public web,Curated wave9 by claude session.,2026-05-31
https://www.tsao.com,Tsao Family Office official site,official_site,primary,public web,Curated wave9 by claude session.,2026-05-31
https://www.reubenbrothers.com,Reuben Brothers official site,official_site,primary,public web,Curated wave9 by claude session.,2026-05-31
https://wallenberginvestments.com,Wallenberg Investments official site,official_site,primary,public web,Curated wave9 by claude session.,2026-05-31
https://www.patriciaindustries.com,Patricia Industries official site,official_site,primary,public web,Curated wave9 by claude session.,2026-05-31
https://www.creadev.com,Creadev official site,official_site,primary,public web,Curated wave9 by claude session.,2026-05-31
https://www.jabholco.com,JAB Holding Company official site,official_site,primary,public web,Curated wave9 by claude session.,2026-05-31
https://www.skion.de,SKion official site,official_site,primary,public web,Curated wave9 by claude session.,2026-05-31
https://olayan.com,The Olayan Group official site,official_site,primary,public web,Curated wave9 by claude session.,2026-05-31
https://www.wittington-investments.co.uk,Wittington Investments official site,official_site,primary,public web,Curated wave9 by claude session.,2026-05-31
https://mansuetoffice.com,Mansueto Office official site,official_site,primary,public web,Curated wave9 by claude session.,2026-05-31
https://www.bghcapital.com/,BGH Capital official site,official_site,primary,public web,Curated wave9 by claude session.,2026-05-31
https://www.crescentcap.com.au/,Crescent Capital Partners official site,official_site,primary,public web,Curated wave9 by claude session.,2026-05-31
https://www.anchoragecapital.com.au/,Anchorage Capital Partners official site,official_site,primary,public web,Curated wave9 by claude session.,2026-05-31
https://pemba.com.au/,Pemba Capital Partners official site,official_site,primary,public web,Curated wave9 by claude session.,2026-05-31
https://www.mercurycapital.com.au/,Mercury Capital official site,official_site,primary,public web,Curated wave9 by claude session.,2026-05-31
https://genesiscapital.com.au/,Genesis Capital official site,official_site,primary,public web,Curated wave9 by claude session.,2026-05-31
https://www.directcapital.co.nz/,Direct Capital official site,official_site,primary,public web,Curated wave9 by claude session.,2026-05-31
https://gresham.au/,Gresham Capital Partners official site,official_site,primary,public web,Curated wave9 by claude session.,2026-05-31
https://www.archercapital.com.au/,Archer Capital official site,official_site,primary,public web,Curated wave9 by claude session.,2026-05-31
https://www.viburnumfunds.com.au/,Viburnum Funds official site,official_site,primary,public web,Curated wave9 by claude session.,2026-05-31
https://nextcapital.com.au/,Next Capital official site,official_site,primary,public web,Curated wave9 by claude session.,2026-05-31
https://advent.com.au/,Advent Partners official site,official_site,primary,public web,Curated wave9 by claude session.,2026-05-31
https://www.tanarra.com/,Tanarra Capital official site,official_site,primary,public web,Curated wave9 by claude session.,2026-05-31
https://www.metrics.com.au/,Metrics Credit Partners official site,official_site,primary,public web,Curated wave9 by claude session.,2026-05-31
https://oceaniacapital.com.au/,Oceania Capital Partners official site,official_site,primary,public web,Curated wave9 by claude session.,2026-05-31
https://www.ironbridge.com.au/,Ironbridge Capital official site,official_site,primary,public web,Curated wave9 by claude session.,2026-05-31
https://www.nambawansuper.com.pg/,Nambawan Super official site,official_site,primary,public web,Curated wave9 by claude session.,2026-05-31
https://www.nasfund.com.pg/,NASFUND official site,official_site,primary,public web,Curated wave9 by claude session.,2026-05-31
https://www.vnpf.com.vu/,Vanuatu National Provident Fund official site,official_site,primary,public web,Curated wave9 by claude session.,2026-05-31
https://www.cinsf.com/,Cook Islands National Superannuation Fund official site,official_site,primary,public web,Curated wave9 by claude session.,2026-05-31
https://www.fdb.com.fj/,Fiji Development Bank official site,official_site,primary,public web,Curated wave9 by claude session.,2026-05-31
https://www.simplicity.kiwi/,Simplicity NZ official site,official_site,primary,public web,Curated wave9 by claude session.,2026-05-31
https://ngaitahu.iwi.nz/,Ngai Tahu Holdings official site,official_site,primary,public web,Curated wave9 by claude session.,2026-05-31
https://www.seraphim.vc,Seraphim Space official site,official_site,primary,public web,Curated wave9 by claude session.,2026-05-31
https://spacecapital.com,Space Capital official site,official_site,primary,public web,Curated wave9 by claude session.,2026-05-31
https://quantonation.com,Quantonation official site,official_site,primary,public web,Curated wave9 by claude session.,2026-05-31
https://www.amventures.com,AM Ventures official site,official_site,primary,public web,Curated wave9 by claude session.,2026-05-31
https://2150.vc,2150 official site,official_site,primary,public web,Curated wave9 by claude session.,2026-05-31
https://wireframevc.com,Wireframe Ventures official site,official_site,primary,public web,Curated wave9 by claude session.,2026-05-31
https://concept.vc,Concept Ventures official site,official_site,primary,public web,Curated wave9 by claude session.,2026-05-31
https://www.bonfirevc.com,Bonfire Ventures official site,official_site,primary,public web,Curated wave9 by claude session.,2026-05-31
https://www.mfvpartners.com,MFV Partners official site,official_site,primary,public web,Curated wave9 by claude session.,2026-05-31
https://www.regen.vc,ReGen Ventures official site,official_site,primary,public web,Curated wave9 by claude session.,2026-05-31
https://www.hcvc.co,HCVC (Hardware Club) official site,official_site,primary,public web,Curated wave9 by claude session.,2026-05-31
https://www.angularventures.com,Angular Ventures official site,official_site,primary,public web,Curated wave9 by claude session.,2026-05-31
https://www.primemoverslab.com,Prime Movers Lab official site,official_site,primary,public web,Curated wave9 by claude session.,2026-05-31
https://www.unshackledvc.com,Unshackled Ventures official site,official_site,primary,public web,Curated wave9 by claude session.,2026-05-31
https://www.playground.vc,Playground Global official site,official_site,primary,public web,Curated wave9 by claude session.,2026-05-31
https://operatorpartners.com,Operator Partners official site,official_site,primary,public web,Curated wave9 by claude session.,2026-05-31
https://www.openocean.vc,OpenOcean official site,official_site,primary,public web,Curated wave9 by claude session.,2026-05-31
https://www.thirdsphere.com,Third Sphere official site,official_site,primary,public web,Curated wave9 by claude session.,2026-05-31
https://lifelineventures.com,Lifeline Ventures official site,official_site,primary,public web,Curated wave9 by claude session.,2026-05-31
https://www.highvc.co.uk/,Highland Venture Capital official site,official_site,primary,public web,Curated final by claude session.,2026-05-31
https://velocitypartners.vc/,Velocity.Partners Venture Capital official site,official_site,primary,public web,Curated final by claude session.,2026-05-31
https://www.stellamaris.mx/,Stella Maris Partners official site,official_site,primary,public web,Curated final by claude session.,2026-05-31
https://www.lotecapital.com/,LOTE Capital (Living On The Edge Capital) official site,official_site,primary,public web,Curated final by claude session.,2026-05-31
https://www.vitosha.vc/,Vitosha Venture Partners official site,official_site,primary,public web,Curated final by claude session.,2026-05-31
https://catalystromania.com/,Catalyst Romania official site,official_site,primary,public web,Curated final by claude session.,2026-05-31
https://www.prestoventures.com/,Presto Ventures official site,official_site,primary,public web,Curated final by claude session.,2026-05-31
https://www.crescentcapital.co.uk/,Crescent Capital NI official site,official_site,primary,public web,Curated final by claude session.,2026-05-31
https://f-ventures.vc/,F Ventures official site,official_site,primary,public web,Curated final by claude session.,2026-05-31
https://www.chasingrainbows.vc/,Chasing Rainbows VC official site,official_site,primary,public web,Curated final by claude session.,2026-05-31
https://pride.vc/,Pride VC (The Pride Fund) official site,official_site,primary,public web,Curated final by claude session.,2026-05-31
https://www.pelorusvc.com/,Pelorus VC official site,official_site,primary,public web,Curated final by claude session.,2026-05-31
https://numusfinancial.com/,Numus Financial official site,official_site,primary,public web,Curated final by claude session.,2026-05-31
https://www.fidelis.ventures/,Fidelis Ventures official site,official_site,primary,public web,Curated final by claude session.,2026-05-31
https://www.kogito-ventures.com/,Kogito Ventures official site,official_site,primary,public web,Curated final by claude session.,2026-05-31
https://gohub.vc/about/,GoHub Ventures official site,official_site,primary,public web,Curated final by claude session.,2026-05-31
https://tecpier.vc/,TecPier official site,official_site,primary,public web,Curated final by claude session.,2026-05-31
https://www.onewayvc.com/,One Way Ventures official site,official_site,primary,public web,Curated final by claude session.,2026-05-31
https://geek.vc/,Geek Ventures official site,official_site,primary,public web,Curated final by claude session.,2026-05-31
https://jumpstart.vc/,JumpStart Ventures official site,official_site,primary,public web,Curated final by claude session.,2026-05-31
https://www.lbbwvc.de/,LBBW Venture Capital official site,official_site,primary,public web,Curated final by claude session.,2026-05-31
https://www.maetch.vc/,Mätch VC official site,official_site,primary,public web,Curated final by claude session.,2026-05-31
https://www.m25vc.com/,M25 official site,official_site,primary,public web,Curated final by claude session.,2026-05-31
https://elevateventures.com/,Elevate Ventures official site,official_site,primary,public web,Curated final by claude session.,2026-05-31
https://www.mercia.co.uk/,Mercia official site,official_site,primary,public web,Curated final by claude session.,2026-05-31
https://cintrifusecapital.com/,Cintrifuse Capital official site,official_site,primary,public web,Curated final by claude session.,2026-05-31
https://topicus.com,Topicus.com official site,official_site,primary,public web,Curated round10 by claude session.,2026-06-01
https://www.chaptersgroup.com,CHAPTERS Group AG official site,official_site,primary,public web,Curated round10 by claude session.,2026-06-01
https://www.roko.se,Röko AB official site,official_site,primary,public web,Curated round10 by claude session.,2026-06-01
https://www.lifco.se,Lifco AB official site,official_site,primary,public web,Curated round10 by claude session.,2026-06-01
https://www.totalspecificsolutions.com,Total Specific Solutions (TSS) official site,official_site,primary,public web,Curated round10 by claude session.,2026-06-01
https://missionpethealth.com,Mission Pet Health official site,official_site,primary,public web,Curated round10 by claude session.,2026-06-01
https://www.nva.com,National Veterinary Associates official site,official_site,primary,public web,Curated round10 by claude session.,2026-06-01
https://www.ethosvet.com,Ethos Veterinary Health official site,official_site,primary,public web,Curated round10 by claude session.,2026-06-01
https://www.eyecare-partners.com,EyeCare Partners official site,official_site,primary,public web,Curated round10 by claude session.,2026-06-01
https://www.eyesouthpartners.com,EyeSouth Partners official site,official_site,primary,public web,Curated round10 by claude session.,2026-06-01
https://www.eyehealthamerica.com,Eye Health America official site,official_site,primary,public web,Curated round10 by claude session.,2026-06-01
https://www.retinaconsultantsofamerica.com,Retina Consultants of America official site,official_site,primary,public web,Curated round10 by claude session.,2026-06-01
https://landscapeworkshop.com,Landscape Workshop official site,official_site,primary,public web,Curated round10 by claude session.,2026-06-01
https://www.anticimex.com,Anticimex official site,official_site,primary,public web,Curated round10 by claude session.,2026-06-01
https://www.drivenbrands.com,Driven Brands official site,official_site,primary,public web,Curated round10 by claude session.,2026-06-01
https://sellerx.com,SellerX official site,official_site,primary,public web,Curated round10 by claude session.,2026-06-01
https://www.accelclub.com,Accel Club official site,official_site,primary,public web,Curated round10 by claude session.,2026-06-01
https://www.cambrian.vc/,Cambrian Ventures official site,official_site,primary,public web,Curated round10 by claude session.,2026-06-01
https://www.openseed.vc,Openseed official site,official_site,primary,public web,Curated round10 by claude session.,2026-06-01
https://www.anamcaracapital.com,Anamcara Capital official site,official_site,primary,public web,Curated round10 by claude session.,2026-06-01
https://www.systemone.vc,System.One official site,official_site,primary,public web,Curated round10 by claude session.,2026-06-01
https://enza.capital,Enza Capital official site,official_site,primary,public web,Curated round10 by claude session.,2026-06-01
https://backfuture.vc,Backfuture official site,official_site,primary,public web,Curated round10 by claude session.,2026-06-01
https://www.deerpathcapital.com,Deerpath Capital official site,official_site,primary,public web,Curated round10 by claude session.,2026-06-01
https://www.capitalagroup.com,Capitala Group official site,official_site,primary,public web,Curated round10 by claude session.,2026-06-01
https://www.encinacapital.com,Encina Capital Partners official site,official_site,primary,public web,Curated round10 by claude session.,2026-06-01
https://saratogainvestmentcorp.com,Saratoga Investment Corp official site,official_site,primary,public web,Curated round10 by claude session.,2026-06-01
https://www.essencevc.fund/,Essence VC (Essence Venture Capital) official site,official_site,primary,public web,Curated tech_round1 by claude session.,2026-06-01
https://active.vc/,Active Capital official site,official_site,primary,public web,Curated tech_round1 by claude session.,2026-06-01
https://moderntechnicalfund.com/,Modern Technical Fund (MTF) official site,official_site,primary,public web,Curated tech_round1 by claude session.,2026-06-01
https://www.picksandshovelsvc.com/,Picks and Shovels official site,official_site,primary,public web,Curated tech_round1 by claude session.,2026-06-01
http://www.recursiveventures.com/,Recursive Ventures official site,official_site,primary,public web,Curated tech_round1 by claude session.,2026-06-01
https://aifund.ai/,AI Fund official site,official_site,primary,public web,Curated tech_round1 by claude session.,2026-06-01
https://ventures.danmartell.com/,Martell Ventures official site,official_site,primary,public web,Curated tech_round1 by claude session.,2026-06-01
https://firstprinciples.io/,FirstPrinciples official site,official_site,primary,public web,Curated tech_round1 by claude session.,2026-06-01
https://www.vernehq.com,Verne official site,official_site,primary,public web,Curated tech_round1 by claude session.,2026-06-01
https://forkequity.com,Fork Equity official site,official_site,primary,public web,Curated tech_round1 by claude session.,2026-06-01
https://element-finance.webflow.io/,Element Finance (Element SaaS Finance) official site,official_site,primary,public web,Curated tech_round1 by claude session.,2026-06-01
https://www.invsholdings.co.uk/,Invincible Software Holdings (ISH) official site,official_site,primary,public web,Curated tech_round1 by claude session.,2026-06-01
https://www.growthcapitalventures.co.uk/gcv-labs-venture-builder,GCV Labs official site,official_site,primary,public web,Curated tech_round1 by claude session.,2026-06-01
https://markd.vc/,Markd official site,official_site,primary,public web,Curated tech_round1 by claude session.,2026-06-01
https://www.fifthwall.com/,Fifth Wall official site,official_site,primary,public web,Curated tech_round1 by claude session.,2026-06-01
https://www.1982.vc/,1982 Ventures official site,official_site,primary,public web,Curated tech_round1 by claude session.,2026-06-01
https://www.iterative.vc/,Iterative official site,official_site,primary,public web,Curated tech_round1 by claude session.,2026-06-01
https://www.ouicapital.vc/,Oui Capital official site,official_site,primary,public web,Curated tech_round1 by claude session.,2026-06-01
https://horizencapital.com/tech-fund/,HoriZen Capital official site,official_site,primary,public web,Curated tech_round1 by claude session.,2026-06-01
https://www.nif.fund/about,Nif web discovery source,web_search_result,unknown,public web,Discovered by research-agent web search run run-b3ad69b9c4d4; requires verification.,2026-06-02
https://carsoncompany.app/About,Carsoncompany web discovery source,web_search_result,unknown,public web,Discovered by research-agent web search run run-5635af6e5e72; requires verification.,2026-06-02
https://www.alfastar.capital,Patient Capital for EU Deep Tech web discovery source,web_search_result,unknown,public web,Discovered by research-agent web search run run-5635af6e5e72; requires verification.,2026-06-02
https://www.boxfund.co.uk/,Boxfund official site,official_site,primary,public web,Curated antipl-2026-06-15 by claude session.,2026-06-15
https://sts-ventures.de/,STS Ventures official site,official_site,primary,public web,Curated antipl-2026-06-15 by claude session.,2026-06-15
https://rhino.investments,Rhino Impact Fund (Rhino Investments) official site,official_site,primary,public web,Curated antipl-2026-06-15 by claude session.,2026-06-15
https://www.camel.ventures,Camel Ventures official site,official_site,primary,public web,Curated antipl-2026-06-15 by claude session.,2026-06-15
https://www.ariventurestudio.ai,ARI Venture Studio official site,official_site,primary,public web,Curated antipl-2026-06-15 by claude session.,2026-06-15
https://everoakholdings.com/,Everoak Holdings official site,official_site,primary,public web,Curated horizon-2026-06-15 by claude session.,2026-06-15
https://lykossovereign.com/,Lykos Sovereign Group official site,official_site,primary,public web,Curated horizon-2026-06-15 by claude session.,2026-06-15
https://www.cembraholdings.com/,Cembra Holding Company official site,official_site,primary,public web,Curated horizon-2026-06-15 by claude session.,2026-06-15
https://www.perpetuogroup.com/,Perpetuo Group official site,official_site,primary,public web,Curated horizon-2026-06-15 by claude session.,2026-06-15
https://fillmorelp.com/,Fillmore Partners official site,official_site,primary,public web,Curated horizon-2026-06-15 by claude session.,2026-06-15
https://permanentcorp.com/,Permanent Corp official site,official_site,primary,public web,Curated horizon-2026-06-15 by claude session.,2026-06-15
https://junagal.com/,Junagal official site,official_site,primary,public web,Curated horizon-2026-06-15 by claude session.,2026-06-15
https://sprinter.studio/,Sprinter Studio official site,official_site,primary,public web,Curated horizon-2026-06-15 by claude session.,2026-06-15
https://tolomato.com/,Tolomato official site,official_site,primary,public web,Curated horizon-2026-06-15 by claude session.,2026-06-15
https://vesper.vc/,Vesper official site,official_site,primary,public web,Curated horizon-2026-06-15 by claude session.,2026-06-15
https://perpetun.com/,Perpetun official site,official_site,primary,public web,Curated horizon-2026-06-15 by claude session.,2026-06-15
https://teixo.co/,Teixo official site,official_site,primary,public web,Curated horizon-2026-06-15 by claude session.,2026-06-15
https://victorinusgroup.com/,VictorinusGroup official site,official_site,primary,public web,Curated horizon-2026-06-15 by claude session.,2026-06-15
https://www.kindredpartners.au/,Kindred Partners official site,official_site,primary,public web,Curated horizon-2026-06-15 by claude session.,2026-06-15
https://heronshaw.com/,Heronshaw official site,official_site,primary,public web,Curated horizon-2026-06-15 by claude session.,2026-06-15
https://elmorecompanies.com/,Elmore Companies official site,official_site,primary,public web,Curated horizon-2026-06-15 by claude session.,2026-06-15
https://n-industries.co.uk/,n Industries official site,official_site,primary,public web,Curated horizon-2026-06-15 by claude session.,2026-06-15
https://www.centerfieldcapital.com/,Centerfield Capital Partners official site,official_site,primary,public web,Curated horizon-2026-06-15 by claude session.,2026-06-15
